true_id,first_name,last_name,mother_name,dob,sex,phone,household_id,cluster_id,facility_id,vaccines
GT-0001,Esther,Diallo,Mariam Diallo,2026-02-08,F,+233259302863,H-0112,C-03,F-03,BCG:2026-02-16
GT-0002,Amina,Smith,Grace Smith,2025-08-07,F,+233226395999,H-0331,C-09,F-04,BCG:2025-08-15|DTP2:2025-11-04|DTP3:2025-11-16|MCV1:2026-05-22
GT-0003,Ali,Toure,Amina Toure,2026-05-19,M,+233254762841,H-0233,C-06,F-01,BCG:2026-05-21|DTP2:2026-08-25
GT-0004,David,Ali,Mary Ali,2025-06-14,M,+233241272553,H-0065,C-02,F-02,BCG:2025-06-19|DTP1:2025-08-20|DTP2:2025-09-01|DTP3:2025-10-03|MCV1:2026-04-01
GT-0005,Samuel,Kamara,Grace Kamara,2025-11-07,M,+233227447248,H-0397,C-10,F-04,BCG:2025-11-09|DTP1:2025-12-31|DTP2:2026-02-04|MCV1:2026-08-23
GT-0006,David,Kamara,Fatoumata Kamara,2026-07-31,M,+233258082464,H-0129,C-03,F-03,BCG:2026-08-20|DTP1:2026-09-23
GT-0007,Amina,Osei,Grace Osei,2026-05-15,F,+233227013243,H-0122,C-03,F-03,BCG:2026-05-29|DTP2:2026-08-03|DTP3:2026-09-11
GT-0008,David,Johnson,Esther Johnson,2024-08-19,M,+233278885632,H-0216,C-06,F-01,BCG:2024-09-03|DTP1:2024-10-18|DTP2:2024-10-31|DTP3:2024-12-17|MCV1:2025-06-10
GT-0009,Joy,Diallo,Elizabeth Diallo,2026-06-03,F,+233298436473,H-0056,C-01,F-01,DTP1:2026-07-31|DTP2:2026-08-25|DTP3:2026-09-28
GT-0010,Amina,Kamara,Esther Kamara,2024-05-30,F,+233267213476,H-0155,C-04,F-04,BCG:2024-06-07|DTP1:2024-07-12|DTP2:2024-08-17|DTP3:2024-09-21
GT-0011,Esther,Mensah,Sarah Mensah,2024-11-09,F,+233291644298,H-0056,C-01,F-01,BCG:2024-12-08|DTP1:2024-12-25|DTP2:2025-01-27|DTP3:2025-02-24|MCV1:2025-08-06|MCV2:2026-05-24
GT-0012,Kwame,Toure,Elizabeth Toure,2024-11-03,M,+233261124122,H-0034,C-01,F-01,BCG:2024-11-05|DTP1:2025-01-10|MCV1:2025-08-06
GT-0013,Esther,Ali,Elizabeth Ali,2024-04-01,F,+233223311507,H-0272,C-07,F-02,BCG:2024-04-08|DTP1:2024-05-23|DTP2:2024-06-25|DTP3:2024-07-22|MCV1:2025-01-06
GT-0014,Ibrahim,Diallo,Aisha Diallo,2024-02-18,M,+233240667888,H-0360,C-10,F-04,BCG:2024-02-29|DTP1:2024-04-13|DTP2:2024-05-01|DTP3:2024-06-20|MCV2:2025-09-09
GT-0015,Aisha,Smith,Sarah Smith,2024-11-28,F,+233267279295,H-0174,C-04,F-04,BCG:2024-12-06|DTP1:2025-01-23|DTP2:2025-02-13|DTP3:2025-03-30|MCV2:2026-06-14
GT-0016,Mariam,Osei,Esther Osei,2026-04-15,F,+233222243983,H-0341,C-09,F-04,BCG:2026-04-28|DTP1:2026-05-27|DTP2:2026-06-26|DTP3:2026-08-08
GT-0017,John,Mensah,Mariam Mensah,2025-12-07,M,+233284674816,H-0044,C-01,F-01,BCG:2025-12-17|DTP1:2026-02-07|DTP2:2026-03-11|DTP3:2026-03-15|MCV1:2026-09-12
GT-0018,Sarah,Smith,Mariam Smith,2024-04-16,F,+233216904975,H-0301,C-08,F-03,BCG:2024-05-15|DTP1:2024-06-02|DTP2:2024-07-12|DTP3:2024-07-29|MCV1:2025-02-06|MCV2:2025-10-11
GT-0019,Mariam,Mensah,Elizabeth Mensah,2023-10-26,F,+233238553319,H-0308,C-08,F-03,BCG:2023-11-17|DTP1:2023-12-27|DTP2:2024-01-07|DTP3:2024-02-07|MCV1:2024-07-29|MCV2:2025-04-29
GT-0020,Mary,Mensah,Mariam Mensah,2024-08-08,F,+233225419645,H-0337,C-09,F-04,BCG:2024-09-08|DTP1:2024-10-14|MCV2:2026-02-03
GT-0021,John,Ali,Elizabeth Ali,2026-07-08,M,+233291737913,H-0143,C-04,F-04,BCG:2026-07-13|DTP1:2026-08-25
GT-0022,Amina,Osei,Grace Osei,2024-12-06,F,+233255610493,H-0337,C-09,F-04,BCG:2024-12-26|DTP1:2025-02-06|DTP2:2025-02-15|MCV1:2025-09-29|MCV2:2026-06-24
GT-0023,Emmanuel,Toure,Aisha Toure,2026-04-10,M,+233229042093,H-0004,C-01,F-01,BCG:2026-04-18|DTP1:2026-06-16|DTP2:2026-06-23
GT-0024,David,Ali,Mary Ali,2024-07-21,M,+233266348963,H-0325,C-09,F-04,DTP2:2024-10-01|MCV1:2025-05-06|MCV2:2026-01-28
GT-0025,Kofi,Sow,Mariam Sow,2026-03-10,M,+233217061037,H-0175,C-04,F-04,BCG:2026-04-08|DTP1:2026-05-07|DTP2:2026-06-04|DTP3:2026-06-26
GT-0026,David,Sow,Esther Sow,2024-04-14,M,+233275184410,H-0081,C-02,F-02,BCG:2024-05-01|DTP1:2024-06-17|DTP3:2024-08-08|MCV1:2025-02-07
GT-0027,Grace,Diallo,Joy Diallo,2026-01-09,F,+233256328316,H-0227,C-06,F-01,BCG:2026-01-16|DTP1:2026-02-26|DTP2:2026-03-27|DTP3:2026-04-26
GT-0028,Elizabeth,Johnson,Joy Johnson,2024-12-07,F,+233216095815,H-0057,C-01,F-01,BCG:2024-12-20|DTP1:2025-02-16|DTP3:2025-03-17|MCV1:2025-09-05|MCV2:2026-06-16
GT-0029,Muhammad,Diallo,Grace Diallo,2025-06-24,M,+233228419343,H-0203,C-06,F-01,BCG:2025-07-13|DTP1:2025-08-21|DTP2:2025-09-15|DTP3:2025-10-13|MCV1:2026-04-15
GT-0030,Mariam,Mensah,Amina Mensah,2023-11-16,F,+233267801537,H-0131,C-03,F-03,BCG:2023-11-25|DTP1:2024-01-02|DTP2:2024-02-02|DTP3:2024-03-04|MCV2:2025-05-25
GT-0031,Joy,Diallo,Joy Diallo,2024-09-04,F,+233219673809,H-0067,C-02,F-02,BCG:2024-09-25|DTP1:2024-10-24|DTP3:2024-12-13|MCV1:2025-06-18|MCV2:2026-03-04
GT-0032,John,Kamara,Esther Kamara,2026-03-24,M,+233252018286,H-0380,C-10,F-04,BCG:2026-04-02|DTP1:2026-05-31|DTP2:2026-06-29|DTP3:2026-07-22
GT-0033,Aisha,Sow,Sarah Sow,2024-05-23,F,+233212799319,H-0220,C-06,F-01,BCG:2024-05-28|DTP2:2024-08-24|DTP3:2024-09-06|MCV1:2025-02-26|MCV2:2025-11-25
GT-0034,Mariam,Mensah,Aisha Mensah,2026-01-26,F,+233242657384,H-0088,C-02,F-02,BCG:2026-02-08
GT-0035,Joy,Mensah,Aisha Mensah,2024-12-03,F,+233255568701,H-0302,C-08,F-03,BCG:2024-12-24|DTP1:2025-02-07|MCV1:2025-09-22
GT-0036,David,Ali,Sarah Ali,2023-10-21,M,+233236025314,H-0171,C-04,F-04,BCG:2023-11-07|DTP1:2023-12-19|DTP2:2024-01-22|MCV1:2024-07-19|MCV2:2025-04-19
GT-0037,Mariam,Osei,Mary Osei,2026-02-01,F,+233229655410,H-0398,C-10,F-04,BCG:2026-03-04|DTP1:2026-03-21|DTP2:2026-05-09|DTP3:2026-05-21
GT-0038,Samuel,Osei,Sarah Osei,2025-09-02,M,+233294281857,H-0102,C-02,F-02,BCG:2025-09-30|DTP1:2025-11-13|DTP2:2025-11-26
GT-0039,Elizabeth,Toure,Mariam Toure,2024-11-21,F,+233230261159,H-0238,C-06,F-01,BCG:2024-12-05|DTP1:2025-01-26|DTP2:2025-02-23|DTP3:2025-03-08|MCV1:2025-08-18|MCV2:2026-05-16
GT-0040,Esther,Sow,Grace Sow,2026-05-07,F,+233257236885,H-0035,C-01,F-01,DTP1:2026-07-18|DTP3:2026-09-07
GT-0041,Esther,Johnson,Amina Johnson,2026-05-06,F,+233259491122,H-0038,C-01,F-01,BCG:2026-05-26|DTP1:2026-06-29|DTP3:2026-08-24
GT-0042,David,Toure,Elizabeth Toure,2023-10-27,M,+233261604364,H-0147,C-04,F-04,BCG:2023-11-09|DTP1:2023-12-11|DTP2:2024-02-04|DTP3:2024-03-01|MCV1:2024-07-28|MCV2:2025-05-06
GT-0043,Moussa,Toure,Mary Toure,2024-11-10,M,+233291202508,H-0298,C-08,F-03,BCG:2024-12-07|DTP1:2025-01-06|DTP2:2025-01-25|DTP3:2025-03-18|MCV1:2025-08-13|MCV2:2026-05-25
GT-0044,Muhammad,Johnson,Sarah Johnson,2024-09-26,M,+233221318464,H-0257,C-07,F-02,BCG:2024-10-11|DTP1:2024-11-23|DTP2:2024-12-15|MCV1:2025-06-28
GT-0045,Muhammad,Diallo,Esther Diallo,2024-03-14,M,+233280339290,H-0331,C-09,F-04,BCG:2024-03-28|DTP1:2024-04-27|DTP2:2024-06-20|MCV1:2024-12-15|MCV2:2025-10-01
GT-0046,Kofi,Keita,Grace Keita,2024-06-28,M,+233264864099,H-0313,C-08,F-03,BCG:2024-07-14|DTP1:2024-08-27|DTP3:2024-10-20|MCV1:2025-04-08|MCV2:2025-12-20
GT-0047,Kofi,Mensah,Mariam Mensah,2026-02-18,M,+233284888554,H-0174,C-04,F-04,DTP1:2026-04-27|DTP2:2026-05-24|DTP3:2026-06-06
GT-0048,Grace,Toure,Fatoumata Toure,2024-10-17,F,+233220939011,H-0198,C-06,F-01,DTP2:2025-01-13|DTP3:2025-01-25|MCV1:2025-08-11
GT-0049,Kofi,Sow,Aisha Sow,2025-12-09,M,+233289865081,H-0340,C-09,F-04,BCG:2026-01-05|DTP1:2026-01-29|DTP2:2026-03-15|MCV1:2026-09-12
GT-0050,Joy,Smith,Mariam Smith,2025-12-12,F,+233299941500,H-0044,C-01,F-01,BCG:2026-01-01|DTP1:2026-02-06|DTP2:2026-03-13|DTP3:2026-04-07
GT-0051,John,Ali,Mariam Ali,2026-07-24,M,+233258667035,H-0379,C-10,F-04,
GT-0052,Kofi,Johnson,Mary Johnson,2025-05-24,M,+233228463709,H-0093,C-02,F-02,BCG:2025-06-22|DTP1:2025-07-14|DTP2:2025-08-04|DTP3:2025-09-22
GT-0053,Sarah,Ali,Joy Ali,2026-06-14,F,+233298842638,H-0040,C-01,F-01,DTP1:2026-08-19|DTP2:2026-09-03|DTP3:2026-09-23
GT-0054,Samuel,Smith,Fatoumata Smith,2025-10-02,M,+233234272734,H-0393,C-10,F-04,BCG:2025-10-27|DTP1:2025-11-27|DTP2:2025-12-17|DTP3:2026-01-22|MCV1:2026-07-19
GT-0055,Moussa,Kamara,Aisha Kamara,2024-08-14,M,+233241880763,H-0355,C-09,F-04,BCG:2024-09-07|DTP1:2024-10-05|DTP2:2024-11-19|DTP3:2024-11-21|MCV1:2025-05-14
GT-0056,Esther,Diallo,Joy Diallo,2025-04-28,F,+233251536077,H-0313,C-08,F-03,BCG:2025-05-20|DTP1:2025-06-24|DTP2:2025-07-09|DTP3:2025-08-11|MCV1:2026-02-06
GT-0057,Kofi,Toure,Esther Toure,2024-01-28,M,+233247818761,H-0241,C-07,F-02,BCG:2024-02-24|DTP1:2024-03-15|DTP2:2024-04-07|DTP3:2024-05-10|MCV1:2024-11-10
GT-0058,Fatoumata,Diallo,Elizabeth Diallo,2025-11-20,F,+233243554863,H-0196,C-06,F-01,BCG:2025-12-12|DTP1:2026-01-22|DTP2:2026-02-12|DTP3:2026-03-04|MCV1:2026-09-14
GT-0059,Mariam,Ali,Sarah Ali,2023-10-09,F,+233226733967,H-0329,C-09,F-04,BCG:2023-10-16|DTP1:2023-11-21|MCV1:2024-07-27
GT-0060,Kwame,Johnson,Joy Johnson,2025-11-02,M,+233268716573,H-0043,C-01,F-01,BCG:2025-11-25|DTP1:2025-12-15|DTP2:2026-01-12|MCV1:2026-08-28
GT-0061,Mariam,Kamara,Aisha Kamara,2026-05-13,F,+233263211150,H-0114,C-03,F-03,BCG:2026-06-12|DTP1:2026-06-26|DTP2:2026-07-22
GT-0062,John,Mensah,Mariam Mensah,2025-05-28,M,+233213783268,H-0192,C-06,F-01,BCG:2025-06-04|DTP1:2025-07-11|DTP2:2025-09-03|DTP3:2025-09-29
GT-0063,Fatoumata,Osei,Amina Osei,2025-01-20,F,+233273411827,H-0051,C-01,F-01,BCG:2025-01-26|DTP1:2025-03-19|DTP2:2025-04-10|DTP3:2025-05-18|MCV1:2025-10-23
GT-0064,Esther,Toure,Amina Toure,2026-03-21,F,+233212550658,H-0072,C-02,F-02,BCG:2026-04-04|DTP1:2026-05-08|DTP2:2026-06-09|DTP3:2026-07-09
GT-0065,Ibrahim,Toure,Joy Toure,2024-04-16,M,+233224923247,H-0111,C-03,F-03,BCG:2024-04-17|DTP1:2024-06-11|DTP2:2024-07-16|MCV1:2025-01-22|MCV2:2025-11-05
GT-0066,Kwame,Mensah,Amina Mensah,2025-04-29,M,+233266348030,H-0148,C-04,F-04,BCG:2025-05-09|DTP1:2025-06-25|DTP3:2025-08-22|MCV1:2026-02-22
GT-0067,Sarah,Mensah,Esther Mensah,2026-07-28,F,+233294819556,H-0319,C-09,F-04,BCG:2026-08-03|DTP1:2026-09-11
GT-0068,Emmanuel,Sow,Aisha Sow,2026-08-27,M,+233292518345,H-0295,C-08,F-03,BCG:2026-09-17
GT-0069,Fatoumata,Mensah,Joy Mensah,2024-08-22,F,+233219083764,H-0124,C-03,F-03,BCG:2024-09-13|DTP2:2024-11-04|DTP3:2024-12-18|MCV1:2025-06-10|MCV2:2026-03-12
GT-0070,John,Johnson,Amina Johnson,2024-06-29,M,+233260103798,H-0279,C-07,F-02,BCG:2024-07-02|DTP1:2024-08-29|DTP3:2024-10-21|MCV1:2025-04-02|MCV2:2026-01-12
GT-0071,Kofi,Mensah,Mariam Mensah,2025-04-24,M,+233298195059,H-0383,C-10,F-04,DTP1:2025-06-24|DTP2:2025-07-06|DTP3:2025-08-23|MCV1:2026-01-26
GT-0072,Fatoumata,Kamara,Mariam Kamara,2024-10-06,F,+233296274567,H-0054,C-01,F-01,BCG:2024-10-08|DTP1:2024-12-02|DTP2:2024-12-19|DTP3:2025-02-01|MCV1:2025-08-01
GT-0073,Esther,Osei,Fatoumata Osei,2026-04-23,F,+233271428713,H-0351,C-09,F-04,DTP1:2026-07-02|DTP2:2026-07-10|DTP3:2026-08-24
GT-0074,Muhammad,Diallo,Amina Diallo,2024-11-22,M,+233251617680,H-0151,C-04,F-04,BCG:2024-12-09|DTP1:2025-01-16|DTP2:2025-02-09|MCV1:2025-09-11|MCV2:2026-05-23
GT-0075,Grace,Kamara,Mary Kamara,2025-01-22,F,+233257912262,H-0204,C-06,F-01,BCG:2025-01-24|DTP2:2025-04-09|MCV1:2025-10-26
GT-0076,Grace,Mensah,Mariam Mensah,2024-03-19,F,+233263690013,H-0025,C-01,F-01,BCG:2024-03-30|DTP1:2024-05-20|DTP2:2024-06-24|DTP3:2024-07-25|MCV1:2025-01-03
GT-0077,Mariam,Osei,Esther Osei,2023-11-16,F,+233259304469,H-0226,C-06,F-01,DTP1:2024-01-02|DTP2:2024-02-20|MCV1:2024-08-28|MCV2:2025-06-01
GT-0078,Sarah,Smith,Sarah Smith,2024-04-01,F,+233290859912,H-0266,C-07,F-02,BCG:2024-04-07|DTP1:2024-05-20|DTP2:2024-06-29|DTP3:2024-07-17|MCV1:2025-01-26
GT-0079,Mariam,Mensah,Sarah Mensah,2024-10-28,F,+233298707076,H-0093,C-02,F-02,BCG:2024-11-23|DTP1:2025-01-08|DTP3:2025-02-08|MCV1:2025-08-07|MCV2:2026-05-14
GT-0080,Elizabeth,Smith,Fatoumata Smith,2024-03-04,F,+233257183837,H-0157,C-04,F-04,BCG:2024-03-09|DTP1:2024-05-10|DTP2:2024-06-06|DTP3:2024-07-07|MCV1:2024-12-28
GT-0081,Elizabeth,Smith,Grace Smith,2026-05-05,F,+233220071854,H-0022,C-01,F-01,BCG:2026-05-10|DTP1:2026-06-21|DTP2:2026-07-28|DTP3:2026-08-20
GT-0082,Mariam,Ali,Fatoumata Ali,2026-06-28,F,+233229163535,H-0327,C-09,F-04,BCG:2026-07-18|DTP1:2026-08-19|DTP2:2026-09-21
GT-0083,Amina,Osei,Sarah Osei,2025-05-04,F,+233296592295,H-0312,C-08,F-03,BCG:2025-06-03|DTP1:2025-06-15|DTP3:2025-08-21|MCV1:2026-02-27
GT-0084,Elizabeth,Kamara,Elizabeth Kamara,2025-10-20,F,+233270387584,H-0186,C-06,F-01,BCG:2025-11-02|DTP2:2026-01-13|DTP3:2026-02-13|MCV1:2026-08-14
GT-0085,Sarah,Toure,Fatoumata Toure,2024-08-09,F,+233263423225,H-0191,C-06,F-01,BCG:2024-09-08|DTP1:2024-10-19|DTP2:2024-10-24
GT-0086,Mary,Mensah,Amina Mensah,2025-08-14,F,+233276980546,H-0333,C-09,F-04,BCG:2025-08-26|DTP1:2025-10-10|DTP2:2025-11-03|DTP3:2025-12-10|MCV1:2026-05-24
GT-0087,Kwame,Sow,Esther Sow,2025-06-17,M,+233292124765,H-0199,C-06,F-01,BCG:2025-06-25|DTP1:2025-08-27|DTP3:2025-10-14|MCV1:2026-04-04
GT-0088,Mary,Mensah,Fatoumata Mensah,2026-04-01,F,+233270672142,H-0356,C-09,F-04,BCG:2026-04-10|DTP1:2026-06-12|DTP2:2026-06-18|DTP3:2026-07-26
GT-0089,Sarah,Keita,Mariam Keita,2026-04-20,F,+233283819367,H-0366,C-10,F-04,DTP1:2026-06-01|DTP2:2026-07-01|DTP3:2026-08-25
GT-0090,Fatoumata,Osei,Mariam Osei,2023-10-24,F,+233240097200,H-0149,C-04,F-04,BCG:2023-11-16|DTP1:2024-01-02|DTP2:2024-01-31|DTP3:2024-02-12|MCV1:2024-08-02|MCV2:2025-04-25
GT-0091,Ali,Johnson,Amina Johnson,2024-08-21,M,+233284359498,H-0103,C-02,F-02,BCG:2024-09-08|DTP1:2024-10-14|DTP2:2024-11-22|DTP3:2024-12-25
GT-0092,Joy,Osei,Elizabeth Osei,2026-03-07,F,+233218824561,H-0189,C-06,F-01,BCG:2026-03-26|DTP1:2026-04-29|DTP3:2026-06-19
GT-0093,Joy,Smith,Aisha Smith,2026-04-01,F,+233226821075,H-0204,C-06,F-01,DTP1:2026-05-22|DTP2:2026-06-15
GT-0094,Moussa,Johnson,Joy Johnson,2024-09-24,M,+233227224779,H-0329,C-09,F-04,BCG:2024-09-27|DTP1:2024-11-18|DTP2:2024-12-23|DTP3:2025-01-13|MCV1:2025-07-02|MCV2:2026-03-22
GT-0095,Emmanuel,Smith,Joy Smith,2026-05-09,M,+233226664623,H-0283,C-07,F-02,BCG:2026-05-15|DTP1:2026-06-23|DTP2:2026-08-13|DTP3:2026-08-21
GT-0096,Fatoumata,Osei,Mariam Osei,2025-05-26,F,+233256442431,H-0079,C-02,F-02,BCG:2025-06-01|DTP1:2025-07-13|DTP2:2025-09-01|MCV1:2026-03-21
GT-0097,Kwame,Diallo,Joy Diallo,2025-02-14,M,+233226800072,H-0146,C-04,F-04,BCG:2025-03-14|DTP1:2025-03-30|DTP2:2025-05-07|DTP3:2025-05-25|MCV1:2025-11-29|MCV2:2026-08-23
GT-0098,Ibrahim,Osei,Elizabeth Osei,2025-10-19,M,+233232978158,H-0156,C-04,F-04,BCG:2025-10-23|DTP1:2025-12-08|DTP2:2025-12-28|DTP3:2026-02-19
GT-0099,Elizabeth,Kamara,Amina Kamara,2026-03-17,F,+233216101779,H-0320,C-09,F-04,BCG:2026-04-03|DTP1:2026-05-10|DTP2:2026-06-25
GT-0100,Mary,Toure,Aisha Toure,2026-06-29,F,+233276845536,H-0395,C-10,F-04,DTP1:2026-08-20|DTP2:2026-09-17
GT-0101,Grace,Johnson,Mary Johnson,2024-05-21,F,+233249920898,H-0322,C-09,F-04,BCG:2024-06-19|DTP1:2024-07-12|MCV1:2025-02-27
GT-0102,Emmanuel,Johnson,Aisha Johnson,2023-12-13,M,+233272336371,H-0038,C-01,F-01,DTP3:2024-04-16|MCV1:2024-10-01
GT-0103,Kofi,Keita,Mariam Keita,2024-06-05,M,+233227551135,H-0175,C-04,F-04,DTP1:2024-07-20|DTP3:2024-10-03|MCV1:2025-03-09|MCV2:2025-12-16
GT-0104,Kofi,Diallo,Esther Diallo,2025-12-23,M,+233245899440,H-0190,C-06,F-01,BCG:2026-01-20|DTP1:2026-02-16|DTP2:2026-03-03
GT-0105,David,Kamara,Grace Kamara,2024-07-05,M,+233292594562,H-0127,C-03,F-03,BCG:2024-07-06|DTP1:2024-09-12|DTP2:2024-10-08|DTP3:2024-11-01|MCV1:2025-04-20|MCV2:2026-01-19
GT-0106,Kofi,Toure,Mariam Toure,2025-08-07,M,+233231386576,H-0128,C-03,F-03,BCG:2025-08-10|DTP1:2025-10-18
GT-0107,Esther,Sow,Esther Sow,2026-07-14,F,+233222086184,H-0264,C-07,F-02,BCG:2026-08-12|DTP1:2026-09-06|DTP2:2026-09-28
GT-0108,Mary,Diallo,Elizabeth Diallo,2024-09-07,F,+233216530784,H-0259,C-07,F-02,BCG:2024-10-05|DTP1:2024-11-06|DTP2:2024-12-08|DTP3:2024-12-18|MCV1:2025-06-06|MCV2:2026-03-22
GT-0109,Elizabeth,Johnson,Grace Johnson,2026-08-14,F,+233224428014,H-0145,C-04,F-04,
GT-0110,Mariam,Smith,Mariam Smith,2026-05-30,F,+233263765155,H-0069,C-02,F-02,BCG:2026-06-28|DTP1:2026-07-14|DTP2:2026-08-25|DTP3:2026-09-11
GT-0111,Kofi,Ali,Grace Ali,2026-04-02,M,+233261854861,H-0292,C-08,F-03,BCG:2026-05-03|DTP1:2026-05-16|DTP2:2026-07-03|DTP3:2026-08-07
GT-0112,Elizabeth,Toure,Sarah Toure,2025-12-10,F,+233222976369,H-0231,C-06,F-01,DTP2:2026-02-25|DTP3:2026-04-08
GT-0113,Joy,Keita,Fatoumata Keita,2025-07-19,F,+233290861208,H-0192,C-06,F-01,BCG:2025-08-10|DTP1:2025-09-16|DTP2:2025-10-12|DTP3:2025-11-16|MCV1:2026-04-22
GT-0114,Muhammad,Kamara,Fatoumata Kamara,2024-10-17,M,+233273584863,H-0206,C-06,F-01,DTP1:2024-12-17|DTP2:2025-01-05|DTP3:2025-02-14|MCV1:2025-08-06|MCV2:2026-04-30
GT-0115,Samuel,Ali,Fatoumata Ali,2024-10-28,M,+233292284610,H-0234,C-06,F-01,BCG:2024-11-28|DTP3:2025-02-06|MCV1:2025-07-28|MCV2:2026-05-14
GT-0116,Elizabeth,Sow,Elizabeth Sow,2024-10-11,F,+233278090664,H-0084,C-02,F-02,BCG:2024-10-18|DTP1:2024-11-25|DTP2:2024-12-24|MCV2:2026-04-04
GT-0117,Elizabeth,Sow,Esther Sow,2026-07-27,F,+233259440148,H-0261,C-07,F-02,BCG:2026-08-15
GT-0118,John,Toure,Grace Toure,2026-07-07,M,+233290115852,H-0345,C-09,F-04,BCG:2026-07-21|DTP1:2026-08-29
GT-0119,Muhammad,Toure,Esther Toure,2025-09-15,M,+233280361272,H-0136,C-03,F-03,BCG:2025-10-02|DTP1:2025-11-14|DTP2:2025-12-06|DTP3:2026-01-18|MCV1:2026-06-16
GT-0120,Fatoumata,Diallo,Amina Diallo,2026-01-17,F,+233235606639,H-0370,C-10,F-04,BCG:2026-01-27|DTP1:2026-03-15|DTP2:2026-04-01|DTP3:2026-04-29
GT-0121,Aisha,Osei,Aisha Osei,2025-07-09,F,+233265079923,H-0226,C-06,F-01,BCG:2025-08-06|DTP1:2025-09-11|DTP2:2025-09-27|DTP3:2025-11-06|MCV1:2026-05-02
GT-0122,Amina,Osei,Joy Osei,2025-07-02,F,+233285280948,H-0397,C-10,F-04,BCG:2025-07-18|DTP1:2025-08-19|DTP2:2025-10-02|MCV1:2026-04-23
GT-0123,Joy,Smith,Mariam Smith,2025-09-10,F,+233271694994,H-0340,C-09,F-04,BCG:2025-10-07|DTP1:2025-11-18|DTP2:2025-12-14|DTP3:2026-01-09|MCV1:2026-07-04
GT-0124,Joy,Keita,Grace Keita,2023-12-13,F,+233235805259,H-0273,C-07,F-02,BCG:2024-01-10|DTP1:2024-02-05|DTP2:2024-03-18|DTP3:2024-04-16|MCV1:2024-09-08|MCV2:2025-06-15
GT-0125,Mary,Sow,Grace Sow,2025-07-02,F,+233275632882,H-0143,C-04,F-04,BCG:2025-07-18|DTP2:2025-09-22|DTP3:2025-10-31|MCV1:2026-04-20
GT-0126,Joy,Sow,Grace Sow,2025-12-24,F,+233286970753,H-0246,C-07,F-02,DTP1:2026-02-21|DTP2:2026-03-08|DTP3:2026-04-26
GT-0127,Aisha,Keita,Fatoumata Keita,2025-01-13,F,+233215646068,H-0279,C-07,F-02,BCG:2025-02-12|DTP1:2025-03-10|DTP2:2025-04-11|DTP3:2025-05-13|MCV1:2025-11-07|MCV2:2026-07-13
GT-0128,Kofi,Johnson,Grace Johnson,2023-12-23,M,+233238720823,H-0366,C-10,F-04,BCG:2023-12-30|DTP1:2024-02-03|DTP2:2024-03-29|DTP3:2024-04-20|MCV1:2024-10-15|MCV2:2025-07-15
GT-0129,Joy,Sow,Fatoumata Sow,2026-01-19,F,+233292634772,H-0276,C-07,F-02,DTP1:2026-03-07|DTP3:2026-05-12
GT-0130,Ali,Kamara,Joy Kamara,2025-05-25,M,+233295623471,H-0301,C-08,F-03,BCG:2025-05-27|DTP1:2025-07-22|DTP2:2025-08-21|DTP3:2025-09-04|MCV1:2026-03-03
GT-0131,John,Keita,Esther Keita,2026-02-06,M,+233228450513,H-0027,C-01,F-01,BCG:2026-02-10|DTP1:2026-04-04|DTP2:2026-05-06
GT-0132,John,Johnson,Esther Johnson,2025-07-18,M,+233248553376,H-0282,C-07,F-02,BCG:2025-07-31|DTP1:2025-09-23|DTP2:2025-09-28
GT-0133,David,Toure,Mary Toure,2026-06-15,M,+233233496796,H-0147,C-04,F-04,BCG:2026-06-24|DTP1:2026-08-10|DTP2:2026-08-27|DTP3:2026-09-24
GT-0134,John,Johnson,Fatoumata Johnson,2025-01-15,M,+233215028625,H-0091,C-02,F-02,BCG:2025-02-06|DTP2:2025-04-13|DTP3:2025-05-11|MCV1:2025-11-03
GT-0135,Kofi,Sow,Esther Sow,2023-11-23,M,+233228012011,H-0153,C-04,F-04,BCG:2023-11-29|DTP1:2024-01-24|DTP2:2024-02-10|DTP3:2024-03-03|MCV1:2024-09-10
GT-0136,Grace,Diallo,Sarah Diallo,2024-10-22,F,+233231809610,H-0259,C-07,F-02,BCG:2024-10-28|DTP1:2024-12-25|DTP2:2025-01-17|MCV1:2025-08-04|MCV2:2026-05-01
GT-0137,Fatoumata,Kamara,Mariam Kamara,2025-01-03,F,+233286206305,H-0235,C-06,F-01,BCG:2025-01-21|DTP1:2025-03-11|DTP2:2025-04-07
GT-0138,Emmanuel,Toure,Aisha Toure,2024-04-07,M,+233279159799,H-0388,C-10,F-04,BCG:2024-04-27|DTP1:2024-05-19|DTP2:2024-07-11|DTP3:2024-07-15|MCV1:2025-01-08
GT-0139,Sarah,Osei,Fatoumata Osei,2023-12-27,F,+233253433080,H-0045,C-01,F-01,BCG:2024-01-05|DTP2:2024-03-09|DTP3:2024-04-14|MCV2:2025-07-19
GT-0140,Kwame,Smith,Mary Smith,2024-02-28,M,+233245835371,H-0128,C-03,F-03,BCG:2024-03-07|DTP1:2024-05-10|MCV1:2024-12-11|MCV2:2025-09-08
GT-0141,Kwame,Keita,Mary Keita,2026-04-25,M,+233299628735,H-0155,C-04,F-04,BCG:2026-05-06|DTP1:2026-06-17|DTP2:2026-07-20|DTP3:2026-08-04
GT-0142,Fatoumata,Smith,Joy Smith,2024-12-02,F,+233225759274,H-0239,C-07,F-02,BCG:2024-12-04|DTP1:2025-01-19|DTP2:2025-03-09
GT-0143,Elizabeth,Diallo,Mary Diallo,2025-11-30,F,+233274180488,H-0152,C-04,F-04,BCG:2025-12-12|DTP1:2026-02-03|DTP2:2026-02-10|DTP3:2026-03-16|MCV1:2026-09-24
GT-0144,Aisha,Ali,Esther Ali,2025-06-09,F,+233243214247,H-0233,C-06,F-01,BCG:2025-06-24|DTP1:2025-07-29|DTP2:2025-09-17|DTP3:2025-10-02|MCV1:2026-03-26
GT-0145,Ibrahim,Johnson,Joy Johnson,2024-08-20,M,+233220482769,H-0387,C-10,F-04,BCG:2024-09-10|DTP1:2024-10-07|DTP2:2024-11-16|DTP3:2024-12-22|MCV1:2025-05-22|MCV2:2026-02-15
GT-0146,Muhammad,Ali,Joy Ali,2025-07-12,M,+233286866717,H-0289,C-08,F-03,BCG:2025-08-07|DTP1:2025-08-23|DTP3:2025-10-26|MCV1:2026-04-11
GT-0147,Kofi,Ali,Esther Ali,2026-01-04,M,+233237568520,H-0077,C-02,F-02,BCG:2026-01-18|DTP1:2026-03-07|DTP2:2026-04-13|DTP3:2026-04-20
GT-0148,Sarah,Ali,Esther Ali,2026-05-09,F,+233270858653,H-0299,C-08,F-03,BCG:2026-06-04|DTP1:2026-06-20|DTP2:2026-07-25|DTP3:2026-08-18
GT-0149,Esther,Toure,Amina Toure,2024-01-27,F,+233251361818,H-0263,C-07,F-02,BCG:2024-01-31|DTP1:2024-04-01|DTP3:2024-05-29|MCV1:2024-11-08|MCV2:2025-08-07
GT-0150,Grace,Kamara,Mary Kamara,2026-04-03,F,+233216078694,H-0012,C-01,F-01,BCG:2026-04-21|DTP1:2026-05-18|DTP3:2026-08-09
GT-0151,Ibrahim,Kamara,Sarah Kamara,2024-01-07,M,+233214259382,H-0177,C-05,F-05,BCG:2024-01-13|DTP1:2024-03-12|DTP2:2024-04-11|DTP3:2024-05-03|MCV2:2025-07-18
GT-0152,Emmanuel,Smith,Mariam Smith,2024-07-08,M,+233270201634,H-0210,C-06,F-01,BCG:2024-07-09|DTP1:2024-09-10|DTP2:2024-09-20|DTP3:2024-11-01|MCV1:2025-04-05
GT-0153,Sarah,Ali,Fatoumata Ali,2024-09-17,F,+233225922674,H-0194,C-06,F-01,BCG:2024-09-29|DTP1:2024-11-05|DTP2:2024-12-09|DTP3:2024-12-29|MCV1:2025-06-25
GT-0154,Joy,Osei,Mary Osei,2026-08-23,F,+233213051483,H-0276,C-07,F-02,BCG:2026-09-01
GT-0155,Joy,Smith,Mary Smith,2025-04-11,F,+233271824078,H-0238,C-06,F-01,DTP1:2025-06-14|MCV1:2026-02-02
GT-0156,Mary,Mensah,Amina Mensah,2024-04-24,F,+233292533595,H-0080,C-02,F-02,BCG:2024-05-04|DTP1:2024-06-15|DTP3:2024-08-02|MCV1:2025-02-18|MCV2:2025-11-03
GT-0157,Ali,Mensah,Sarah Mensah,2026-06-23,M,+233269920305,H-0009,C-01,F-01,BCG:2026-07-17|DTP1:2026-09-02|DTP2:2026-09-28
GT-0158,Ali,Kamara,Aisha Kamara,2024-03-15,M,+233241452485,H-0345,C-09,F-04,BCG:2024-04-01|DTP2:2024-06-08|DTP3:2024-07-12
GT-0159,Emmanuel,Ali,Grace Ali,2025-05-08,M,+233287324220,H-0112,C-03,F-03,BCG:2025-05-28|DTP1:2025-07-15|DTP2:2025-08-08|DTP3:2025-08-31|MCV1:2026-02-09
GT-0160,Mary,Sow,Fatoumata Sow,2025-06-04,F,+233265507111,H-0296,C-08,F-03,DTP1:2025-08-14|MCV1:2026-03-20
GT-0161,Ibrahim,Toure,Fatoumata Toure,2024-04-08,M,+233284605013,H-0141,C-04,F-04,BCG:2024-04-23|DTP2:2024-07-15|MCV2:2025-10-11
GT-0162,Aisha,Ali,Mariam Ali,2024-04-30,F,+233264795619,H-0025,C-01,F-01,BCG:2024-05-17|DTP1:2024-06-12|DTP2:2024-07-21|DTP3:2024-08-09|MCV1:2025-02-15|MCV2:2025-11-08
GT-0163,Fatoumata,Ali,Esther Ali,2025-04-24,F,+233240245233,H-0154,C-04,F-04,BCG:2025-05-22|DTP1:2025-06-14|DTP2:2025-07-11|DTP3:2025-08-23|MCV1:2026-01-31
GT-0164,Moussa,Kamara,Joy Kamara,2024-05-07,M,+233265902739,H-0363,C-10,F-04,BCG:2024-05-17|DTP3:2024-09-10|MCV1:2025-02-15
GT-0165,John,Diallo,Grace Diallo,2025-07-10,M,+233254327148,H-0272,C-07,F-02,BCG:2025-07-12|DTP1:2025-09-09|DTP2:2025-09-27|DTP3:2025-10-16|MCV1:2026-04-29
GT-0166,Mariam,Mensah,Joy Mensah,2025-08-05,F,+233216917129,H-0041,C-01,F-01,BCG:2025-08-17|DTP1:2025-09-29|DTP2:2025-10-16|DTP3:2025-12-09|MCV1:2026-05-05
GT-0167,David,Diallo,Elizabeth Diallo,2025-06-12,M,+233274343201,H-0194,C-06,F-01,DTP1:2025-08-17|DTP2:2025-08-28|DTP3:2025-09-29|MCV1:2026-03-22
GT-0168,Amina,Diallo,Mary Diallo,2026-01-02,F,+233274279671,H-0171,C-04,F-04,BCG:2026-01-20|DTP1:2026-02-16|DTP3:2026-04-24
GT-0169,John,Diallo,Joy Diallo,2024-11-10,M,+233247991562,H-0125,C-03,F-03,BCG:2024-11-11|DTP1:2025-01-18|DTP2:2025-01-22|DTP3:2025-02-17|MCV1:2025-08-20
GT-0170,Grace,Sow,Mariam Sow,2023-10-15,F,+233276743428,H-0239,C-07,F-02,DTP1:2023-12-02|MCV2:2025-04-22
GT-0171,Mariam,Diallo,Mariam Diallo,2024-11-28,F,+233265556767,H-0051,C-01,F-01,BCG:2024-12-24|DTP1:2025-01-13|DTP2:2025-03-02|MCV1:2025-09-17
GT-0172,Emmanuel,Kamara,Grace Kamara,2024-04-27,M,+233249620038,H-0289,C-08,F-03,BCG:2024-05-10|DTP1:2024-07-08|DTP2:2024-07-06|DTP3:2024-08-14|MCV1:2025-02-15
GT-0173,Mary,Smith,Elizabeth Smith,2025-04-14,F,+233277015110,H-0101,C-02,F-02,BCG:2025-05-11|DTP1:2025-06-14|DTP2:2025-07-06|DTP3:2025-07-30|MCV1:2026-02-02
GT-0174,Grace,Johnson,Esther Johnson,2024-01-30,F,+233232579937,H-0336,C-09,F-04,BCG:2024-02-19|DTP1:2024-03-28|DTP2:2024-04-17
GT-0175,Emmanuel,Ali,Esther Ali,2025-08-19,M,+233282764376,H-0181,C-06,F-01,BCG:2025-09-15|DTP1:2025-10-15|DTP2:2025-11-22|DTP3:2025-12-18|MCV1:2026-05-21
GT-0176,David,Kamara,Amina Kamara,2024-05-08,M,+233228453800,H-0031,C-01,F-01,BCG:2024-06-05|DTP1:2024-07-09|DTP2:2024-07-20|DTP3:2024-08-15|MCV1:2025-02-08
GT-0177,David,Osei,Amina Osei,2025-06-09,M,+233277878323,H-0323,C-09,F-04,BCG:2025-06-29|DTP1:2025-08-17|DTP2:2025-08-31|DTP3:2025-10-07|MCV1:2026-03-13
GT-0178,Samuel,Toure,Esther Toure,2023-12-05,M,+233212111482,H-0192,C-06,F-01,BCG:2023-12-19|DTP1:2024-02-01|DTP2:2024-02-14|DTP3:2024-03-20|MCV1:2024-09-30|MCV2:2025-06-10
GT-0179,Amina,Kamara,Joy Kamara,2025-02-14,F,+233281905550,H-0273,C-07,F-02,BCG:2025-03-15|DTP1:2025-03-29|DTP2:2025-05-16|DTP3:2025-05-29|MCV1:2025-11-19
GT-0180,Fatoumata,Mensah,Sarah Mensah,2025-10-30,F,+233242342289,H-0009,C-01,F-01,BCG:2025-11-05|DTP1:2025-12-26|DTP2:2026-01-17|DTP3:2026-02-26|MCV1:2026-08-13
GT-0181,Mariam,Sow,Aisha Sow,2026-03-22,F,+233260070135,H-0318,C-08,F-03,BCG:2026-03-27|DTP1:2026-05-26|DTP3:2026-07-16
GT-0182,Ali,Sow,Sarah Sow,2026-06-27,M,+233222549425,H-0236,C-06,F-01,BCG:2026-07-09|DTP1:2026-08-16|DTP2:2026-09-17
GT-0183,Joy,Johnson,Amina Johnson,2026-08-11,F,+233233002714,H-0195,C-06,F-01,BCG:2026-08-15
GT-0184,Mariam,Toure,Sarah Toure,2026-06-04,F,+233240838737,H-0256,C-07,F-02,BCG:2026-06-06|DTP1:2026-08-14
GT-0185,Grace,Kamara,Sarah Kamara,2025-02-02,F,+233282884346,H-0355,C-09,F-04,BCG:2025-02-17|DTP2:2025-04-30|DTP3:2025-05-20|MCV1:2025-11-23|MCV2:2026-08-19
GT-0186,Emmanuel,Keita,Amina Keita,2025-07-02,M,+233288790652,H-0337,C-09,F-04,BCG:2025-07-07|DTP1:2025-08-30|DTP2:2025-10-08
GT-0187,Sarah,Sow,Fatoumata Sow,2025-04-25,F,+233286060638,H-0386,C-10,F-04,DTP3:2025-08-23|MCV1:2026-02-02
GT-0188,Aisha,Osei,Sarah Osei,2023-11-09,F,+233256420476,H-0200,C-06,F-01,BCG:2023-11-23|DTP1:2024-01-20|DTP2:2024-01-18|DTP3:2024-02-23|MCV1:2024-08-09|MCV2:2025-06-01
GT-0189,Mary,Mensah,Mariam Mensah,2024-06-09,F,+233253805532,H-0051,C-01,F-01,BCG:2024-07-05|DTP2:2024-09-13|DTP3:2024-10-06|MCV1:2025-03-22
GT-0190,Esther,Johnson,Mary Johnson,2024-09-01,F,+233284227466,H-0325,C-09,F-04,BCG:2024-09-26|DTP1:2024-10-30|DTP2:2024-11-22|DTP3:2024-12-14|MCV1:2025-06-03|MCV2:2026-03-13
GT-0191,Samuel,Smith,Sarah Smith,2025-01-03,M,+233243077929,H-0222,C-06,F-01,BCG:2025-02-01|DTP2:2025-03-30|DTP3:2025-04-27|MCV1:2025-10-27|MCV2:2026-07-19
GT-0192,Kwame,Osei,Aisha Osei,2025-10-19,M,+233262294176,H-0038,C-01,F-01,BCG:2025-10-23|DTP1:2025-12-01|DTP2:2026-01-06|DTP3:2026-01-29
GT-0193,David,Kamara,Grace Kamara,2024-03-03,M,+233258307308,H-0185,C-06,F-01,BCG:2024-03-08|DTP1:2024-05-09|DTP2:2024-05-19|MCV1:2024-12-01|MCV2:2025-09-05
GT-0194,Emmanuel,Mensah,Fatoumata Mensah,2024-03-31,M,+233270242778,H-0139,C-03,F-03,BCG:2024-04-12|DTP1:2024-06-11|DTP2:2024-06-26|DTP3:2024-07-11|MCV1:2025-01-14|MCV2:2025-09-23
GT-0195,Sarah,Kamara,Sarah Kamara,2024-09-05,F,+233284386123,H-0285,C-08,F-03,BCG:2024-09-06|DTP1:2024-10-24|DTP2:2024-11-22|DTP3:2024-12-12|MCV1:2025-06-29
GT-0196,Aisha,Kamara,Grace Kamara,2024-05-05,F,+233262049575,H-0306,C-08,F-03,BCG:2024-05-09|DTP1:2024-07-08|DTP2:2024-08-03|DTP3:2024-08-31|MCV1:2025-02-16|MCV2:2025-11-10
GT-0197,Samuel,Ali,Fatoumata Ali,2024-07-12,M,+233232750139,H-0044,C-01,F-01,BCG:2024-07-21|DTP1:2024-09-12|MCV1:2025-04-15
GT-0198,Grace,Johnson,Fatoumata Johnson,2026-04-23,F,+233232442197,H-0138,C-03,F-03,BCG:2026-04-28|DTP2:2026-07-07|DTP3:2026-08-25
GT-0199,Grace,Johnson,Sarah Johnson,2024-08-21,F,+233243782566,H-0142,C-04,F-04,BCG:2024-08-28|DTP1:2024-11-01|DTP2:2024-11-19|DTP3:2024-12-06|MCV1:2025-05-23
GT-0200,Elizabeth,Toure,Mary Toure,2024-02-05,F,+233224357588,H-0370,C-10,F-04,BCG:2024-02-12|DTP1:2024-03-20|DTP2:2024-04-29|MCV2:2025-08-14
GT-0201,John,Keita,Elizabeth Keita,2024-07-13,M,+233254230340,H-0156,C-04,F-04,BCG:2024-08-07|DTP1:2024-09-12|DTP2:2024-10-03|DTP3:2024-11-14|MCV1:2025-05-05
GT-0202,Elizabeth,Osei,Grace Osei,2024-11-12,F,+233290961645,H-0172,C-04,F-04,BCG:2024-11-20|DTP1:2025-01-01|DTP2:2025-02-10|DTP3:2025-03-15
GT-0203,Mariam,Osei,Aisha Osei,2024-11-15,F,+233249117508,H-0103,C-02,F-02,BCG:2024-12-09|DTP1:2025-01-23|DTP2:2025-01-30|DTP3:2025-03-17|MCV1:2025-08-26
GT-0204,Elizabeth,Diallo,Mariam Diallo,2024-07-21,F,+233247621248,H-0356,C-09,F-04,BCG:2024-08-06|DTP1:2024-09-02|DTP2:2024-10-07|DTP3:2024-10-30|MCV1:2025-04-18|MCV2:2026-01-21
GT-0205,Sarah,Toure,Mary Toure,2025-08-27,F,+233283833059,H-0202,C-06,F-01,BCG:2025-09-25|DTP1:2025-10-12|DTP2:2025-11-12|DTP3:2025-12-16|MCV1:2026-06-04
GT-0206,Mary,Johnson,Grace Johnson,2026-04-11,F,+233264914054,H-0373,C-10,F-04,BCG:2026-04-19|DTP2:2026-07-11
GT-0207,Kwame,Diallo,Grace Diallo,2025-10-19,M,+233266791272,H-0256,C-07,F-02,BCG:2025-10-23|DTP1:2025-12-03|DTP2:2026-01-27|MCV1:2026-08-04
GT-0208,Moussa,Toure,Esther Toure,2024-06-01,M,+233281721578,H-0194,C-06,F-01,BCG:2024-06-13|MCV1:2025-03-03|MCV2:2025-12-03
GT-0209,Joy,Kamara,Mariam Kamara,2026-03-09,F,+233224679315,H-0355,C-09,F-04,BCG:2026-03-31|DTP1:2026-05-18|DTP2:2026-05-27|DTP3:2026-06-24
GT-0210,Fatoumata,Toure,Amina Toure,2024-06-03,F,+233254506155,H-0128,C-03,F-03,BCG:2024-06-07|DTP1:2024-07-30|DTP2:2024-09-10|DTP3:2024-10-08|MCV1:2025-03-02
GT-0211,Muhammad,Mensah,Grace Mensah,2025-06-02,M,+233278541804,H-0221,C-06,F-01,BCG:2025-06-07|DTP1:2025-07-18|DTP2:2025-08-23|DTP3:2025-10-03|MCV1:2026-03-14
GT-0212,Moussa,Keita,Aisha Keita,2024-01-25,M,+233288999206,H-0266,C-07,F-02,BCG:2024-01-29|DTP1:2024-04-06|DTP2:2024-04-08|DTP3:2024-05-06|MCV1:2024-11-02|MCV2:2025-08-02
GT-0213,Kofi,Kamara,Esther Kamara,2026-01-28,M,+233249652241,H-0257,C-07,F-02,BCG:2026-02-20|DTP2:2026-04-28|DTP3:2026-05-31
GT-0214,Emmanuel,Keita,Grace Keita,2024-09-27,M,+233271113711,H-0044,C-01,F-01,DTP2:2024-12-23|DTP3:2025-01-20|MCV1:2025-07-11
GT-0215,Mariam,Johnson,Sarah Johnson,2024-03-16,F,+233270726434,H-0106,C-03,F-03,BCG:2024-04-04|DTP1:2024-05-13|DTP2:2024-06-16|MCV1:2024-12-13|MCV2:2025-09-07
GT-0216,Amina,Mensah,Amina Mensah,2024-09-27,F,+233296969050,H-0035,C-01,F-01,BCG:2024-10-25|DTP1:2024-11-25|DTP2:2024-12-10|MCV1:2025-07-05|MCV2:2026-04-17
GT-0217,Ali,Ali,Fatoumata Ali,2025-10-07,M,+233254424679,H-0347,C-09,F-04,BCG:2025-11-03|DTP1:2025-12-02|DTP2:2026-01-12|DTP3:2026-02-11
GT-0218,Mary,Smith,Fatoumata Smith,2025-08-14,F,+233295963619,H-0219,C-06,F-01,BCG:2025-09-10|DTP1:2025-10-18|DTP2:2025-11-22|DTP3:2025-11-24|MCV1:2026-05-11
GT-0219,Amina,Toure,Mary Toure,2024-02-22,F,+233289484162,H-0222,C-06,F-01,BCG:2024-03-07|DTP1:2024-04-26|DTP2:2024-05-20|DTP3:2024-06-25|MCV1:2024-11-23|MCV2:2025-08-26
GT-0220,Ali,Diallo,Grace Diallo,2026-04-24,M,+233287490324,H-0200,C-06,F-01,BCG:2026-05-02|DTP1:2026-06-23|DTP3:2026-08-24
GT-0221,Kofi,Keita,Mary Keita,2024-02-05,M,+233225294777,H-0275,C-07,F-02,BCG:2024-02-29|DTP1:2024-04-03|DTP2:2024-04-24|DTP3:2024-06-05|MCV1:2024-11-26
GT-0222,Joy,Keita,Elizabeth Keita,2024-06-26,F,+233292048427,H-0344,C-09,F-04,BCG:2024-06-30|DTP1:2024-09-04|DTP2:2024-09-23|MCV1:2025-03-23|MCV2:2025-12-31
GT-0223,Kofi,Keita,Esther Keita,2025-09-11,M,+233249922369,H-0301,C-08,F-03,BCG:2025-10-10|DTP1:2025-11-14|MCV1:2026-06-30
GT-0224,Emmanuel,Keita,Sarah Keita,2025-04-29,M,+233250987410,H-0315,C-08,F-03,BCG:2025-05-29|DTP1:2025-06-12|DTP2:2025-08-07|DTP3:2025-08-11|MCV1:2026-01-25
GT-0225,Fatoumata,Ali,Aisha Ali,2024-04-26,F,+233290050918,H-0094,C-02,F-02,BCG:2024-05-02|DTP1:2024-06-24|DTP2:2024-07-07|MCV1:2025-01-31
GT-0226,Aisha,Osei,Esther Osei,2025-09-10,F,+233284479105,H-0295,C-08,F-03,BCG:2025-09-23|DTP1:2025-11-16|DTP2:2025-12-02|DTP3:2025-12-20|MCV1:2026-06-18
GT-0227,Fatoumata,Osei,Mariam Osei,2024-02-19,F,+233293135800,H-0251,C-07,F-02,BCG:2024-03-18|DTP1:2024-04-08|DTP2:2024-05-16|DTP3:2024-06-02|MCV1:2024-12-09
GT-0228,Moussa,Osei,Mary Osei,2024-07-05,M,+233285374270,H-0184,C-06,F-01,BCG:2024-07-12|DTP1:2024-08-17|DTP2:2024-09-15|MCV1:2025-04-19
GT-0229,Aisha,Johnson,Aisha Johnson,2024-03-04,F,+233275592138,H-0335,C-09,F-04,BCG:2024-03-06|DTP1:2024-05-15|DTP2:2024-05-24|MCV2:2025-09-05
GT-0230,Ali,Sow,Amina Sow,2025-02-14,M,+233240177972,H-0043,C-01,F-01,BCG:2025-03-10|DTP1:2025-04-01|DTP2:2025-04-28|DTP3:2025-06-20|MCV1:2025-11-14|MCV2:2026-09-01
GT-0231,Moussa,Toure,Esther Toure,2023-10-19,M,+233225194922,H-0148,C-04,F-04,BCG:2023-11-07|DTP1:2023-12-15|DTP2:2024-01-24|DTP3:2024-01-30|MCV1:2024-07-29|MCV2:2025-05-01
GT-0232,Joy,Keita,Joy Keita,2026-06-06,F,+233269239219,H-0059,C-01,F-01,BCG:2026-06-29|DTP1:2026-07-24
GT-0233,Sarah,Diallo,Grace Diallo,2026-06-25,F,+233270362053,H-0112,C-03,F-03,BCG:2026-07-26|DTP1:2026-08-29|DTP2:2026-09-19
GT-0234,Moussa,Mensah,Mary Mensah,2025-06-27,M,+233288909809,H-0179,C-06,F-01,DTP1:2025-09-02|DTP2:2025-09-14|DTP3:2025-10-30
GT-0235,Fatoumata,Toure,Fatoumata Toure,2025-07-03,F,+233237775381,H-0180,C-06,F-01,BCG:2025-07-26|DTP1:2025-08-26|DTP2:2025-09-30|DTP3:2025-11-08|MCV1:2026-04-19
GT-0236,Joy,Sow,Elizabeth Sow,2025-09-20,F,+233253440052,H-0031,C-01,F-01,DTP1:2025-11-01|DTP2:2025-12-26|DTP3:2026-01-23
GT-0237,Elizabeth,Sow,Joy Sow,2026-02-16,F,+233228198434,H-0150,C-04,F-04,BCG:2026-02-19|DTP1:2026-04-13|DTP2:2026-05-26|DTP3:2026-05-27
GT-0238,Kwame,Osei,Fatoumata Osei,2025-04-06,M,+233229628462,H-0211,C-06,F-01,BCG:2025-04-18|DTP1:2025-05-20|DTP2:2025-07-09|DTP3:2025-07-28
GT-0239,John,Johnson,Fatoumata Johnson,2025-02-26,M,+233294263610,H-0165,C-04,F-04,BCG:2025-03-28|DTP1:2025-04-12|DTP3:2025-06-15|MCV2:2026-09-16
GT-0240,Sarah,Mensah,Aisha Mensah,2023-10-10,F,+233247342819,H-0193,C-06,F-01,BCG:2023-11-01|DTP1:2023-12-02|DTP2:2024-01-07|MCV1:2024-07-27|MCV2:2025-04-16
GT-0241,Esther,Keita,Elizabeth Keita,2026-08-25,F,+233222501261,H-0189,C-06,F-01,BCG:2026-09-23
GT-0242,Sarah,Ali,Aisha Ali,2025-06-10,F,+233267665720,H-0235,C-06,F-01,DTP1:2025-08-11|DTP2:2025-09-13|DTP3:2025-10-12|MCV1:2026-03-11
GT-0243,Grace,Keita,Grace Keita,2024-10-08,F,+233283458776,H-0109,C-03,F-03,BCG:2024-10-18|DTP1:2024-12-07|DTP2:2024-12-19|DTP3:2025-02-10|MCV1:2025-07-07|MCV2:2026-04-15
GT-0244,Mariam,Kamara,Amina Kamara,2026-02-08,F,+233294044392,H-0067,C-02,F-02,BCG:2026-03-09|DTP1:2026-03-25|DTP2:2026-05-12|DTP3:2026-06-16
GT-0245,David,Osei,Esther Osei,2024-02-08,M,+233210090721,H-0236,C-06,F-01,DTP1:2024-03-27|DTP2:2024-04-20|DTP3:2024-06-04|MCV1:2024-11-26
GT-0246,Kwame,Osei,Grace Osei,2026-02-20,M,+233297857309,H-0104,C-02,F-02,BCG:2026-03-07|DTP1:2026-04-07|DTP3:2026-06-04
GT-0247,Kofi,Osei,Amina Osei,2024-06-10,M,+233293967184,H-0129,C-03,F-03,BCG:2024-06-12|DTP2:2024-08-20|MCV1:2025-03-20
GT-0248,John,Mensah,Sarah Mensah,2026-08-28,M,+233238644905,H-0372,C-10,F-04,BCG:2026-09-04
GT-0249,Samuel,Diallo,Joy Diallo,2024-03-02,M,+233211246473,H-0040,C-01,F-01,BCG:2024-04-02|DTP1:2024-04-26|DTP2:2024-05-31|DTP3:2024-06-12|MCV1:2024-12-09|MCV2:2025-09-20
GT-0250,Sarah,Smith,Fatoumata Smith,2023-12-26,F,+233219506414,H-0357,C-09,F-04,BCG:2024-01-23|DTP1:2024-02-12|DTP2:2024-03-13|DTP3:2024-04-03|MCV1:2024-10-19|MCV2:2025-07-18
GT-0251,David,Mensah,Mariam Mensah,2024-08-08,M,+233250165370,H-0197,C-06,F-01,BCG:2024-08-14|DTP1:2024-10-19|DTP2:2024-11-01|DTP3:2024-12-09|MCV1:2025-05-27|MCV2:2026-02-28
GT-0252,Emmanuel,Mensah,Joy Mensah,2026-08-13,M,+233291915661,H-0196,C-06,F-01,BCG:2026-08-26
GT-0253,Mariam,Diallo,Fatoumata Diallo,2024-05-09,F,+233292688322,H-0085,C-02,F-02,BCG:2024-05-29|DTP1:2024-07-13|DTP2:2024-08-06|DTP3:2024-09-05
GT-0254,David,Mensah,Fatoumata Mensah,2025-12-21,M,+233289131271,H-0227,C-06,F-01,BCG:2026-01-14|DTP1:2026-02-01|DTP2:2026-03-15|MCV1:2026-09-27
GT-0255,Aisha,Keita,Fatoumata Keita,2025-04-10,F,+233247173969,H-0197,C-06,F-01,BCG:2025-05-02|DTP1:2025-06-07|DTP2:2025-07-03
GT-0256,Ibrahim,Toure,Elizabeth Toure,2025-01-24,M,+233213600310,H-0044,C-01,F-01,BCG:2025-02-14|DTP2:2025-04-10|DTP3:2025-05-08|MCV1:2025-11-07
GT-0257,Mary,Ali,Elizabeth Ali,2023-10-22,F,+233235319707,H-0338,C-09,F-04,BCG:2023-10-29|DTP1:2024-01-02|DTP2:2024-01-21|DTP3:2024-01-28|MCV1:2024-07-29|MCV2:2025-05-12
GT-0258,Amina,Diallo,Esther Diallo,2024-07-01,F,+233225132198,H-0201,C-06,F-01,BCG:2024-07-28|DTP2:2024-09-29|MCV1:2025-04-08|MCV2:2026-01-09
GT-0259,Ibrahim,Kamara,Mariam Kamara,2024-11-20,M,+233227714442,H-0256,C-07,F-02,BCG:2024-12-15|DTP1:2025-01-30|DTP2:2025-02-11|DTP3:2025-03-15|MCV1:2025-09-03|MCV2:2026-05-23
GT-0260,Mariam,Ali,Fatoumata Ali,2024-01-09,F,+233219796799,H-0292,C-08,F-03,BCG:2024-02-01|DTP1:2024-03-11|DTP2:2024-04-07|MCV2:2025-07-04
GT-0261,Muhammad,Sow,Mary Sow,2026-06-10,M,+233218115992,H-0301,C-08,F-03,BCG:2026-06-14|DTP1:2026-07-22|DTP2:2026-09-01
GT-0262,Joy,Smith,Aisha Smith,2024-05-29,F,+233221063273,H-0204,C-06,F-01,BCG:2024-06-28|DTP1:2024-07-30|DTP2:2024-08-25|MCV1:2025-03-22|MCV2:2025-11-27
GT-0263,Kwame,Mensah,Grace Mensah,2026-03-22,M,+233278626154,H-0275,C-07,F-02,BCG:2026-04-09|DTP1:2026-05-09
GT-0264,Ibrahim,Keita,Aisha Keita,2026-04-17,M,+233251630244,H-0105,C-02,F-02,BCG:2026-05-13|DTP2:2026-07-22|DTP3:2026-08-18
GT-0265,Muhammad,Diallo,Sarah Diallo,2024-03-24,M,+233225567455,H-0224,C-06,F-01,BCG:2024-03-25|DTP2:2024-06-18|DTP3:2024-07-28|MCV1:2024-12-28
GT-0266,Kwame,Osei,Sarah Osei,2026-08-05,M,+233228416255,H-0314,C-08,F-03,BCG:2026-08-19|DTP1:2026-09-16
GT-0267,Moussa,Keita,Joy Keita,2023-10-06,M,+233244795538,H-0006,C-01,F-01,DTP1:2023-11-17|DTP2:2024-01-09|DTP3:2024-02-07|MCV1:2024-07-25|MCV2:2025-04-08
GT-0268,Kwame,Mensah,Amina Mensah,2024-10-13,M,+233267622968,H-0191,C-06,F-01,BCG:2024-11-01|DTP2:2025-01-03|DTP3:2025-02-08|MCV1:2025-07-11
GT-0269,Kwame,Toure,Sarah Toure,2023-11-18,M,+233271095611,H-0269,C-07,F-02,BCG:2023-11-23|DTP2:2024-02-19|DTP3:2024-03-23|MCV1:2024-08-19|MCV2:2025-05-14
GT-0270,Moussa,Toure,Fatoumata Toure,2024-08-07,M,+233231113788,H-0185,C-06,F-01,BCG:2024-08-12|DTP1:2024-10-08|DTP2:2024-10-28|MCV1:2025-05-12
GT-0271,Samuel,Mensah,Mary Mensah,2023-10-23,M,+233210344739,H-0396,C-10,F-04,BCG:2023-11-03|DTP1:2023-12-06|DTP2:2024-01-01|DTP3:2024-02-16|MCV1:2024-08-07
GT-0272,Muhammad,Johnson,Mariam Johnson,2024-07-07,M,+233230144023,H-0007,C-01,F-01,DTP1:2024-08-30|DTP2:2024-10-08|DTP3:2024-10-27|MCV1:2025-04-27|MCV2:2026-01-05
GT-0273,Mary,Keita,Mary Keita,2024-04-30,F,+233252940967,H-0019,C-01,F-01,BCG:2024-05-08|DTP1:2024-06-28|DTP3:2024-08-31|MCV1:2025-02-18|MCV2:2025-10-23
GT-0274,Sarah,Ali,Amina Ali,2025-08-28,F,+233239955391,H-0040,C-01,F-01,BCG:2025-09-27|DTP1:2025-10-09|DTP2:2025-11-24|MCV1:2026-06-23
GT-0275,John,Mensah,Esther Mensah,2025-01-29,M,+233251701149,H-0265,C-07,F-02,BCG:2025-02-02|DTP1:2025-03-20|DTP3:2025-05-22
GT-0276,Amina,Keita,Mary Keita,2025-01-10,F,+233285672859,H-0045,C-01,F-01,BCG:2025-01-14|DTP1:2025-02-21|DTP2:2025-04-05|MCV1:2025-10-28|MCV2:2026-08-01
GT-0277,Moussa,Keita,Elizabeth Keita,2023-11-24,M,+233236229153,H-0156,C-04,F-04,BCG:2023-12-24|DTP1:2024-01-10|DTP2:2024-02-02|MCV1:2024-09-09
GT-0278,Emmanuel,Kamara,Aisha Kamara,2026-07-13,M,+233241272427,H-0280,C-07,F-02,BCG:2026-07-24
GT-0279,Kofi,Kamara,Aisha Kamara,2024-12-09,M,+233223951801,H-0178,C-05,F-05,BCG:2024-12-10|DTP1:2025-02-12|DTP2:2025-02-20|DTP3:2025-03-17|MCV1:2025-09-21|MCV2:2026-06-06
GT-0280,John,Johnson,Amina Johnson,2025-11-12,M,+233247557512,H-0272,C-07,F-02,BCG:2025-11-24|DTP1:2025-12-30|DTP2:2026-01-25|DTP3:2026-03-13|MCV1:2026-08-13
GT-0281,Ibrahim,Smith,Mariam Smith,2024-02-04,M,+233221395409,H-0023,C-01,F-01,BCG:2024-02-20|DTP1:2024-03-19|DTP2:2024-05-01|DTP3:2024-05-26|MCV1:2024-11-15|MCV2:2025-08-27
GT-0282,John,Mensah,Elizabeth Mensah,2026-04-25,M,+233268382413,H-0049,C-01,F-01,BCG:2026-05-02|DTP1:2026-06-12|DTP2:2026-08-01|DTP3:2026-08-31
GT-0283,Kwame,Sow,Mariam Sow,2024-06-17,M,+233253788744,H-0067,C-02,F-02,BCG:2024-07-06|DTP1:2024-08-16|DTP2:2024-09-20|DTP3:2024-10-16|MCV1:2025-04-11|MCV2:2025-12-28
GT-0284,Mary,Mensah,Mary Mensah,2025-11-25,F,+233288478184,H-0232,C-06,F-01,BCG:2025-12-22|DTP1:2026-01-09|DTP2:2026-02-16|DTP3:2026-03-14|MCV1:2026-09-11
GT-0285,Emmanuel,Johnson,Esther Johnson,2024-11-25,M,+233264561191,H-0080,C-02,F-02,BCG:2024-12-10|DTP1:2025-01-07|DTP3:2025-03-16|MCV1:2025-09-17
GT-0286,Mary,Johnson,Grace Johnson,2024-01-25,F,+233245568761,H-0275,C-07,F-02,DTP1:2024-03-19|DTP2:2024-04-09|MCV1:2024-10-26|MCV2:2025-07-20
GT-0287,Emmanuel,Sow,Elizabeth Sow,2026-06-09,M,+233238859601,H-0062,C-02,F-02,BCG:2026-06-21|DTP1:2026-08-14|DTP2:2026-08-18|DTP3:2026-09-15
GT-0288,David,Diallo,Mariam Diallo,2024-06-10,M,+233278915391,H-0168,C-04,F-04,BCG:2024-06-17|DTP1:2024-08-16|DTP2:2024-08-26|DTP3:2024-09-28|MCV1:2025-03-13|MCV2:2025-12-05
GT-0289,Grace,Osei,Amina Osei,2024-05-24,F,+233270693413,H-0347,C-09,F-04,BCG:2024-06-16|DTP1:2024-08-02|DTP3:2024-09-17|MCV2:2025-12-09
GT-0290,David,Johnson,Sarah Johnson,2025-11-17,M,+233226301180,H-0384,C-10,F-04,BCG:2025-12-14|DTP1:2026-01-04|DTP2:2026-02-10|DTP3:2026-03-03|MCV1:2026-08-17
GT-0291,Emmanuel,Diallo,Aisha Diallo,2024-07-29,M,+233294597104,H-0032,C-01,F-01,BCG:2024-08-18|DTP1:2024-09-21|DTP2:2024-10-07|DTP3:2024-11-24|MCV1:2025-05-13
GT-0292,Sarah,Kamara,Sarah Kamara,2025-07-22,F,+233296702893,H-0044,C-01,F-01,DTP1:2025-09-28|DTP3:2025-11-14
GT-0293,Kofi,Mensah,Amina Mensah,2024-01-29,M,+233216796477,H-0066,C-02,F-02,BCG:2024-02-19|DTP1:2024-03-26|DTP2:2024-05-03|DTP3:2024-05-15|MCV1:2024-11-18|MCV2:2025-07-24
GT-0294,Aisha,Johnson,Amina Johnson,2024-07-08,F,+233267265875,H-0294,C-08,F-03,BCG:2024-07-19|DTP1:2024-08-20|DTP2:2024-10-08|MCV1:2025-04-24
GT-0295,Emmanuel,Sow,Grace Sow,2024-02-29,M,+233229948970,H-0182,C-06,F-01,BCG:2024-03-12|DTP2:2024-05-16|DTP3:2024-06-06|MCV1:2024-12-05
GT-0296,Kwame,Johnson,Aisha Johnson,2023-12-23,M,+233218184472,H-0315,C-08,F-03,BCG:2023-12-31|DTP1:2024-02-09|DTP2:2024-03-27|DTP3:2024-04-27|MCV1:2024-09-18
GT-0297,Fatoumata,Smith,Mary Smith,2025-04-07,F,+233294658420,H-0144,C-04,F-04,BCG:2025-04-16|DTP2:2025-06-17|MCV1:2026-01-12
GT-0298,John,Keita,Esther Keita,2023-12-12,M,+233256175477,H-0279,C-07,F-02,BCG:2023-12-25|DTP1:2024-01-28|DTP3:2024-03-22|MCV1:2024-10-04|MCV2:2025-06-22
GT-0299,Aisha,Sow,Fatoumata Sow,2026-07-08,F,+233252799022,H-0290,C-08,F-03,BCG:2026-08-08
GT-0300,Kwame,Kamara,Esther Kamara,2024-08-28,M,+233288381665,H-0113,C-03,F-03,BCG:2024-09-14|DTP1:2024-10-24|DTP2:2024-11-14|DTP3:2024-12-27|MCV1:2025-05-27|MCV2:2026-02-28
GT-0301,Ali,Diallo,Grace Diallo,2026-05-08,M,+233239448924,H-0082,C-02,F-02,BCG:2026-05-20|DTP1:2026-07-16|DTP2:2026-08-06|DTP3:2026-08-20
GT-0302,Fatoumata,Osei,Mary Osei,2024-11-17,F,+233258155056,H-0199,C-06,F-01,BCG:2024-11-20|DTP2:2025-01-26|DTP3:2025-03-09|MCV2:2026-05-14
GT-0303,Kofi,Toure,Elizabeth Toure,2025-11-12,M,+233285579195,H-0303,C-08,F-03,BCG:2025-12-09|DTP1:2026-01-09|DTP2:2026-01-31|MCV1:2026-08-23
GT-0304,Fatoumata,Johnson,Amina Johnson,2026-02-27,F,+233217538738,H-0253,C-07,F-02,BCG:2026-03-27|DTP1:2026-05-09|DTP2:2026-06-06|DTP3:2026-06-19
GT-0305,Muhammad,Ali,Esther Ali,2026-08-29,M,+233254524582,H-0309,C-08,F-03,BCG:2026-09-15
GT-0306,Emmanuel,Keita,Fatoumata Keita,2024-11-06,M,+233217993466,H-0315,C-08,F-03,BCG:2024-11-19|DTP1:2024-12-26|DTP2:2025-02-05|DTP3:2025-03-11|MCV1:2025-08-06|MCV2:2026-05-28
GT-0307,David,Ali,Mariam Ali,2026-04-04,M,+233260142505,H-0076,C-02,F-02,BCG:2026-04-08|DTP1:2026-06-13|DTP2:2026-06-21|DTP3:2026-08-01
GT-0308,Elizabeth,Mensah,Mariam Mensah,2024-12-20,F,+233253299069,H-0340,C-09,F-04,BCG:2025-01-01|DTP1:2025-03-01|DTP2:2025-03-11|DTP3:2025-04-01|MCV1:2025-09-29|MCV2:2026-06-14
GT-0309,Esther,Keita,Fatoumata Keita,2024-08-30,F,+233239962391,H-0081,C-02,F-02,BCG:2024-09-11|DTP1:2024-10-31|DTP2:2024-12-07|DTP3:2024-12-15|MCV1:2025-06-01|MCV2:2026-03-09
GT-0310,John,Sow,Grace Sow,2025-12-13,M,+233233851602,H-0302,C-08,F-03,BCG:2025-12-30|DTP1:2026-02-14|DTP2:2026-02-28|MCV1:2026-09-10
GT-0311,Elizabeth,Kamara,Fatoumata Kamara,2024-11-17,F,+233292058189,H-0001,C-01,F-01,BCG:2024-12-06|DTP1:2024-12-31|DTP2:2025-02-03|DTP3:2025-03-14|MCV1:2025-08-26|MCV2:2026-05-14
GT-0312,Moussa,Osei,Mariam Osei,2026-03-24,M,+233241943272,H-0328,C-09,F-04,BCG:2026-04-20|DTP2:2026-06-08|DTP3:2026-07-06
GT-0313,David,Keita,Esther Keita,2026-08-07,M,+233245596211,H-0164,C-04,F-04,BCG:2026-08-17|DTP1:2026-09-27
GT-0314,Kofi,Sow,Sarah Sow,2026-08-28,M,+233216462242,H-0128,C-03,F-03,BCG:2026-09-01
GT-0315,Fatoumata,Smith,Esther Smith,2024-07-16,F,+233257141449,H-0225,C-06,F-01,BCG:2024-08-15|DTP1:2024-09-11|DTP2:2024-10-21|MCV1:2025-04-22
GT-0316,Moussa,Toure,Mary Toure,2025-10-01,M,+233270570772,H-0193,C-06,F-01,BCG:2025-10-12|DTP2:2025-12-10|DTP3:2026-01-20|MCV1:2026-07-03
GT-0317,Amina,Keita,Grace Keita,2026-01-28,F,+233219959009,H-0018,C-01,F-01,DTP2:2026-05-02
GT-0318,Fatoumata,Mensah,Joy Mensah,2026-02-21,F,+233255358959,H-0088,C-02,F-02,BCG:2026-03-09|DTP1:2026-04-19|DTP3:2026-05-31
GT-0319,Amina,Smith,Fatoumata Smith,2024-03-24,F,+233231086112,H-0315,C-08,F-03,BCG:2024-04-12|DTP1:2024-05-14|DTP3:2024-07-05|MCV1:2025-01-12|MCV2:2025-09-24
GT-0320,Mary,Diallo,Aisha Diallo,2025-03-05,F,+233298663948,H-0052,C-01,F-01,BCG:2025-03-16|DTP1:2025-05-09|DTP2:2025-05-31|DTP3:2025-06-26|MCV1:2025-12-14|MCV2:2026-09-07
GT-0321,David,Kamara,Aisha Kamara,2023-11-29,M,+233230614492,H-0153,C-04,F-04,BCG:2023-12-10|DTP2:2024-03-05|MCV2:2025-05-30
GT-0322,John,Mensah,Grace Mensah,2023-12-21,M,+233236799898,H-0185,C-06,F-01,BCG:2024-01-14|DTP1:2024-02-05|MCV1:2024-09-20|MCV2:2025-06-13
GT-0323,Emmanuel,Sow,Sarah Sow,2024-01-04,M,+233225503345,H-0014,C-01,F-01,BCG:2024-01-28|DTP1:2024-02-28|DTP2:2024-04-06|DTP3:2024-05-10
GT-0324,Esther,Sow,Sarah Sow,2024-06-28,F,+233234814337,H-0204,C-06,F-01,DTP2:2024-10-04
GT-0325,Fatoumata,Johnson,Amina Johnson,2025-03-09,F,+233269020960,H-0196,C-06,F-01,BCG:2025-04-08|DTP1:2025-05-18|DTP2:2025-06-05|DTP3:2025-06-23|MCV1:2025-12-05|MCV2:2026-09-22
GT-0326,Kwame,Toure,Amina Toure,2025-10-25,M,+233299586100,H-0135,C-03,F-03,BCG:2025-11-14|DTP1:2025-12-31|DTP2:2026-02-02|MCV1:2026-07-25
GT-0327,Joy,Smith,Elizabeth Smith,2025-05-22,F,+233284303190,H-0044,C-01,F-01,DTP1:2025-07-24|DTP2:2025-08-21|DTP3:2025-09-27|MCV1:2026-03-05
GT-0328,Joy,Johnson,Elizabeth Johnson,2025-05-05,F,+233273922841,H-0199,C-06,F-01,BCG:2025-05-15|DTP1:2025-06-18|DTP2:2025-07-14|DTP3:2025-08-17|MCV1:2026-02-17
GT-0329,Amina,Ali,Elizabeth Ali,2023-10-07,F,+233286703472,H-0041,C-01,F-01,BCG:2023-10-23|DTP1:2023-12-01|DTP2:2024-01-11|DTP3:2024-01-21|MCV1:2024-07-31|MCV2:2025-04-26
GT-0330,David,Johnson,Fatoumata Johnson,2025-09-22,M,+233238439415,H-0318,C-08,F-03,BCG:2025-10-23|DTP1:2025-11-07|DTP3:2026-01-02
GT-0331,Muhammad,Smith,Sarah Smith,2024-03-22,M,+233237101146,H-0099,C-02,F-02,BCG:2024-04-10|DTP2:2024-06-01|DTP3:2024-07-09|MCV1:2025-01-07
GT-0332,Samuel,Sow,Mariam Sow,2026-04-15,M,+233221680625,H-0322,C-09,F-04,BCG:2026-05-16
GT-0333,Joy,Keita,Grace Keita,2023-10-01,F,+233271492815,H-0285,C-08,F-03,BCG:2023-10-07|DTP1:2023-12-03|MCV1:2024-07-21|MCV2:2025-03-28
GT-0334,Sarah,Smith,Fatoumata Smith,2025-10-31,F,+233286046949,H-0007,C-01,F-01,BCG:2025-11-07|DTP1:2025-12-14|DTP2:2026-02-07|DTP3:2026-02-23|MCV1:2026-08-22
GT-0335,David,Toure,Sarah Toure,2025-01-22,M,+233281891508,H-0299,C-08,F-03,BCG:2025-02-05|DTP1:2025-03-21|DTP2:2025-04-12|DTP3:2025-05-21|MCV1:2025-11-02|MCV2:2026-07-30
GT-0336,Grace,Smith,Esther Smith,2024-01-05,F,+233215028557,H-0177,C-05,F-05,BCG:2024-01-19|DTP1:2024-03-16|DTP2:2024-04-14|MCV1:2024-10-05
GT-0337,Fatoumata,Toure,Elizabeth Toure,2024-05-30,F,+233215205303,H-0142,C-04,F-04,BCG:2024-06-07|DTP1:2024-07-22|DTP2:2024-08-25|MCV2:2025-12-18
GT-0338,Muhammad,Johnson,Grace Johnson,2024-07-29,M,+233212715612,H-0170,C-04,F-04,BCG:2024-08-11|DTP1:2024-09-23|MCV1:2025-04-26|MCV2:2026-01-28
GT-0339,Grace,Johnson,Sarah Johnson,2025-05-21,F,+233228036919,H-0156,C-04,F-04,BCG:2025-06-11|DTP1:2025-07-21|DTP2:2025-08-08|DTP3:2025-09-18|MCV1:2026-02-16
GT-0340,Mariam,Sow,Aisha Sow,2026-03-01,F,+233235224301,H-0381,C-10,F-04,BCG:2026-03-20|DTP1:2026-05-05|DTP2:2026-06-01|DTP3:2026-06-11
GT-0341,Esther,Ali,Mariam Ali,2026-05-07,F,+233279158328,H-0109,C-03,F-03,BCG:2026-06-07|DTP1:2026-06-25|DTP3:2026-08-17
GT-0342,Kwame,Ali,Aisha Ali,2025-11-26,M,+233280368504,H-0082,C-02,F-02,BCG:2025-12-06|DTP1:2026-02-05|DTP2:2026-02-19|DTP3:2026-03-10|MCV1:2026-08-23
GT-0343,Emmanuel,Diallo,Mary Diallo,2026-05-04,M,+233243486016,H-0292,C-08,F-03,BCG:2026-06-02|DTP1:2026-06-18|DTP2:2026-07-16|DTP3:2026-09-05
GT-0344,Kofi,Diallo,Grace Diallo,2024-08-06,M,+233272306347,H-0234,C-06,F-01,BCG:2024-08-19|DTP1:2024-09-20|DTP2:2024-10-30
GT-0345,Muhammad,Diallo,Mariam Diallo,2023-12-03,M,+233289731181,H-0204,C-06,F-01,BCG:2023-12-30|DTP1:2024-01-28|DTP3:2024-03-23|MCV1:2024-08-29|MCV2:2025-06-21
GT-0346,Elizabeth,Ali,Mariam Ali,2024-09-24,F,+233231946425,H-0091,C-02,F-02,BCG:2024-10-02|DTP1:2024-11-28|DTP2:2024-12-09|DTP3:2025-01-09|MCV1:2025-06-24
GT-0347,Kwame,Kamara,Aisha Kamara,2026-05-21,M,+233231865061,H-0133,C-03,F-03,BCG:2026-06-12|DTP1:2026-07-14|DTP2:2026-08-02|DTP3:2026-09-22
GT-0348,Ali,Diallo,Mary Diallo,2025-02-25,M,+233297454571,H-0293,C-08,F-03,BCG:2025-02-26|DTP1:2025-04-11|DTP2:2025-05-06|DTP3:2025-06-04|MCV1:2025-12-20
GT-0349,Muhammad,Johnson,Fatoumata Johnson,2025-09-10,M,+233290683906,H-0263,C-07,F-02,BCG:2025-10-10|DTP3:2026-01-09|MCV1:2026-06-07
GT-0350,Kwame,Toure,Grace Toure,2025-02-13,M,+233266882385,H-0005,C-01,F-01,DTP1:2025-04-23|DTP3:2025-06-19|MCV1:2025-11-22|MCV2:2026-08-12
GT-0351,Esther,Sow,Mary Sow,2024-01-18,F,+233250553227,H-0193,C-06,F-01,BCG:2024-01-30|DTP1:2024-03-18|DTP2:2024-04-19|MCV1:2024-11-08
GT-0352,Elizabeth,Mensah,Amina Mensah,2023-10-18,F,+233298899843,H-0267,C-07,F-02,BCG:2023-10-31|DTP1:2023-12-25|DTP2:2024-01-08|MCV1:2024-07-19|MCV2:2025-05-09
GT-0353,Grace,Mensah,Esther Mensah,2026-04-22,F,+233255135227,H-0192,C-06,F-01,BCG:2026-05-14|DTP1:2026-06-07|DTP2:2026-07-19
GT-0354,Grace,Sow,Grace Sow,2025-08-10,F,+233230123169,H-0328,C-09,F-04,BCG:2025-08-30|DTP1:2025-09-23|DTP2:2025-11-15|DTP3:2025-11-23|MCV1:2026-05-10
GT-0355,Muhammad,Toure,Aisha Toure,2024-11-14,M,+233228781020,H-0392,C-10,F-04,BCG:2024-12-06|DTP1:2025-01-19|DTP2:2025-02-16|MCV1:2025-08-18|MCV2:2026-06-05
GT-0356,Grace,Sow,Aisha Sow,2024-05-24,F,+233262113377,H-0014,C-01,F-01,BCG:2024-06-22|DTP1:2024-07-18|DTP3:2024-09-07|MCV1:2025-03-17
GT-0357,Kofi,Diallo,Joy Diallo,2023-12-30,M,+233258116670,H-0019,C-01,F-01,BCG:2024-01-11|DTP1:2024-03-07|DTP2:2024-03-14|DTP3:2024-04-28|MCV1:2024-09-29
GT-0358,Ibrahim,Osei,Grace Osei,2026-02-12,M,+233273187139,H-0154,C-04,F-04,BCG:2026-02-19|DTP1:2026-04-10|DTP2:2026-05-02|DTP3:2026-06-13
GT-0359,Joy,Osei,Mariam Osei,2026-03-01,F,+233239830361,H-0380,C-10,F-04,BCG:2026-03-28|DTP1:2026-05-07|DTP2:2026-05-28|DTP3:2026-07-07
GT-0360,Aisha,Keita,Mariam Keita,2025-03-15,F,+233288593968,H-0115,C-03,F-03,BCG:2025-03-22|DTP1:2025-04-30|DTP3:2025-07-04|MCV1:2026-01-06|MCV2:2026-09-11
GT-0361,Moussa,Kamara,Elizabeth Kamara,2026-04-07,M,+233273380252,H-0238,C-06,F-01,BCG:2026-05-08|DTP2:2026-07-01|DTP3:2026-07-20
GT-0362,John,Ali,Grace Ali,2024-05-06,M,+233217256074,H-0100,C-02,F-02,BCG:2024-05-22|DTP1:2024-06-28|DTP2:2024-08-01|MCV2:2025-11-17
GT-0363,Ali,Keita,Aisha Keita,2024-02-05,M,+233229223220,H-0078,C-02,F-02,BCG:2024-02-08|DTP1:2024-03-22|DTP2:2024-04-24|DTP3:2024-05-28|MCV1:2024-11-20|MCV2:2025-07-29
GT-0364,David,Johnson,Mariam Johnson,2025-09-02,M,+233252065724,H-0367,C-10,F-04,BCG:2025-10-03|DTP1:2025-11-09|DTP2:2025-12-03|DTP3:2026-01-05
GT-0365,Moussa,Sow,Mary Sow,2025-09-19,M,+233287346846,H-0030,C-01,F-01,DTP1:2025-11-18|DTP2:2025-12-14|MCV1:2026-06-28
GT-0366,Sarah,Osei,Elizabeth Osei,2024-03-25,F,+233295025258,H-0082,C-02,F-02,BCG:2024-04-12|DTP1:2024-05-09|DTP2:2024-07-02|MCV1:2024-12-20|MCV2:2025-09-29
GT-0367,Esther,Smith,Amina Smith,2026-06-14,F,+233281643088,H-0207,C-06,F-01,BCG:2026-06-25|DTP2:2026-08-29
GT-0368,Amina,Keita,Joy Keita,2025-08-05,F,+233212404661,H-0375,C-10,F-04,BCG:2025-08-30|DTP1:2025-10-14|DTP2:2025-10-29|DTP3:2025-12-11|MCV1:2026-05-21
GT-0369,Ali,Keita,Grace Keita,2025-12-09,M,+233223785264,H-0003,C-01,F-01,BCG:2026-01-03|DTP1:2026-01-31|MCV1:2026-09-24
GT-0370,Fatoumata,Mensah,Amina Mensah,2024-12-28,F,+233249034245,H-0258,C-07,F-02,DTP2:2025-03-12|DTP3:2025-04-06|MCV1:2025-10-09|MCV2:2026-07-11
GT-0371,Aisha,Osei,Mariam Osei,2023-12-01,F,+233258217837,H-0373,C-10,F-04,BCG:2023-12-17|DTP1:2024-02-08|DTP3:2024-04-06|MCV1:2024-09-20
GT-0372,John,Kamara,Mary Kamara,2025-05-28,M,+233227610141,H-0097,C-02,F-02,BCG:2025-06-17|DTP2:2025-08-29|DTP3:2025-09-18|MCV1:2026-03-18
GT-0373,Samuel,Ali,Fatoumata Ali,2025-12-21,M,+233259203071,H-0376,C-10,F-04,BCG:2025-12-26|DTP1:2026-02-14|DTP2:2026-03-04|DTP3:2026-04-26
GT-0374,John,Sow,Joy Sow,2026-05-23,M,+233289715138,H-0334,C-09,F-04,BCG:2026-05-30|DTP1:2026-08-02|DTP2:2026-08-08|DTP3:2026-08-29
GT-0375,Muhammad,Kamara,Sarah Kamara,2024-04-29,M,+233269634854,H-0339,C-09,F-04,BCG:2024-05-23|DTP1:2024-07-05|DTP2:2024-07-26|DTP3:2024-08-30|MCV1:2025-02-16|MCV2:2025-10-22
GT-0376,Esther,Osei,Mary Osei,2026-08-11,F,+233250415166,H-0064,C-02,F-02,BCG:2026-08-16
GT-0377,Ibrahim,Sow,Elizabeth Sow,2025-11-23,M,+233266213840,H-0339,C-09,F-04,BCG:2025-12-05|DTP1:2026-02-01|DTP2:2026-02-10|DTP3:2026-03-13|MCV1:2026-08-23
GT-0378,Kwame,Mensah,Sarah Mensah,2023-11-15,M,+233236661903,H-0054,C-01,F-01,BCG:2023-11-18|DTP1:2024-01-13|DTP2:2024-02-15|DTP3:2024-03-03
GT-0379,Joy,Diallo,Mariam Diallo,2024-05-13,F,+233249641367,H-0103,C-02,F-02,BCG:2024-05-23|DTP2:2024-07-31|MCV1:2025-03-07|MCV2:2025-11-26
GT-0380,Mary,Johnson,Mariam Johnson,2025-05-07,F,+233210367488,H-0021,C-01,F-01,BCG:2025-05-11|DTP1:2025-07-16|DTP2:2025-08-15|DTP3:2025-08-21|MCV1:2026-03-02
GT-0381,David,Toure,Esther Toure,2025-10-29,M,+233222090691,H-0344,C-09,F-04,BCG:2025-11-15|DTP1:2026-01-02|DTP2:2026-01-10|DTP3:2026-03-02|MCV1:2026-07-27
GT-0382,David,Sow,Mary Sow,2024-02-07,M,+233249731424,H-0262,C-07,F-02,DTP1:2024-04-09|DTP2:2024-05-17|DTP3:2024-05-30|MCV2:2025-08-18
GT-0383,David,Osei,Amina Osei,2025-01-12,M,+233258347193,H-0238,C-06,F-01,BCG:2025-02-08|DTP2:2025-04-19|DTP3:2025-05-05|MCV1:2025-10-21|MCV2:2026-07-07
GT-0384,Aisha,Mensah,Sarah Mensah,2026-05-29,F,+233211298197,H-0347,C-09,F-04,BCG:2026-06-11|DTP1:2026-07-23|DTP2:2026-08-28|DTP3:2026-09-21
GT-0385,Kofi,Keita,Esther Keita,2025-02-27,M,+233222475714,H-0071,C-02,F-02,BCG:2025-03-29|DTP1:2025-04-29|DTP2:2025-05-18
GT-0386,David,Smith,Aisha Smith,2024-02-08,M,+233246484819,H-0176,C-05,F-05,BCG:2024-03-04|DTP1:2024-04-13|DTP3:2024-05-29|MCV1:2024-12-03
GT-0387,Aisha,Osei,Sarah Osei,2025-12-02,F,+233217871385,H-0198,C-06,F-01,BCG:2025-12-06|DTP1:2026-02-12|DTP2:2026-03-03|DTP3:2026-04-09|MCV1:2026-09-11
GT-0388,John,Toure,Esther Toure,2024-03-16,M,+233234328380,H-0082,C-02,F-02,BCG:2024-04-04|DTP1:2024-05-05|DTP2:2024-06-06|DTP3:2024-07-21|MCV1:2025-01-09|MCV2:2025-10-02
GT-0389,Elizabeth,Kamara,Fatoumata Kamara,2023-12-15,F,+233275514730,H-0195,C-06,F-01,BCG:2023-12-24|DTP1:2024-02-02|DTP2:2024-03-03|DTP3:2024-04-03|MCV1:2024-09-18|MCV2:2025-06-28
GT-0390,Amina,Mensah,Grace Mensah,2024-11-25,F,+233211658959,H-0211,C-06,F-01,BCG:2024-12-16|DTP1:2025-01-25|DTP2:2025-02-12|DTP3:2025-03-13
GT-0391,Kofi,Ali,Joy Ali,2026-02-16,M,+233268095862,H-0348,C-09,F-04,BCG:2026-02-17|DTP1:2026-04-13|DTP2:2026-05-08|DTP3:2026-06-21
GT-0392,Moussa,Keita,Aisha Keita,2025-10-30,M,+233284939694,H-0373,C-10,F-04,BCG:2025-11-13|DTP1:2026-01-10|DTP2:2026-02-05|DTP3:2026-02-15
GT-0393,Muhammad,Osei,Joy Osei,2024-01-12,M,+233276549837,H-0314,C-08,F-03,BCG:2024-01-21|DTP1:2024-03-02|DTP2:2024-04-06|DTP3:2024-05-09|MCV1:2024-11-04
GT-0394,Moussa,Keita,Mary Keita,2024-10-22,M,+233247333618,H-0085,C-02,F-02,BCG:2024-10-26|DTP1:2024-12-08|DTP2:2025-01-27|DTP3:2025-02-07|MCV1:2025-08-10|MCV2:2026-05-15
GT-0395,Ibrahim,Smith,Aisha Smith,2025-05-06,M,+233220580463,H-0260,C-07,F-02,BCG:2025-05-15|DTP2:2025-08-11|MCV1:2026-02-22
GT-0396,Sarah,Johnson,Esther Johnson,2024-11-21,F,+233225932563,H-0228,C-06,F-01,BCG:2024-11-29|DTP1:2025-01-04|DTP2:2025-02-02|DTP3:2025-03-06|MCV1:2025-09-05|MCV2:2026-06-10
GT-0397,David,Smith,Aisha Smith,2026-06-18,M,+233284776858,H-0382,C-10,F-04,BCG:2026-06-21|DTP1:2026-08-27|DTP2:2026-08-27
GT-0398,Samuel,Toure,Grace Toure,2023-10-24,M,+233285475000,H-0001,C-01,F-01,BCG:2023-11-07|DTP2:2024-02-01|MCV1:2024-07-25|MCV2:2025-04-25
GT-0399,Mariam,Keita,Amina Keita,2025-05-31,F,+233270996586,H-0336,C-09,F-04,DTP2:2025-08-28|DTP3:2025-09-16|MCV1:2026-03-21
GT-0400,Mariam,Johnson,Sarah Johnson,2026-02-12,F,+233298437437,H-0287,C-08,F-03,BCG:2026-03-10|DTP1:2026-04-06|DTP3:2026-06-08
GT-0401,Mariam,Sow,Joy Sow,2024-07-26,F,+233224270328,H-0002,C-01,F-01,BCG:2024-08-19|DTP1:2024-09-30|DTP3:2024-11-03
GT-0402,Fatoumata,Smith,Sarah Smith,2025-03-28,F,+233291987136,H-0085,C-02,F-02,BCG:2025-04-16|DTP1:2025-06-01|DTP2:2025-06-29|DTP3:2025-08-01|MCV1:2025-12-24
GT-0403,John,Diallo,Esther Diallo,2025-08-05,M,+233255356673,H-0097,C-02,F-02,BCG:2025-08-22|DTP1:2025-09-24|DTP2:2025-11-01|DTP3:2025-11-18|MCV1:2026-05-27
GT-0404,Amina,Toure,Sarah Toure,2024-02-20,F,+233271389561,H-0388,C-10,F-04,BCG:2024-03-03|DTP1:2024-04-12|DTP2:2024-05-03|DTP3:2024-06-11|MCV1:2024-12-14|MCV2:2025-08-15
GT-0405,Moussa,Kamara,Joy Kamara,2026-05-23,M,+233284252780,H-0302,C-08,F-03,BCG:2026-06-09|DTP1:2026-07-15|DTP2:2026-08-20|DTP3:2026-09-23
GT-0406,Joy,Osei,Elizabeth Osei,2025-09-09,F,+233227231111,H-0222,C-06,F-01,BCG:2025-09-28|DTP1:2025-10-25|DTP3:2026-01-14|MCV1:2026-06-24
GT-0407,Joy,Smith,Aisha Smith,2025-04-09,F,+233246721417,H-0199,C-06,F-01,BCG:2025-04-29|DTP1:2025-05-30|DTP2:2025-06-21|DTP3:2025-07-29|MCV1:2026-01-08
GT-0408,Esther,Osei,Fatoumata Osei,2024-05-07,F,+233290869462,H-0176,C-05,F-05,BCG:2024-05-28|DTP2:2024-07-21|MCV1:2025-02-04|MCV2:2025-11-22
GT-0409,Joy,Keita,Joy Keita,2025-06-11,F,+233236962876,H-0384,C-10,F-04,BCG:2025-07-11|DTP1:2025-07-26|DTP2:2025-08-21|MCV1:2026-03-13
GT-0410,Mariam,Osei,Fatoumata Osei,2023-11-03,F,+233282811973,H-0320,C-09,F-04,DTP1:2024-01-11|DTP2:2024-01-24|MCV1:2024-08-11
GT-0411,Sarah,Keita,Joy Keita,2023-12-21,F,+233288222933,H-0327,C-09,F-04,BCG:2023-12-31|DTP1:2024-02-29|DTP3:2024-04-16|MCV1:2024-10-09|MCV2:2025-07-06
GT-0412,Joy,Sow,Aisha Sow,2026-08-04,F,+233280159631,H-0342,C-09,F-04,
GT-0413,Fatoumata,Kamara,Amina Kamara,2025-07-17,F,+233245833216,H-0013,C-01,F-01,DTP1:2025-09-20|DTP3:2025-11-07|MCV1:2026-05-06
GT-0414,Grace,Osei,Amina Osei,2025-01-03,F,+233237380537,H-0083,C-02,F-02,BCG:2025-01-28|DTP1:2025-03-12|DTP3:2025-05-09|MCV1:2025-10-18|MCV2:2026-07-17
GT-0415,Kofi,Johnson,Sarah Johnson,2025-05-28,M,+233296854901,H-0278,C-07,F-02,BCG:2025-06-08|DTP1:2025-07-25|DTP2:2025-08-14|MCV1:2026-03-03
GT-0416,Ibrahim,Sow,Amina Sow,2024-07-10,M,+233262016704,H-0200,C-06,F-01,BCG:2024-07-12|DTP1:2024-09-18|DTP2:2024-10-04|MCV1:2025-04-16|MCV2:2026-01-25
GT-0417,Joy,Kamara,Amina Kamara,2025-04-03,F,+233237257905,H-0351,C-09,F-04,BCG:2025-04-08|DTP1:2025-06-14|DTP2:2025-07-05|DTP3:2025-07-26|MCV1:2026-01-26
GT-0418,Kofi,Toure,Joy Toure,2025-07-24,M,+233235970823,H-0227,C-06,F-01,BCG:2025-08-03|DTP1:2025-09-13|DTP2:2025-10-16|DTP3:2025-11-04|MCV1:2026-05-19
GT-0419,David,Osei,Fatoumata Osei,2023-10-13,M,+233226019397,H-0230,C-06,F-01,BCG:2023-11-02|DTP1:2023-12-23|DTP2:2023-12-30|DTP3:2024-01-25|MCV1:2024-07-25
GT-0420,Grace,Ali,Grace Ali,2025-12-07,F,+233231599504,H-0021,C-01,F-01,BCG:2026-01-05|DTP1:2026-02-15|DTP2:2026-03-12|DTP3:2026-03-30
GT-0421,Kofi,Johnson,Fatoumata Johnson,2026-06-10,M,+233230629718,H-0131,C-03,F-03,BCG:2026-06-17|DTP1:2026-08-21|DTP2:2026-09-11|DTP3:2026-09-20
GT-0422,Samuel,Sow,Esther Sow,2024-08-27,M,+233219781894,H-0166,C-04,F-04,BCG:2024-09-06|DTP2:2024-12-04|MCV1:2025-06-06|MCV2:2026-02-20
GT-0423,Joy,Diallo,Fatoumata Diallo,2026-04-13,F,+233277798790,H-0363,C-10,F-04,BCG:2026-04-22|DTP1:2026-05-28
GT-0424,Sarah,Keita,Mary Keita,2025-06-20,F,+233299031246,H-0213,C-06,F-01,BCG:2025-06-28|DTP1:2025-08-11|DTP2:2025-09-08|DTP3:2025-10-16|MCV1:2026-04-07
GT-0425,Grace,Diallo,Elizabeth Diallo,2024-01-01,F,+233285341065,H-0170,C-04,F-04,BCG:2024-01-24|DTP1:2024-03-11|DTP3:2024-05-07|MCV1:2024-10-13|MCV2:2025-07-20
GT-0426,David,Keita,Esther Keita,2025-04-25,M,+233296203262,H-0386,C-10,F-04,BCG:2025-05-22|DTP2:2025-07-24|DTP3:2025-08-08|MCV1:2026-02-01
GT-0427,Muhammad,Keita,Aisha Keita,2026-01-10,M,+233261791391,H-0319,C-09,F-04,BCG:2026-01-18|DTP1:2026-03-01|DTP2:2026-04-05
GT-0428,Amina,Ali,Mariam Ali,2023-10-12,F,+233278281335,H-0277,C-07,F-02,BCG:2023-10-22|DTP1:2023-12-13
GT-0429,Kwame,Diallo,Mariam Diallo,2023-10-13,M,+233221052218,H-0250,C-07,F-02,BCG:2023-10-16|DTP1:2023-12-13|DTP2:2023-12-27|DTP3:2024-02-10|MCV1:2024-07-21
GT-0430,David,Diallo,Mary Diallo,2024-04-14,M,+233223948820,H-0086,C-02,F-02,BCG:2024-04-26|DTP1:2024-06-16
GT-0431,Sarah,Osei,Amina Osei,2024-02-02,F,+233254522084,H-0276,C-07,F-02,BCG:2024-02-18|DTP1:2024-03-27|DTP2:2024-04-29|DTP3:2024-05-13|MCV1:2024-11-28
GT-0432,Muhammad,Osei,Grace Osei,2026-04-08,M,+233287170132,H-0045,C-01,F-01,BCG:2026-04-18|DTP1:2026-06-03|DTP2:2026-07-08|DTP3:2026-07-20
GT-0433,Aisha,Smith,Esther Smith,2024-05-24,F,+233268119636,H-0117,C-03,F-03,BCG:2024-06-04|DTP1:2024-07-16|DTP2:2024-08-24|DTP3:2024-09-27|MCV1:2025-03-15
GT-0434,Sarah,Ali,Amina Ali,2026-04-23,F,+233288598977,H-0009,C-01,F-01,BCG:2026-05-15|DTP1:2026-06-13|DTP2:2026-07-08
GT-0435,Kofi,Ali,Sarah Ali,2025-01-14,M,+233250446607,H-0359,C-10,F-04,BCG:2025-01-16|DTP1:2025-03-07|DTP2:2025-04-04|DTP3:2025-05-17|MCV1:2025-10-23|MCV2:2026-07-09
GT-0436,Esther,Smith,Aisha Smith,2026-06-28,F,+233273617549,H-0045,C-01,F-01,BCG:2026-07-22|DTP1:2026-08-29
GT-0437,Emmanuel,Smith,Joy Smith,2025-01-03,M,+233295100169,H-0274,C-07,F-02,BCG:2025-01-17|DTP1:2025-03-14|DTP2:2025-03-20|MCV1:2025-10-30
GT-0438,Amina,Ali,Joy Ali,2025-11-14,F,+233226540343,H-0153,C-04,F-04,BCG:2025-12-04|DTP1:2026-01-25|DTP2:2026-02-17|DTP3:2026-03-16|MCV1:2026-09-09
GT-0439,Joy,Ali,Sarah Ali,2024-12-14,F,+233238192821,H-0003,C-01,F-01,BCG:2025-01-08|DTP1:2025-02-14|DTP2:2025-02-28|DTP3:2025-03-28
GT-0440,Mary,Smith,Joy Smith,2025-11-12,F,+233231602928,H-0380,C-10,F-04,BCG:2025-12-05|DTP1:2026-01-18|DTP2:2026-02-01|DTP3:2026-02-24|MCV1:2026-08-16
GT-0441,Mary,Mensah,Fatoumata Mensah,2026-05-11,F,+233283665549,H-0114,C-03,F-03,DTP1:2026-06-22|DTP2:2026-08-05|DTP3:2026-08-29
GT-0442,Kwame,Mensah,Grace Mensah,2026-02-10,M,+233236496940,H-0331,C-09,F-04,BCG:2026-02-12|DTP1:2026-04-02|DTP2:2026-05-11
GT-0443,Mariam,Keita,Fatoumata Keita,2025-05-07,F,+233223427820,H-0298,C-08,F-03,BCG:2025-05-16|DTP1:2025-07-14|DTP2:2025-08-05|DTP3:2025-09-08|MCV1:2026-02-09
GT-0444,Ali,Keita,Esther Keita,2024-02-20,M,+233254069864,H-0318,C-08,F-03,BCG:2024-02-23|DTP1:2024-04-25|DTP2:2024-05-23|DTP3:2024-05-28|MCV1:2024-12-03
GT-0445,Elizabeth,Osei,Elizabeth Osei,2024-08-14,F,+233252457517,H-0338,C-09,F-04,BCG:2024-09-07|DTP1:2024-10-07|DTP2:2024-11-11|MCV1:2025-05-24|MCV2:2026-02-05
GT-0446,Kofi,Diallo,Mary Diallo,2024-03-20,M,+233247135338,H-0087,C-02,F-02,BCG:2024-04-04|DTP1:2024-05-09|DTP3:2024-07-08|MCV1:2024-12-17|MCV2:2025-09-24
GT-0447,Kofi,Johnson,Esther Johnson,2024-03-01,M,+233258149482,H-0185,C-06,F-01,BCG:2024-03-17|DTP1:2024-05-04|DTP2:2024-05-17|DTP3:2024-06-22|MCV1:2024-12-26|MCV2:2025-09-09
GT-0448,Joy,Mensah,Fatoumata Mensah,2026-03-16,F,+233247663633,H-0157,C-04,F-04,BCG:2026-03-31|DTP1:2026-04-27|DTP2:2026-06-01|DTP3:2026-07-07
GT-0449,Kwame,Mensah,Sarah Mensah,2026-07-23,M,+233278072320,H-0072,C-02,F-02,BCG:2026-08-13|DTP1:2026-09-07
GT-0450,Elizabeth,Diallo,Amina Diallo,2025-03-15,F,+233282943217,H-0016,C-01,F-01,BCG:2025-03-18|DTP1:2025-05-01|DTP2:2025-06-23|DTP3:2025-06-28|MCV1:2025-12-22
GT-0451,Fatoumata,Keita,Aisha Keita,2025-05-30,F,+233289134873,H-0277,C-07,F-02,BCG:2025-06-23|DTP1:2025-08-04|DTP2:2025-09-01|DTP3:2025-09-18|MCV1:2026-03-06
GT-0452,Moussa,Ali,Joy Ali,2026-02-26,M,+233263255602,H-0149,C-04,F-04,BCG:2026-02-28|DTP1:2026-04-27|DTP2:2026-06-03|DTP3:2026-06-26
GT-0453,Ali,Toure,Fatoumata Toure,2023-10-13,M,+233228840235,H-0258,C-07,F-02,BCG:2023-10-31|DTP1:2023-12-11|DTP2:2024-01-21|DTP3:2024-01-29|MCV1:2024-07-24|MCV2:2025-05-02
GT-0454,Samuel,Toure,Fatoumata Toure,2023-12-14,M,+233258156722,H-0082,C-02,F-02,BCG:2024-01-07|DTP1:2024-01-28|DTP2:2024-02-24|DTP3:2024-04-14|MCV1:2024-09-25
GT-0455,Mary,Mensah,Grace Mensah,2024-08-04,F,+233241409454,H-0113,C-03,F-03,BCG:2024-08-19|DTP2:2024-11-10|DTP3:2024-11-15|MCV1:2025-05-17|MCV2:2026-02-18
GT-0456,Ibrahim,Keita,Aisha Keita,2024-01-12,M,+233271021210,H-0343,C-09,F-04,BCG:2024-01-26|DTP1:2024-03-03|DTP2:2024-03-31|DTP3:2024-05-17|MCV1:2024-10-24|MCV2:2025-08-02
GT-0457,Kofi,Mensah,Joy Mensah,2025-02-16,M,+233245341684,H-0024,C-01,F-01,BCG:2025-03-09|DTP1:2025-04-08|DTP2:2025-05-03|MCV2:2026-08-29
GT-0458,John,Smith,Mariam Smith,2026-03-24,M,+233279345320,H-0279,C-07,F-02,BCG:2026-04-08|DTP1:2026-05-15|DTP3:2026-07-27
GT-0459,Ibrahim,Smith,Mariam Smith,2024-09-23,M,+233275345452,H-0193,C-06,F-01,DTP1:2024-11-26|DTP3:2025-01-12|MCV1:2025-07-05|MCV2:2026-03-17
GT-0460,Ibrahim,Osei,Esther Osei,2025-09-25,M,+233240868838,H-0247,C-07,F-02,BCG:2025-10-02|DTP1:2025-11-09|DTP2:2025-12-14|DTP3:2026-01-20|MCV1:2026-06-27
GT-0461,Mary,Osei,Fatoumata Osei,2025-10-12,F,+233258616740,H-0264,C-07,F-02,BCG:2025-11-02|DTP1:2025-11-30|DTP2:2025-12-21|MCV1:2026-08-04
GT-0462,Ali,Smith,Mariam Smith,2026-01-10,M,+233274628070,H-0368,C-10,F-04,DTP1:2026-03-16|DTP2:2026-04-09
GT-0463,Mary,Toure,Fatoumata Toure,2024-05-11,F,+233213012656,H-0246,C-07,F-02,DTP1:2024-07-12|DTP2:2024-07-22|DTP3:2024-08-20|MCV1:2025-02-13|MCV2:2025-11-20
GT-0464,Samuel,Toure,Fatoumata Toure,2025-11-28,M,+233294495485,H-0023,C-01,F-01,BCG:2025-12-24|DTP1:2026-01-29|DTP2:2026-02-16|DTP3:2026-04-02|MCV1:2026-09-02
GT-0465,Muhammad,Osei,Grace Osei,2025-08-27,M,+233279342339,H-0021,C-01,F-01,DTP1:2025-10-27|DTP2:2025-11-20|DTP3:2025-12-03|MCV1:2026-05-30
GT-0466,Kwame,Mensah,Mary Mensah,2024-02-23,M,+233291406527,H-0307,C-08,F-03,BCG:2024-03-20|DTP1:2024-04-09|DTP2:2024-05-30|DTP3:2024-06-02|MCV2:2025-09-01
GT-0467,Ali,Smith,Elizabeth Smith,2025-11-11,M,+233288201440,H-0247,C-07,F-02,BCG:2025-11-25|DTP1:2026-01-02|DTP2:2026-02-13|DTP3:2026-03-06|MCV1:2026-09-01
GT-0468,Samuel,Ali,Grace Ali,2025-09-21,M,+233255992559,H-0393,C-10,F-04,BCG:2025-10-07|DTP1:2025-11-28|DTP2:2025-12-16|DTP3:2026-01-16
GT-0469,Ali,Smith,Aisha Smith,2025-12-03,M,+233224572034,H-0233,C-06,F-01,DTP3:2026-04-06|MCV1:2026-09-13
GT-0470,Fatoumata,Toure,Sarah Toure,2025-09-01,F,+233273870080,H-0104,C-02,F-02,BCG:2025-09-27|DTP1:2025-10-16|DTP2:2025-11-23|DTP3:2025-12-13|MCV1:2026-06-09
GT-0471,Ibrahim,Ali,Sarah Ali,2026-02-21,M,+233274725282,H-0315,C-08,F-03,BCG:2026-03-18|DTP1:2026-04-27|DTP2:2026-05-21|DTP3:2026-06-28
GT-0472,John,Ali,Aisha Ali,2024-08-02,M,+233215830187,H-0067,C-02,F-02,DTP1:2024-09-18|MCV1:2025-05-10|MCV2:2026-01-24
GT-0473,Mary,Johnson,Aisha Johnson,2024-09-12,F,+233289060695,H-0272,C-07,F-02,BCG:2024-09-23|DTP1:2024-11-04|DTP3:2024-12-19|MCV1:2025-06-10
GT-0474,John,Osei,Grace Osei,2023-12-27,M,+233241207351,H-0380,C-10,F-04,BCG:2024-01-09|DTP1:2024-02-29|DTP2:2024-03-14|DTP3:2024-04-21
GT-0475,Elizabeth,Ali,Aisha Ali,2025-03-21,F,+233235369971,H-0043,C-01,F-01,DTP2:2025-06-14|DTP3:2025-07-20
GT-0476,Samuel,Ali,Sarah Ali,2023-10-01,M,+233210965569,H-0364,C-10,F-04,BCG:2023-10-03|DTP1:2023-12-01|DTP3:2024-01-30|MCV1:2024-07-24|MCV2:2025-04-06
GT-0477,Kofi,Smith,Mariam Smith,2026-01-24,M,+233230774029,H-0336,C-09,F-04,BCG:2026-01-28|DTP1:2026-03-27|DTP2:2026-04-14|DTP3:2026-05-19
GT-0478,Grace,Ali,Aisha Ali,2024-08-12,F,+233292125234,H-0334,C-09,F-04,BCG:2024-09-09|DTP1:2024-10-12|DTP2:2024-10-31|MCV2:2026-02-25
GT-0479,Mary,Smith,Joy Smith,2023-12-16,F,+233233987338,H-0349,C-09,F-04,BCG:2024-01-04|DTP1:2024-02-07|DTP2:2024-03-25|DTP3:2024-04-05
GT-0480,Grace,Sow,Elizabeth Sow,2024-09-24,F,+233263436070,H-0287,C-08,F-03,BCG:2024-10-21|DTP1:2024-11-09|DTP2:2024-12-05|DTP3:2025-01-01|MCV1:2025-06-27
GT-0481,Ali,Johnson,Fatoumata Johnson,2026-02-06,M,+233238784084,H-0071,C-02,F-02,BCG:2026-02-27|DTP1:2026-04-15|DTP3:2026-06-01
GT-0482,Joy,Toure,Amina Toure,2025-10-05,F,+233262224611,H-0206,C-06,F-01,BCG:2025-10-16|DTP1:2025-12-12|DTP2:2026-01-01|MCV1:2026-07-31
GT-0483,Emmanuel,Johnson,Elizabeth Johnson,2024-03-22,M,+233221830043,H-0003,C-01,F-01,BCG:2024-04-15|DTP1:2024-05-13|DTP2:2024-06-30|DTP3:2024-07-03|MCV1:2024-12-23
GT-0484,Kofi,Mensah,Elizabeth Mensah,2026-06-14,M,+233261583363,H-0135,C-03,F-03,BCG:2026-07-13|DTP1:2026-08-02|DTP2:2026-09-13
GT-0485,Elizabeth,Kamara,Fatoumata Kamara,2023-11-22,F,+233268917831,H-0206,C-06,F-01,BCG:2023-12-16|DTP1:2024-01-07|DTP2:2024-02-12|DTP3:2024-03-04|MCV1:2024-09-05|MCV2:2025-05-22
GT-0486,Mary,Kamara,Elizabeth Kamara,2023-10-20,F,+233279231333,H-0104,C-02,F-02,BCG:2023-10-29|DTP2:2024-01-07|DTP3:2024-02-09|MCV1:2024-07-31|MCV2:2025-04-23
GT-0487,Muhammad,Keita,Mary Keita,2026-08-30,M,+233231131878,H-0119,C-03,F-03,BCG:2026-09-20
GT-0488,Mariam,Smith,Aisha Smith,2025-07-16,F,+233279490249,H-0142,C-04,F-04,BCG:2025-08-12|DTP1:2025-09-22|DTP2:2025-10-24|MCV1:2026-04-29
GT-0489,David,Ali,Grace Ali,2024-09-17,M,+233256637316,H-0378,C-10,F-04,BCG:2024-10-10|DTP1:2024-11-18|MCV1:2025-07-06
GT-0490,Samuel,Diallo,Esther Diallo,2024-05-25,M,+233287162674,H-0142,C-04,F-04,BCG:2024-06-18|DTP1:2024-07-08|DTP2:2024-08-09|DTP3:2024-09-14|MCV1:2025-03-20|MCV2:2025-12-07
GT-0491,John,Ali,Sarah Ali,2026-04-04,M,+233277534222,H-0134,C-03,F-03,BCG:2026-04-20|DTP1:2026-06-03|DTP2:2026-07-01|DTP3:2026-07-29
GT-0492,Ibrahim,Sow,Joy Sow,2025-04-05,M,+233269427400,H-0175,C-04,F-04,DTP1:2025-05-20|DTP2:2025-07-11|MCV1:2026-01-15
GT-0493,Mary,Keita,Esther Keita,2024-01-30,F,+233288762521,H-0289,C-08,F-03,DTP1:2024-03-23|DTP2:2024-04-23|DTP3:2024-05-31|MCV1:2024-11-20
GT-0494,Sarah,Sow,Sarah Sow,2024-07-08,F,+233295048646,H-0015,C-01,F-01,BCG:2024-07-31|DTP1:2024-08-31|DTP2:2024-09-23|DTP3:2024-10-25|MCV1:2025-04-19
GT-0495,Kofi,Smith,Mariam Smith,2023-10-08,M,+233281893982,H-0113,C-03,F-03,BCG:2023-11-07|DTP2:2024-01-14|MCV1:2024-07-17
GT-0496,Mary,Sow,Sarah Sow,2024-06-04,F,+233255901507,H-0359,C-10,F-04,DTP1:2024-07-16|DTP2:2024-08-18
GT-0497,Moussa,Keita,Mariam Keita,2025-06-09,M,+233287002404,H-0284,C-08,F-03,DTP1:2025-08-08|DTP2:2025-08-22|DTP3:2025-10-10
GT-0498,Moussa,Diallo,Mary Diallo,2025-04-22,M,+233245622106,H-0094,C-02,F-02,DTP1:2025-06-27|DTP2:2025-07-12|DTP3:2025-08-03|MCV1:2026-02-07
GT-0499,Ali,Toure,Mariam Toure,2025-10-15,M,+233224319594,H-0118,C-03,F-03,BCG:2025-11-13|DTP1:2025-12-05|DTP2:2025-12-31|MCV1:2026-08-04
GT-0500,Elizabeth,Kamara,Joy Kamara,2026-06-05,F,+233274732147,H-0041,C-01,F-01,BCG:2026-06-27|DTP1:2026-08-10|DTP2:2026-08-29|DTP3:2026-09-14
GT-0501,Esther,Toure,Grace Toure,2023-11-29,F,+233234544645,H-0318,C-08,F-03,BCG:2023-12-21|DTP1:2024-01-16|DTP3:2024-04-01|MCV1:2024-09-01
GT-0502,Aisha,Diallo,Elizabeth Diallo,2025-12-11,F,+233217267644,H-0262,C-07,F-02,BCG:2025-12-16|DTP1:2026-02-20|DTP2:2026-03-15|DTP3:2026-03-28
GT-0503,Joy,Kamara,Joy Kamara,2024-09-18,F,+233262843790,H-0217,C-06,F-01,BCG:2024-10-02|DTP1:2024-11-16|DTP2:2024-12-12|DTP3:2025-01-12|MCV1:2025-07-13
GT-0504,Moussa,Mensah,Joy Mensah,2024-01-31,M,+233252365995,H-0352,C-09,F-04,BCG:2024-02-12|DTP1:2024-03-29|DTP3:2024-06-01|MCV1:2024-10-29
GT-0505,Ali,Smith,Elizabeth Smith,2026-02-05,M,+233253679307,H-0005,C-01,F-01,BCG:2026-02-12|DTP1:2026-03-28|DTP2:2026-04-26|DTP3:2026-05-19
GT-0506,Fatoumata,Ali,Grace Ali,2025-05-02,F,+233246159360,H-0314,C-08,F-03,BCG:2025-05-12|DTP1:2025-07-04|DTP3:2025-09-07
GT-0507,Mariam,Osei,Esther Osei,2024-04-14,F,+233238257191,H-0314,C-08,F-03,BCG:2024-04-27|DTP1:2024-06-21|DTP2:2024-07-18|DTP3:2024-08-11|MCV1:2025-01-29
GT-0508,Mariam,Smith,Grace Smith,2024-02-19,F,+233234144323,H-0359,C-10,F-04,BCG:2024-02-20|DTP1:2024-04-05|DTP2:2024-05-11|DTP3:2024-05-27|MCV1:2024-12-15
GT-0509,David,Sow,Mary Sow,2024-03-28,M,+233261121302,H-0068,C-02,F-02,BCG:2024-03-30|DTP1:2024-05-17|DTP2:2024-06-09|DTP3:2024-07-29|MCV2:2025-10-13
GT-0510,Moussa,Kamara,Fatoumata Kamara,2024-04-19,M,+233277054885,H-0075,C-02,F-02,BCG:2024-04-30|DTP1:2024-06-11|DTP2:2024-07-03|MCV1:2025-01-26
GT-0511,Esther,Sow,Grace Sow,2026-05-25,F,+233263472598,H-0323,C-09,F-04,BCG:2026-05-26|DTP1:2026-08-04|DTP2:2026-08-11|DTP3:2026-09-26
GT-0512,Muhammad,Diallo,Grace Diallo,2023-12-29,M,+233294538675,H-0354,C-09,F-04,BCG:2024-01-26|DTP1:2024-02-10|DTP2:2024-03-09|DTP3:2024-04-20|MCV1:2024-09-25
GT-0513,Grace,Keita,Mariam Keita,2025-03-21,F,+233256189726,H-0231,C-06,F-01,BCG:2025-03-30|DTP1:2025-05-23|DTP2:2025-06-25|DTP3:2025-07-05|MCV1:2025-12-27|MCV2:2026-09-26
GT-0514,Kofi,Toure,Mary Toure,2025-09-07,M,+233248199537,H-0211,C-06,F-01,BCG:2025-09-28|DTP1:2025-10-22|DTP2:2025-11-17|DTP3:2025-12-26|MCV1:2026-06-06
GT-0515,Esther,Mensah,Aisha Mensah,2025-01-21,F,+233272243750,H-0167,C-04,F-04,BCG:2025-01-26|DTP1:2025-03-24|DTP2:2025-04-29|DTP3:2025-05-13|MCV1:2025-10-25
GT-0516,Kofi,Smith,Elizabeth Smith,2024-05-24,M,+233219575640,H-0075,C-02,F-02,DTP3:2024-08-31|MCV1:2025-03-01|MCV2:2025-12-04
GT-0517,Mary,Keita,Mariam Keita,2025-01-11,F,+233245899536,H-0083,C-02,F-02,DTP1:2025-03-22|DTP2:2025-04-07|MCV1:2025-11-06
GT-0518,Grace,Johnson,Mariam Johnson,2024-02-20,F,+233265564671,H-0331,C-09,F-04,BCG:2024-03-04|DTP1:2024-05-02|DTP2:2024-05-23|DTP3:2024-06-25|MCV1:2024-12-15|MCV2:2025-08-16
GT-0519,Emmanuel,Diallo,Grace Diallo,2026-03-20,M,+233238262427,H-0095,C-02,F-02,BCG:2026-04-08|DTP1:2026-05-10|DTP2:2026-06-15
GT-0520,David,Mensah,Esther Mensah,2026-05-12,M,+233213538638,H-0204,C-06,F-01,BCG:2026-06-07|DTP1:2026-07-11|DTP2:2026-08-14
GT-0521,David,Sow,Elizabeth Sow,2025-10-16,M,+233221316066,H-0204,C-06,F-01,BCG:2025-11-08|DTP1:2025-12-05|DTP2:2025-12-26|DTP3:2026-02-20|MCV1:2026-07-22
GT-0522,Mary,Diallo,Grace Diallo,2024-03-06,F,+233294084814,H-0200,C-06,F-01,BCG:2024-03-20|DTP1:2024-05-12|DTP2:2024-05-19|DTP3:2024-06-26|MCV1:2024-12-21|MCV2:2025-09-04
GT-0523,Muhammad,Kamara,Mariam Kamara,2024-11-02,M,+233273908407,H-0068,C-02,F-02,BCG:2024-11-25|DTP1:2024-12-16|DTP2:2025-02-03|DTP3:2025-03-06|MCV1:2025-08-12
GT-0524,Joy,Johnson,Fatoumata Johnson,2025-09-02,F,+233289299984,H-0277,C-07,F-02,BCG:2025-09-15|DTP1:2025-10-31|DTP2:2025-11-21|DTP3:2026-01-04|MCV1:2026-06-13
GT-0525,Joy,Ali,Grace Ali,2024-09-18,F,+233274646194,H-0234,C-06,F-01,BCG:2024-10-04|DTP1:2024-11-21|DTP2:2024-12-09|DTP3:2024-12-26|MCV1:2025-07-03
GT-0526,Moussa,Sow,Mariam Sow,2024-05-08,M,+233244870711,H-0117,C-03,F-03,BCG:2024-05-26|DTP2:2024-08-09|MCV1:2025-02-11
GT-0527,Muhammad,Ali,Fatoumata Ali,2024-09-25,M,+233248488577,H-0156,C-04,F-04,BCG:2024-10-10|DTP1:2024-11-25|DTP2:2024-12-23|DTP3:2025-01-14|MCV1:2025-07-16|MCV2:2026-03-28
GT-0528,Moussa,Johnson,Grace Johnson,2026-08-12,M,+233267772049,H-0274,C-07,F-02,BCG:2026-08-28
GT-0529,Muhammad,Ali,Mariam Ali,2025-08-09,M,+233265262252,H-0150,C-04,F-04,BCG:2025-08-27|DTP1:2025-10-09|DTP3:2025-11-27|MCV1:2026-05-09
GT-0530,Aisha,Diallo,Fatoumata Diallo,2024-06-23,F,+233260782359,H-0288,C-08,F-03,BCG:2024-06-29|DTP2:2024-09-24|MCV1:2025-03-31
GT-0531,John,Diallo,Joy Diallo,2025-02-20,M,+233248208680,H-0135,C-03,F-03,BCG:2025-03-12|DTP1:2025-04-27|DTP2:2025-05-04|DTP3:2025-06-19
GT-0532,Aisha,Diallo,Sarah Diallo,2025-08-22,F,+233228337367,H-0381,C-10,F-04,BCG:2025-09-09|DTP1:2025-10-10|DTP3:2025-12-12|MCV1:2026-06-17
GT-0533,Elizabeth,Johnson,Grace Johnson,2023-11-27,F,+233235204672,H-0057,C-01,F-01,BCG:2023-12-27|DTP2:2024-02-05|DTP3:2024-03-14|MCV1:2024-09-12|MCV2:2025-06-18
GT-0534,Muhammad,Ali,Amina Ali,2025-08-15,M,+233223726915,H-0010,C-01,F-01,BCG:2025-09-03|DTP1:2025-10-09|DTP2:2025-11-13|DTP3:2025-11-28|MCV1:2026-05-31
GT-0535,Moussa,Kamara,Mary Kamara,2026-02-27,M,+233230224423,H-0138,C-03,F-03,BCG:2026-03-02|DTP1:2026-05-03|DTP2:2026-05-08|DTP3:2026-06-12
GT-0536,Kofi,Smith,Grace Smith,2023-11-14,M,+233259848072,H-0253,C-07,F-02,BCG:2023-12-05|DTP1:2023-12-28|DTP3:2024-03-10
GT-0537,Kofi,Mensah,Fatoumata Mensah,2026-05-08,M,+233245769504,H-0357,C-09,F-04,BCG:2026-06-05|DTP1:2026-07-18|DTP2:2026-07-28|DTP3:2026-08-21
GT-0538,Ibrahim,Johnson,Fatoumata Johnson,2025-08-02,M,+233243565097,H-0201,C-06,F-01,BCG:2025-09-01|DTP1:2025-09-19|DTP2:2025-10-20|DTP3:2025-11-08|MCV1:2026-05-13
GT-0539,David,Diallo,Aisha Diallo,2024-03-06,M,+233243173547,H-0196,C-06,F-01,BCG:2024-03-28|DTP1:2024-04-24|DTP2:2024-05-29|DTP3:2024-06-15
GT-0540,Moussa,Mensah,Joy Mensah,2025-06-30,M,+233273461570,H-0018,C-01,F-01,BCG:2025-07-30|DTP1:2025-08-25|DTP2:2025-09-10|DTP3:2025-10-07|MCV1:2026-04-09
GT-0541,Mariam,Osei,Amina Osei,2025-12-23,F,+233243999060,H-0349,C-09,F-04,BCG:2026-01-08|DTP2:2026-03-16
GT-0542,Mary,Keita,Amina Keita,2025-06-10,F,+233225157001,H-0327,C-09,F-04,BCG:2025-07-03|DTP1:2025-08-11|DTP3:2025-09-30|MCV1:2026-03-30
GT-0543,Mariam,Kamara,Fatoumata Kamara,2025-02-11,F,+233288476684,H-0325,C-09,F-04,BCG:2025-03-09|DTP1:2025-04-20|DTP2:2025-04-23|DTP3:2025-06-11
GT-0544,Muhammad,Kamara,Elizabeth Kamara,2023-12-31,M,+233290022258,H-0203,C-06,F-01,BCG:2024-01-26|DTP1:2024-02-15|MCV1:2024-10-21|MCV2:2025-06-28
GT-0545,Ali,Osei,Esther Osei,2026-02-24,M,+233293033107,H-0191,C-06,F-01,BCG:2026-03-18|DTP1:2026-05-06|DTP2:2026-05-20|DTP3:2026-06-05
GT-0546,Muhammad,Keita,Fatoumata Keita,2026-01-23,M,+233226888275,H-0389,C-10,F-04,BCG:2026-02-15|DTP1:2026-04-03|DTP2:2026-04-27|DTP3:2026-05-09
GT-0547,Joy,Keita,Esther Keita,2025-07-31,F,+233212865928,H-0120,C-03,F-03,BCG:2025-08-23|DTP1:2025-10-06|DTP2:2025-10-17|DTP3:2025-11-25|MCV1:2026-05-01
GT-0548,Fatoumata,Sow,Amina Sow,2023-12-11,F,+233268720256,H-0194,C-06,F-01,BCG:2023-12-21|DTP1:2024-02-19|DTP2:2024-03-01|DTP3:2024-03-27|MCV2:2025-06-23
GT-0549,Mary,Toure,Fatoumata Toure,2024-09-17,F,+233253443711,H-0151,C-04,F-04,BCG:2024-10-10|DTP1:2024-11-07|DTP2:2024-12-21|DTP3:2024-12-28|MCV1:2025-07-11|MCV2:2026-03-31
GT-0550,Elizabeth,Ali,Fatoumata Ali,2026-04-11,F,+233281288059,H-0240,C-07,F-02,BCG:2026-05-09|DTP1:2026-06-01|DTP2:2026-06-20|DTP3:2026-08-10
GT-0551,Grace,Ali,Mariam Ali,2024-02-13,F,+233210096613,H-0231,C-06,F-01,BCG:2024-03-12|DTP2:2024-05-12
GT-0552,Fatoumata,Kamara,Elizabeth Kamara,2024-08-15,F,+233293241474,H-0327,C-09,F-04,BCG:2024-09-01|DTP1:2024-10-07|DTP2:2024-11-22|DTP3:2024-11-26|MCV2:2026-02-21
GT-0553,Ibrahim,Smith,Mary Smith,2023-11-16,M,+233284016756,H-0165,C-04,F-04,BCG:2023-11-17|DTP1:2023-12-30|DTP2:2024-02-03|DTP3:2024-02-26|MCV1:2024-09-05
GT-0554,Mariam,Smith,Mariam Smith,2026-01-16,F,+233222919301,H-0314,C-08,F-03,BCG:2026-01-23|DTP1:2026-03-13|DTP2:2026-04-16
GT-0555,Muhammad,Osei,Fatoumata Osei,2026-06-27,M,+233237122588,H-0338,C-09,F-04,BCG:2026-07-25|DTP1:2026-09-02|DTP2:2026-09-12
GT-0556,David,Kamara,Elizabeth Kamara,2024-06-26,M,+233298304696,H-0249,C-07,F-02,BCG:2024-07-08|DTP1:2024-08-19|DTP2:2024-10-04|DTP3:2024-10-04|MCV1:2025-04-22|MCV2:2026-01-10
GT-0557,Amina,Keita,Mary Keita,2026-04-07,F,+233211756387,H-0270,C-07,F-02,BCG:2026-04-10|DTP2:2026-07-04|DTP3:2026-07-21
GT-0558,Sarah,Johnson,Amina Johnson,2024-08-21,F,+233284896161,H-0107,C-03,F-03,BCG:2024-09-14|DTP1:2024-10-31|DTP2:2024-11-06|DTP3:2024-12-19|MCV1:2025-05-19
GT-0559,Amina,Toure,Grace Toure,2026-06-08,F,+233219447334,H-0213,C-06,F-01,BCG:2026-06-17|DTP1:2026-07-26|DTP2:2026-09-15
GT-0560,Ali,Ali,Sarah Ali,2026-02-04,M,+233241006711,H-0156,C-04,F-04,BCG:2026-02-14|DTP1:2026-03-25|DTP2:2026-05-09|DTP3:2026-05-27
GT-0561,Ali,Ali,Mary Ali,2025-08-29,M,+233284950330,H-0198,C-06,F-01,BCG:2025-09-27|DTP1:2025-10-20|DTP2:2025-11-09|DTP3:2025-12-08|MCV1:2026-06-10
GT-0562,Sarah,Toure,Mariam Toure,2024-02-03,F,+233299287317,H-0286,C-08,F-03,BCG:2024-02-21|DTP1:2024-04-04|DTP2:2024-05-01|DTP3:2024-05-24|MCV2:2025-08-24
GT-0563,Emmanuel,Ali,Aisha Ali,2023-11-01,M,+233255300210,H-0054,C-01,F-01,BCG:2023-11-22|DTP1:2024-01-07|DTP2:2024-02-03|DTP3:2024-02-07|MCV1:2024-08-10
GT-0564,Mariam,Keita,Joy Keita,2024-11-04,F,+233259891348,H-0081,C-02,F-02,BCG:2024-11-10|DTP1:2024-12-31|DTP2:2025-02-12|DTP3:2025-02-18|MCV2:2026-05-06
GT-0565,Mariam,Toure,Mary Toure,2025-06-18,F,+233260340113,H-0392,C-10,F-04,BCG:2025-07-05|DTP1:2025-08-13|DTP2:2025-09-20|MCV1:2026-03-25
GT-0566,Mariam,Johnson,Esther Johnson,2024-06-08,F,+233210026256,H-0282,C-07,F-02,BCG:2024-06-25|DTP1:2024-07-25|DTP2:2024-09-10|DTP3:2024-09-23|MCV1:2025-04-01|MCV2:2025-12-20
GT-0567,Elizabeth,Kamara,Joy Kamara,2025-11-27,F,+233250512501,H-0018,C-01,F-01,BCG:2025-12-24|DTP1:2026-02-01|DTP2:2026-02-12|DTP3:2026-03-21|MCV1:2026-09-17
GT-0568,Ali,Keita,Amina Keita,2025-02-11,M,+233284311410,H-0154,C-04,F-04,BCG:2025-02-15|DTP1:2025-04-23|DTP2:2025-05-10|DTP3:2025-05-30|MCV1:2025-12-02|MCV2:2026-08-10
GT-0569,David,Kamara,Esther Kamara,2024-09-01,M,+233230952341,H-0285,C-08,F-03,BCG:2024-09-21|DTP1:2024-10-23|MCV1:2025-06-23|MCV2:2026-03-18
GT-0570,Elizabeth,Diallo,Mary Diallo,2025-03-24,F,+233250305910,H-0136,C-03,F-03,BCG:2025-04-23|DTP1:2025-06-03|DTP3:2025-07-04|MCV1:2026-01-11
GT-0571,Elizabeth,Diallo,Sarah Diallo,2024-11-04,F,+233274764506,H-0293,C-08,F-03,BCG:2024-11-14|DTP1:2024-12-28|DTP2:2025-01-13|MCV1:2025-08-31|MCV2:2026-05-18
GT-0572,Samuel,Sow,Amina Sow,2024-07-10,M,+233220533057,H-0250,C-07,F-02,BCG:2024-07-25|DTP1:2024-08-21|DTP3:2024-11-06|MCV1:2025-04-15
GT-0573,Mariam,Smith,Aisha Smith,2025-12-27,F,+233240429530,H-0029,C-01,F-01,BCG:2026-01-10|DTP1:2026-02-17|DTP2:2026-03-30|DTP3:2026-04-10
GT-0574,John,Kamara,Grace Kamara,2026-06-07,M,+233252857940,H-0335,C-09,F-04,BCG:2026-06-11|DTP1:2026-07-24|DTP2:2026-08-31
GT-0575,Kofi,Ali,Mary Ali,2025-10-21,M,+233216780654,H-0290,C-08,F-03,BCG:2025-11-21|DTP2:2026-01-20|DTP3:2026-02-26
GT-0576,Esther,Toure,Elizabeth Toure,2023-11-01,F,+233222090729,H-0375,C-10,F-04,BCG:2023-11-10|DTP2:2024-01-11|DTP3:2024-02-27|MCV1:2024-08-14|MCV2:2025-05-23
GT-0577,Aisha,Osei,Fatoumata Osei,2024-10-11,F,+233221079017,H-0222,C-06,F-01,BCG:2024-10-27|DTP1:2024-12-15|DTP2:2025-01-13|DTP3:2025-02-12|MCV1:2025-07-12|MCV2:2026-04-22
GT-0578,Ibrahim,Smith,Grace Smith,2026-03-09,M,+233263489393,H-0293,C-08,F-03,BCG:2026-03-12|DTP1:2026-04-30|DTP2:2026-06-11|DTP3:2026-07-02
GT-0579,Emmanuel,Johnson,Joy Johnson,2025-07-21,M,+233275479608,H-0223,C-06,F-01,BCG:2025-07-31|DTP1:2025-09-05|DTP2:2025-10-01|MCV1:2026-05-10
GT-0580,Ibrahim,Toure,Joy Toure,2025-04-13,M,+233242522981,H-0334,C-09,F-04,BCG:2025-05-11|DTP1:2025-06-18|DTP2:2025-07-20|DTP3:2025-07-30|MCV1:2026-01-22
GT-0581,Mariam,Toure,Sarah Toure,2026-01-12,F,+233265510043,H-0137,C-03,F-03,BCG:2026-01-19|DTP1:2026-03-17|DTP2:2026-04-11|DTP3:2026-04-20
GT-0582,Mary,Keita,Mariam Keita,2026-07-12,F,+233250912093,H-0188,C-06,F-01,BCG:2026-08-02|DTP1:2026-09-04
GT-0583,Elizabeth,Osei,Esther Osei,2026-05-31,F,+233241338443,H-0180,C-06,F-01,BCG:2026-06-27|DTP1:2026-08-10|DTP3:2026-09-24
GT-0584,Fatoumata,Mensah,Sarah Mensah,2026-05-11,F,+233242621391,H-0351,C-09,F-04,BCG:2026-05-13|DTP3:2026-09-03
GT-0585,Amina,Keita,Sarah Keita,2024-12-14,F,+233270406241,H-0076,C-02,F-02,BCG:2025-01-02|DTP1:2025-01-27|DTP2:2025-03-12|DTP3:2025-04-08|MCV1:2025-09-27|MCV2:2026-06-23
GT-0586,Mary,Ali,Mary Ali,2025-07-09,F,+233283339816,H-0012,C-01,F-01,BCG:2025-07-12|DTP1:2025-09-03|DTP2:2025-09-23|MCV1:2026-04-18
GT-0587,Joy,Johnson,Elizabeth Johnson,2025-11-14,F,+233299692417,H-0385,C-10,F-04,BCG:2025-11-29|DTP1:2026-01-23|DTP3:2026-03-02|MCV1:2026-08-31
GT-0588,Kwame,Osei,Amina Osei,2025-01-26,M,+233236936968,H-0193,C-06,F-01,BCG:2025-02-10|DTP1:2025-03-31|DTP2:2025-05-06|DTP3:2025-05-04|MCV1:2025-11-01|MCV2:2026-08-15
GT-0589,Amina,Johnson,Amina Johnson,2026-04-16,F,+233262163068,H-0357,C-09,F-04,BCG:2026-04-17|DTP1:2026-06-10|DTP2:2026-07-22|DTP3:2026-08-13
GT-0590,Sarah,Kamara,Grace Kamara,2024-06-30,F,+233241026926,H-0139,C-03,F-03,BCG:2024-07-18|DTP1:2024-09-01|DTP2:2024-10-04|DTP3:2024-10-17
GT-0591,Kofi,Johnson,Elizabeth Johnson,2026-03-03,M,+233235020518,H-0261,C-07,F-02,BCG:2026-03-10|DTP1:2026-04-20|DTP2:2026-05-15|DTP3:2026-06-28
GT-0592,Joy,Kamara,Amina Kamara,2025-04-11,F,+233281056927,H-0257,C-07,F-02,DTP1:2025-05-27|DTP2:2025-07-20|DTP3:2025-08-14|MCV1:2026-01-13
GT-0593,Aisha,Osei,Amina Osei,2024-09-19,F,+233257232974,H-0171,C-04,F-04,BCG:2024-09-26|DTP1:2024-11-13|DTP3:2025-01-24|MCV1:2025-06-27|MCV2:2026-04-10
GT-0594,Mary,Ali,Grace Ali,2026-04-26,F,+233293992429,H-0321,C-09,F-04,BCG:2026-05-11|DTP1:2026-07-07|DTP2:2026-07-19
GT-0595,Ibrahim,Sow,Mary Sow,2025-10-24,M,+233255873760,H-0199,C-06,F-01,BCG:2025-10-31|DTP1:2025-12-19|DTP2:2026-01-08|DTP3:2026-02-11|MCV1:2026-07-24
GT-0596,David,Smith,Joy Smith,2025-05-22,M,+233266013532,H-0202,C-06,F-01,BCG:2025-05-28|DTP1:2025-07-21|DTP2:2025-08-03|DTP3:2025-09-03|MCV1:2026-03-03
GT-0597,John,Sow,Elizabeth Sow,2024-10-25,M,+233270286467,H-0294,C-08,F-03,BCG:2024-11-06|DTP1:2024-12-16|DTP2:2025-01-09|MCV1:2025-08-02|MCV2:2026-05-04
GT-0598,Emmanuel,Toure,Joy Toure,2025-07-12,M,+233228536762,H-0068,C-02,F-02,BCG:2025-07-27|DTP1:2025-09-04|DTP3:2025-11-14|MCV1:2026-04-19
GT-0599,John,Osei,Elizabeth Osei,2025-10-11,M,+233252613620,H-0353,C-09,F-04,DTP1:2025-12-05|DTP3:2026-01-24
GT-0600,Emmanuel,Keita,Fatoumata Keita,2026-07-01,M,+233252773504,H-0286,C-08,F-03,BCG:2026-07-22|DTP1:2026-09-09
GT-0601,Grace,Johnson,Grace Johnson,2025-10-23,F,+233235224021,H-0212,C-06,F-01,DTP1:2026-01-01|DTP2:2026-01-05|MCV1:2026-07-20
GT-0602,Muhammad,Toure,Elizabeth Toure,2025-03-02,M,+233291282861,H-0068,C-02,F-02,BCG:2025-03-07|DTP1:2025-04-28|DTP2:2025-05-12|DTP3:2025-06-14
GT-0603,Samuel,Diallo,Mary Diallo,2026-07-08,M,+233258219240,H-0314,C-08,F-03,BCG:2026-07-22|DTP1:2026-09-01
GT-0604,Fatoumata,Ali,Elizabeth Ali,2024-01-13,F,+233297183615,H-0353,C-09,F-04,BCG:2024-01-18|DTP1:2024-03-20|DTP2:2024-04-03|MCV1:2024-10-14|MCV2:2025-07-12
GT-0605,Esther,Johnson,Fatoumata Johnson,2025-09-29,F,+233235938895,H-0095,C-02,F-02,BCG:2025-10-20|DTP1:2025-12-06|DTP2:2025-12-18|DTP3:2026-01-05|MCV1:2026-07-24
GT-0606,Amina,Sow,Aisha Sow,2025-06-01,F,+233237223861,H-0017,C-01,F-01,BCG:2025-06-25|DTP3:2025-09-19|MCV1:2026-03-21
GT-0607,Emmanuel,Johnson,Elizabeth Johnson,2023-12-01,M,+233253606752,H-0105,C-02,F-02,BCG:2023-12-07|DTP1:2024-01-23|DTP3:2024-03-10|MCV1:2024-09-11|MCV2:2025-06-06
GT-0608,John,Smith,Amina Smith,2024-07-12,M,+233251996390,H-0235,C-06,F-01,BCG:2024-07-30|DTP1:2024-09-19|DTP2:2024-10-10|DTP3:2024-11-02|MCV1:2025-05-06|MCV2:2026-01-13
GT-0609,Ibrahim,Mensah,Esther Mensah,2024-02-07,M,+233215692967,H-0314,C-08,F-03,BCG:2024-02-19|DTP2:2024-04-20|DTP3:2024-06-07|MCV2:2025-08-04
GT-0610,Amina,Ali,Aisha Ali,2023-10-08,F,+233294644215,H-0126,C-03,F-03,BCG:2023-10-13|DTP1:2023-11-23|DTP2:2023-12-19|DTP3:2024-02-05|MCV1:2024-08-01
GT-0611,Esther,Smith,Grace Smith,2025-01-22,F,+233271920968,H-0098,C-02,F-02,BCG:2025-01-31|DTP1:2025-03-26|DTP2:2025-04-24|MCV1:2025-11-04|MCV2:2026-08-13
GT-0612,Elizabeth,Kamara,Joy Kamara,2025-11-12,F,+233272220513,H-0217,C-06,F-01,BCG:2025-12-11|DTP1:2026-01-06|DTP2:2026-01-25|DTP3:2026-03-19
GT-0613,Sarah,Ali,Sarah Ali,2025-08-27,F,+233288577462,H-0331,C-09,F-04,BCG:2025-09-22|DTP1:2025-10-09|DTP2:2025-11-10|DTP3:2025-12-23|MCV1:2026-06-18
GT-0614,John,Smith,Mariam Smith,2024-02-19,M,+233213343647,H-0357,C-09,F-04,BCG:2024-03-03|DTP1:2024-04-19|DTP2:2024-05-26|DTP3:2024-06-16
GT-0615,Moussa,Mensah,Grace Mensah,2024-11-05,M,+233297050454,H-0233,C-06,F-01,BCG:2024-11-12|DTP1:2024-12-25|DTP2:2025-01-17|DTP3:2025-03-03|MCV1:2025-08-31|MCV2:2026-05-27
GT-0616,David,Mensah,Sarah Mensah,2024-02-22,M,+233295103759,H-0365,C-10,F-04,BCG:2024-03-04|DTP1:2024-04-19|DTP2:2024-05-16|DTP3:2024-06-20
GT-0617,Joy,Toure,Fatoumata Toure,2024-07-16,F,+233283866174,H-0044,C-01,F-01,BCG:2024-08-11|DTP1:2024-09-16|DTP2:2024-10-11|DTP3:2024-10-29
GT-0618,Kofi,Toure,Fatoumata Toure,2025-10-02,M,+233229408873,H-0023,C-01,F-01,BCG:2025-10-25|DTP1:2025-12-10|DTP2:2025-12-25|DTP3:2026-02-07|MCV1:2026-07-26
GT-0619,John,Sow,Grace Sow,2024-02-29,M,+233248759467,H-0394,C-10,F-04,DTP1:2024-05-07|MCV1:2024-12-21
GT-0620,Emmanuel,Diallo,Amina Diallo,2025-03-30,M,+233211638498,H-0093,C-02,F-02,BCG:2025-04-06|DTP1:2025-05-22|DTP2:2025-07-02|DTP3:2025-08-02|MCV1:2025-12-26
GT-0621,Joy,Kamara,Elizabeth Kamara,2023-11-24,F,+233241927492,H-0255,C-07,F-02,BCG:2023-12-02|DTP1:2024-01-21|DTP2:2024-02-07|DTP3:2024-03-06|MCV1:2024-09-16
GT-0622,Esther,Smith,Esther Smith,2026-03-21,F,+233290693921,H-0302,C-08,F-03,BCG:2026-04-15|DTP1:2026-05-19|DTP3:2026-07-24
GT-0623,Ibrahim,Sow,Elizabeth Sow,2025-07-01,M,+233216565770,H-0004,C-01,F-01,BCG:2025-07-03|DTP3:2025-11-04|MCV1:2026-04-10
GT-0624,Kofi,Kamara,Fatoumata Kamara,2026-06-25,M,+233299522760,H-0076,C-02,F-02,BCG:2026-07-10|DTP1:2026-08-29
GT-0625,Mariam,Mensah,Amina Mensah,2026-01-19,F,+233265963010,H-0309,C-08,F-03,BCG:2026-01-28|DTP1:2026-03-23|DTP2:2026-04-28|DTP3:2026-05-16
GT-0626,Elizabeth,Toure,Elizabeth Toure,2025-09-01,F,+233271114408,H-0083,C-02,F-02,DTP1:2025-10-26|DTP2:2025-11-25|MCV1:2026-06-23
GT-0627,Amina,Mensah,Grace Mensah,2024-11-07,F,+233259468550,H-0297,C-08,F-03,DTP2:2025-01-21|DTP3:2025-02-25|MCV1:2025-08-11
GT-0628,John,Ali,Sarah Ali,2025-01-08,M,+233273191967,H-0195,C-06,F-01,BCG:2025-02-08|DTP2:2025-03-31|DTP3:2025-05-09|MCV1:2025-10-26|MCV2:2026-07-16
GT-0629,Mariam,Ali,Aisha Ali,2025-06-27,F,+233238058347,H-0063,C-02,F-02,BCG:2025-07-06|DTP1:2025-08-08|DTP2:2025-09-21|DTP3:2025-10-06|MCV1:2026-04-12
GT-0630,Samuel,Ali,Sarah Ali,2023-12-14,M,+233291171931,H-0030,C-01,F-01,BCG:2024-01-05|DTP1:2024-02-20|DTP2:2024-03-16|DTP3:2024-03-25|MCV1:2024-10-03
GT-0631,Aisha,Toure,Mariam Toure,2025-03-17,F,+233280516816,H-0362,C-10,F-04,BCG:2025-03-26|DTP2:2025-06-21|MCV1:2025-12-26|MCV2:2026-09-13
GT-0632,Fatoumata,Toure,Elizabeth Toure,2023-11-18,F,+233279753731,H-0320,C-09,F-04,BCG:2023-12-11|DTP2:2024-02-05|DTP3:2024-02-27|MCV1:2024-09-06
GT-0633,Esther,Osei,Elizabeth Osei,2025-05-11,F,+233248988647,H-0324,C-09,F-04,BCG:2025-05-23|DTP1:2025-07-19|DTP2:2025-08-15|DTP3:2025-08-30|MCV1:2026-02-25
GT-0634,Muhammad,Johnson,Sarah Johnson,2025-07-02,M,+233292585240,H-0001,C-01,F-01,BCG:2025-07-27|DTP1:2025-09-05|DTP2:2025-10-08|DTP3:2025-10-24|MCV1:2026-04-19
GT-0635,Kofi,Keita,Joy Keita,2025-06-22,M,+233211516293,H-0212,C-06,F-01,BCG:2025-07-04|DTP1:2025-08-06|DTP2:2025-09-15|DTP3:2025-10-13|MCV1:2026-04-01
GT-0636,Grace,Mensah,Grace Mensah,2024-12-24,F,+233278006730,H-0104,C-02,F-02,BCG:2024-12-28|DTP3:2025-04-20|MCV2:2026-07-03
GT-0637,David,Keita,Mariam Keita,2024-06-10,M,+233286359356,H-0166,C-04,F-04,BCG:2024-07-02|DTP1:2024-08-10|DTP2:2024-09-14|MCV2:2025-12-05
GT-0638,Ali,Keita,Mariam Keita,2023-12-23,M,+233273686372,H-0015,C-01,F-01,DTP1:2024-02-21|DTP2:2024-03-30|DTP3:2024-04-25|MCV1:2024-10-11|MCV2:2025-07-05
GT-0639,Moussa,Osei,Esther Osei,2024-10-13,M,+233272071682,H-0019,C-01,F-01,BCG:2024-11-10|DTP1:2024-12-21|DTP2:2025-01-21|DTP3:2025-02-13|MCV1:2025-08-03|MCV2:2026-05-05
GT-0640,Ibrahim,Sow,Elizabeth Sow,2024-11-22,M,+233284514623,H-0212,C-06,F-01,BCG:2024-12-11|DTP1:2025-01-23|DTP3:2025-03-29|MCV1:2025-08-19
GT-0641,Samuel,Keita,Mariam Keita,2026-04-17,M,+233230039365,H-0010,C-01,F-01,BCG:2026-04-26|DTP1:2026-06-19|DTP2:2026-07-26|DTP3:2026-08-07
GT-0642,Aisha,Ali,Fatoumata Ali,2024-06-24,F,+233235149571,H-0016,C-01,F-01,BCG:2024-07-05|DTP1:2024-08-25|DTP2:2024-09-27|DTP3:2024-10-17|MCV1:2025-04-07
GT-0643,Mariam,Kamara,Grace Kamara,2024-05-05,F,+233221649801,H-0060,C-01,F-01,BCG:2024-05-30|DTP1:2024-07-12|DTP2:2024-07-29|MCV1:2025-02-18|MCV2:2025-11-21
GT-0644,Esther,Sow,Mary Sow,2024-12-19,F,+233233489813,H-0122,C-03,F-03,BCG:2024-12-27|DTP1:2025-02-08|DTP2:2025-03-22|DTP3:2025-04-08|MCV1:2025-09-30
GT-0645,Ali,Mensah,Esther Mensah,2023-10-29,M,+233213346688,H-0192,C-06,F-01,BCG:2023-11-05|DTP1:2024-01-01|DTP2:2024-01-17
GT-0646,Ali,Keita,Esther Keita,2024-12-03,M,+233253934556,H-0248,C-07,F-02,DTP1:2025-01-17|DTP2:2025-02-20|MCV1:2025-09-16|MCV2:2026-06-13
GT-0647,Ibrahim,Osei,Mary Osei,2026-06-17,M,+233271655384,H-0394,C-10,F-04,BCG:2026-06-30|DTP1:2026-07-31|DTP2:2026-08-28
GT-0648,Muhammad,Sow,Amina Sow,2026-03-05,M,+233254733393,H-0366,C-10,F-04,BCG:2026-03-18|DTP2:2026-05-24|DTP3:2026-06-23
GT-0649,Ibrahim,Sow,Amina Sow,2024-11-29,M,+233295745109,H-0024,C-01,F-01,BCG:2024-12-12|DTP1:2025-02-09|DTP2:2025-03-07|MCV1:2025-09-13
GT-0650,Mary,Diallo,Grace Diallo,2025-02-10,F,+233281440849,H-0108,C-03,F-03,BCG:2025-02-18|DTP1:2025-03-25|DTP2:2025-04-25|DTP3:2025-05-27|MCV1:2025-11-14
GT-0651,Sarah,Sow,Fatoumata Sow,2025-10-12,F,+233246726921,H-0396,C-10,F-04,DTP1:2025-11-30|DTP2:2026-01-15|DTP3:2026-01-18|MCV1:2026-08-08
GT-0652,Ali,Ali,Mariam Ali,2024-11-16,M,+233246379997,H-0008,C-01,F-01,BCG:2024-12-06|DTP1:2025-01-11|DTP2:2025-02-11|MCV1:2025-08-18
GT-0653,Elizabeth,Diallo,Fatoumata Diallo,2026-04-07,F,+233251792388,H-0361,C-10,F-04,BCG:2026-04-28|DTP1:2026-06-16|DTP3:2026-08-05
GT-0654,Amina,Osei,Amina Osei,2024-01-09,F,+233216772091,H-0174,C-04,F-04,BCG:2024-01-21|DTP1:2024-02-28|DTP2:2024-03-30|MCV2:2025-07-13
GT-0655,David,Smith,Aisha Smith,2025-08-29,M,+233290010054,H-0197,C-06,F-01,BCG:2025-09-21|DTP1:2025-11-06|DTP3:2025-12-30|MCV1:2026-05-30
GT-0656,Elizabeth,Keita,Grace Keita,2024-10-19,F,+233236594858,H-0304,C-08,F-03,BCG:2024-11-18|DTP1:2024-12-16|DTP2:2025-01-14|DTP3:2025-02-19|MCV2:2026-04-23
GT-0657,Moussa,Toure,Fatoumata Toure,2026-02-21,M,+233272850928,H-0389,C-10,F-04,BCG:2026-03-14|DTP3:2026-06-07
GT-0658,Esther,Johnson,Mary Johnson,2025-05-29,F,+233229289997,H-0234,C-06,F-01,BCG:2025-05-31|DTP1:2025-07-24|DTP2:2025-08-20|DTP3:2025-09-09|MCV1:2026-03-09
GT-0659,Mariam,Smith,Fatoumata Smith,2024-10-23,F,+233253588695,H-0316,C-08,F-03,BCG:2024-10-25|DTP2:2025-01-23|DTP3:2025-02-19|MCV1:2025-08-19
GT-0660,David,Johnson,Sarah Johnson,2024-09-10,M,+233274243595,H-0250,C-07,F-02,BCG:2024-10-11|DTP2:2024-12-08|DTP3:2025-01-08|MCV1:2025-06-11
GT-0661,Mariam,Toure,Elizabeth Toure,2025-12-13,F,+233278175850,H-0088,C-02,F-02,BCG:2025-12-28|DTP1:2026-02-15|DTP2:2026-03-03|DTP3:2026-04-15
GT-0662,Kofi,Ali,Sarah Ali,2024-12-20,M,+233281503899,H-0208,C-06,F-01,DTP1:2025-02-17|DTP3:2025-04-24|MCV1:2025-10-05|MCV2:2026-07-07
GT-0663,Mary,Toure,Mary Toure,2025-10-09,F,+233274743230,H-0206,C-06,F-01,BCG:2025-10-13|DTP1:2025-11-22|DTP2:2026-01-03|DTP3:2026-01-20|MCV1:2026-07-13
GT-0664,Mary,Toure,Aisha Toure,2024-03-22,F,+233286129797,H-0034,C-01,F-01,DTP1:2024-05-08|DTP3:2024-07-27|MCV1:2024-12-20|MCV2:2025-09-16
GT-0665,Emmanuel,Mensah,Elizabeth Mensah,2023-12-08,M,+233225344154,H-0176,C-05,F-05,DTP1:2024-02-18|DTP2:2024-03-12|DTP3:2024-04-06|MCV1:2024-09-30|MCV2:2025-06-03
GT-0666,Mariam,Ali,Sarah Ali,2024-03-02,F,+233233645674,H-0306,C-08,F-03,BCG:2024-03-08|DTP1:2024-05-11|DTP2:2024-05-13|DTP3:2024-06-20|MCV1:2024-12-08
GT-0667,Samuel,Mensah,Elizabeth Mensah,2024-07-15,M,+233253943990,H-0208,C-06,F-01,BCG:2024-07-26|DTP1:2024-08-29|DTP2:2024-09-23|MCV1:2025-04-28|MCV2:2026-01-17
GT-0668,David,Diallo,Fatoumata Diallo,2026-08-30,M,+233229693143,H-0331,C-09,F-04,BCG:2026-08-31
GT-0669,Joy,Sow,Aisha Sow,2024-02-27,F,+233236261929,H-0077,C-02,F-02,DTP1:2024-04-09|DTP2:2024-05-16|DTP3:2024-07-02|MCV1:2024-12-04
GT-0670,Grace,Toure,Grace Toure,2024-03-23,F,+233256206415,H-0349,C-09,F-04,DTP1:2024-05-23|DTP2:2024-06-18|DTP3:2024-07-10|MCV1:2025-01-08
GT-0671,Samuel,Ali,Aisha Ali,2025-12-12,M,+233249484797,H-0299,C-08,F-03,BCG:2025-12-31|DTP1:2026-02-06|DTP2:2026-03-20
GT-0672,Muhammad,Ali,Mariam Ali,2026-01-18,M,+233247877483,H-0190,C-06,F-01,BCG:2026-01-19|DTP1:2026-03-30|DTP2:2026-04-28
GT-0673,John,Toure,Aisha Toure,2024-11-17,M,+233261377152,H-0016,C-01,F-01,BCG:2024-12-17|DTP1:2025-01-07|DTP2:2025-02-16|DTP3:2025-03-11|MCV1:2025-08-17|MCV2:2026-05-30
GT-0674,Joy,Diallo,Fatoumata Diallo,2024-01-01,F,+233228665507,H-0196,C-06,F-01,BCG:2024-01-21|MCV1:2024-10-09
GT-0675,Mariam,Smith,Fatoumata Smith,2025-01-17,F,+233299934747,H-0285,C-08,F-03,DTP1:2025-03-02|DTP2:2025-04-08|DTP3:2025-05-25|MCV2:2026-07-23
GT-0676,David,Kamara,Fatoumata Kamara,2023-12-08,M,+233298305426,H-0069,C-02,F-02,BCG:2023-12-10
GT-0677,Emmanuel,Smith,Esther Smith,2024-04-11,M,+233293650995,H-0070,C-02,F-02,BCG:2024-04-15|DTP1:2024-05-25|DTP2:2024-06-30|MCV1:2025-01-28|MCV2:2025-10-15
GT-0678,Joy,Johnson,Aisha Johnson,2024-09-02,F,+233240298433,H-0233,C-06,F-01,BCG:2024-09-23|DTP1:2024-10-24|DTP2:2024-12-05|DTP3:2025-01-08|MCV1:2025-06-11|MCV2:2026-02-26
GT-0679,Samuel,Johnson,Mary Johnson,2023-11-07,M,+233246138183,H-0218,C-06,F-01,BCG:2023-11-23|DTP1:2024-01-05|DTP2:2024-01-28|DTP3:2024-03-09|MCV1:2024-08-27
GT-0680,Amina,Kamara,Elizabeth Kamara,2023-12-15,F,+233259469782,H-0280,C-07,F-02,BCG:2024-01-11|DTP1:2024-02-25|DTP2:2024-03-22|DTP3:2024-04-19|MCV1:2024-09-15
GT-0681,Sarah,Osei,Joy Osei,2025-02-04,F,+233272402697,H-0298,C-08,F-03,BCG:2025-02-22|DTP1:2025-04-17|DTP2:2025-04-21|DTP3:2025-05-30|MCV1:2025-11-27
GT-0682,Ali,Johnson,Sarah Johnson,2024-11-29,M,+233292280717,H-0041,C-01,F-01,BCG:2024-12-16|DTP1:2025-01-15|DTP2:2025-02-28|DTP3:2025-04-05|MCV1:2025-09-09
GT-0683,Moussa,Johnson,Joy Johnson,2024-01-13,M,+233287036318,H-0176,C-05,F-05,BCG:2024-02-05|DTP1:2024-03-17|DTP2:2024-03-29|DTP3:2024-05-09|MCV1:2024-11-07|MCV2:2025-08-03
GT-0684,Mariam,Sow,Grace Sow,2025-09-21,F,+233214741407,H-0170,C-04,F-04,BCG:2025-10-21|DTP1:2025-11-30|DTP2:2025-12-26|MCV1:2026-06-23
GT-0685,Elizabeth,Sow,Amina Sow,2024-01-04,F,+233287596783,H-0306,C-08,F-03,DTP1:2024-02-26|DTP3:2024-04-15|MCV1:2024-10-07
GT-0686,Kwame,Toure,Amina Toure,2025-01-20,M,+233275063411,H-0294,C-08,F-03,BCG:2025-02-19|DTP1:2025-03-21|DTP2:2025-04-28|DTP3:2025-05-04
GT-0687,Kwame,Sow,Fatoumata Sow,2025-02-01,M,+233246939015,H-0065,C-02,F-02,DTP1:2025-03-15|DTP2:2025-04-25|DTP3:2025-06-05
GT-0688,David,Toure,Fatoumata Toure,2025-10-25,M,+233298470372,H-0132,C-03,F-03,BCG:2025-11-14|DTP1:2025-12-28|DTP2:2026-01-25|MCV1:2026-08-13
GT-0689,Kwame,Diallo,Esther Diallo,2025-08-25,M,+233280784933,H-0190,C-06,F-01,BCG:2025-09-15|DTP1:2025-10-11|DTP3:2025-12-06|MCV1:2026-05-27
GT-0690,Sarah,Osei,Elizabeth Osei,2025-10-19,F,+233276565050,H-0017,C-01,F-01,DTP1:2025-12-21|DTP2:2026-01-19|DTP3:2026-02-11|MCV1:2026-08-12
GT-0691,Mary,Johnson,Fatoumata Johnson,2025-06-25,F,+233287545284,H-0212,C-06,F-01,BCG:2025-06-29|DTP1:2025-08-18
GT-0692,Kwame,Mensah,Amina Mensah,2025-09-21,M,+233272279029,H-0177,C-05,F-05,BCG:2025-10-07|DTP1:2025-11-18|DTP3:2025-12-31|MCV1:2026-06-19
GT-0693,Esther,Ali,Mary Ali,2024-07-14,F,+233262354374,H-0244,C-07,F-02,BCG:2024-07-20|DTP1:2024-09-16|DTP3:2024-11-08|MCV1:2025-05-03|MCV2:2026-01-24
GT-0694,Ibrahim,Smith,Amina Smith,2025-01-16,M,+233270239684,H-0135,C-03,F-03,BCG:2025-02-07|DTP2:2025-04-02|MCV1:2025-10-14|MCV2:2026-08-09
GT-0695,Joy,Kamara,Sarah Kamara,2024-09-05,F,+233267953319,H-0348,C-09,F-04,BCG:2024-10-03|DTP3:2024-12-18|MCV2:2026-03-11
GT-0696,Mariam,Sow,Grace Sow,2026-02-10,F,+233244271680,H-0334,C-09,F-04,BCG:2026-02-20|DTP1:2026-03-31|DTP2:2026-04-27|DTP3:2026-06-11
GT-0697,Esther,Diallo,Elizabeth Diallo,2025-07-27,F,+233279786819,H-0300,C-08,F-03,BCG:2025-08-24|DTP1:2025-10-03|DTP2:2025-10-21|DTP3:2025-11-07|MCV1:2026-05-23
GT-0698,Kofi,Ali,Amina Ali,2026-08-13,M,+233219120357,H-0347,C-09,F-04,BCG:2026-08-17
GT-0699,Ibrahim,Mensah,Esther Mensah,2024-09-10,M,+233239449560,H-0211,C-06,F-01,BCG:2024-09-11|DTP1:2024-10-27|DTP2:2024-11-29|DTP3:2024-12-21
GT-0700,Mary,Kamara,Amina Kamara,2026-02-23,F,+233217634560,H-0146,C-04,F-04,BCG:2026-02-24|DTP1:2026-05-02|DTP2:2026-05-22|DTP3:2026-06-08
GT-0701,Samuel,Mensah,Sarah Mensah,2026-03-07,M,+233291159552,H-0337,C-09,F-04,BCG:2026-03-09|DTP1:2026-04-20|DTP2:2026-06-11
GT-0702,David,Osei,Grace Osei,2025-01-04,M,+233272673716,H-0193,C-06,F-01,DTP1:2025-02-24|DTP2:2025-03-27|DTP3:2025-05-05|MCV1:2025-10-16
GT-0703,Grace,Smith,Mariam Smith,2025-03-21,F,+233231738712,H-0039,C-01,F-01,BCG:2025-04-11|DTP1:2025-05-31|DTP3:2025-07-25|MCV1:2025-12-20
GT-0704,Amina,Smith,Aisha Smith,2024-10-18,F,+233218060935,H-0038,C-01,F-01,BCG:2024-11-18|DTP1:2024-12-07|DTP3:2025-01-24|MCV1:2025-07-24|MCV2:2026-04-25
GT-0705,Moussa,Mensah,Esther Mensah,2025-07-16,M,+233291913332,H-0136,C-03,F-03,BCG:2025-08-14|DTP1:2025-09-03|DTP3:2025-11-11|MCV1:2026-05-12
GT-0706,Sarah,Osei,Joy Osei,2024-03-30,F,+233239311339,H-0092,C-02,F-02,BCG:2024-04-28|DTP1:2024-06-03|DTP2:2024-07-08|DTP3:2024-07-17|MCV1:2025-01-15|MCV2:2025-10-14
GT-0707,Moussa,Sow,Sarah Sow,2026-06-20,M,+233219787090,H-0330,C-09,F-04,BCG:2026-06-28|DTP1:2026-08-07|DTP2:2026-09-28
GT-0708,Esther,Kamara,Esther Kamara,2025-10-30,F,+233297626101,H-0293,C-08,F-03,BCG:2025-11-19|DTP1:2025-12-25|DTP2:2026-02-01|MCV1:2026-08-05
GT-0709,John,Sow,Fatoumata Sow,2024-10-24,M,+233262523472,H-0001,C-01,F-01,BCG:2024-10-29|DTP1:2024-12-22|DTP2:2025-01-11
GT-0710,Esther,Smith,Aisha Smith,2026-04-09,F,+233282494849,H-0002,C-01,F-01,BCG:2026-04-16|DTP1:2026-06-07|DTP3:2026-08-14
GT-0711,Esther,Mensah,Elizabeth Mensah,2024-08-25,F,+233254753520,H-0002,C-01,F-01,BCG:2024-08-31|DTP2:2024-11-09|DTP3:2024-12-22|MCV1:2025-06-14
GT-0712,Amina,Mensah,Mariam Mensah,2024-10-03,F,+233220798726,H-0156,C-04,F-04,BCG:2024-10-24|DTP1:2024-12-09|DTP3:2025-01-19|MCV1:2025-07-27
GT-0713,Mary,Osei,Joy Osei,2026-06-11,F,+233261561575,H-0236,C-06,F-01,BCG:2026-06-27|DTP1:2026-08-21|DTP2:2026-09-05
GT-0714,Aisha,Mensah,Mariam Mensah,2023-12-08,F,+233221390049,H-0098,C-02,F-02,BCG:2023-12-12|DTP1:2024-01-21|DTP2:2024-03-16|MCV1:2024-09-30|MCV2:2025-06-29
GT-0715,Mary,Osei,Amina Osei,2025-07-31,F,+233213404379,H-0324,C-09,F-04,DTP1:2025-09-15|DTP3:2025-11-08|MCV1:2026-05-26
GT-0716,Moussa,Smith,Sarah Smith,2024-12-08,M,+233277066471,H-0304,C-08,F-03,BCG:2025-01-06|DTP1:2025-02-03|DTP2:2025-02-21|DTP3:2025-03-19|MCV2:2026-06-29
GT-0717,Muhammad,Keita,Amina Keita,2024-10-08,M,+233215746469,H-0231,C-06,F-01,BCG:2024-10-22|DTP1:2024-12-18|DTP2:2024-12-22|DTP3:2025-02-03|MCV1:2025-07-13
GT-0718,Ibrahim,Johnson,Joy Johnson,2025-10-29,M,+233287758465,H-0061,C-02,F-02,DTP2:2026-01-11|MCV1:2026-07-27
GT-0719,Emmanuel,Johnson,Amina Johnson,2024-01-08,M,+233292996496,H-0037,C-01,F-01,BCG:2024-01-21|DTP1:2024-03-05|DTP2:2024-03-18|DTP3:2024-05-11|MCV1:2024-10-18|MCV2:2025-07-06
GT-0720,Muhammad,Osei,Amina Osei,2024-12-09,M,+233223058343,H-0125,C-03,F-03,BCG:2024-12-10|DTP3:2025-04-14|MCV1:2025-09-07
GT-0721,Samuel,Mensah,Sarah Mensah,2026-01-09,M,+233276725470,H-0313,C-08,F-03,BCG:2026-01-14|DTP1:2026-03-13|DTP2:2026-03-24|DTP3:2026-05-16
GT-0722,David,Diallo,Aisha Diallo,2024-10-09,M,+233263956682,H-0316,C-08,F-03,BCG:2024-10-31|DTP1:2024-12-10|DTP2:2025-01-09|MCV1:2025-07-17
GT-0723,Kofi,Diallo,Amina Diallo,2025-09-09,M,+233255030548,H-0062,C-02,F-02,BCG:2025-09-10|DTP1:2025-11-08|DTP2:2025-11-23|DTP3:2025-12-24|MCV1:2026-06-14
GT-0724,Fatoumata,Smith,Fatoumata Smith,2024-08-03,F,+233284277128,H-0062,C-02,F-02,DTP2:2024-10-22|MCV1:2025-05-07
GT-0725,Samuel,Kamara,Fatoumata Kamara,2026-02-07,M,+233294851724,H-0225,C-06,F-01,BCG:2026-02-21|DTP1:2026-03-29|DTP2:2026-05-12|DTP3:2026-06-06
GT-0726,Muhammad,Johnson,Sarah Johnson,2026-08-17,M,+233210969588,H-0193,C-06,F-01,BCG:2026-09-04
GT-0727,Aisha,Johnson,Fatoumata Johnson,2025-07-04,F,+233229204927,H-0046,C-01,F-01,DTP1:2025-09-07|DTP2:2025-09-21|DTP3:2025-11-07|MCV1:2026-04-12
GT-0728,Aisha,Diallo,Fatoumata Diallo,2026-06-14,F,+233290030269,H-0139,C-03,F-03,BCG:2026-07-06|DTP1:2026-08-07|DTP2:2026-09-17
GT-0729,Elizabeth,Mensah,Grace Mensah,2024-09-17,F,+233266208488,H-0368,C-10,F-04,BCG:2024-10-10|DTP1:2024-11-28|DTP2:2024-12-04|DTP3:2025-01-08|MCV1:2025-06-16
GT-0730,Ali,Mensah,Joy Mensah,2026-02-16,M,+233293070162,H-0286,C-08,F-03,DTP1:2026-04-20
GT-0731,Moussa,Diallo,Grace Diallo,2026-05-14,M,+233236000523,H-0390,C-10,F-04,BCG:2026-05-15|DTP1:2026-07-20|DTP2:2026-07-30|DTP3:2026-08-31
GT-0732,Esther,Osei,Fatoumata Osei,2026-06-03,F,+233217251463,H-0077,C-02,F-02,BCG:2026-06-22|DTP1:2026-08-08|DTP2:2026-08-14|DTP3:2026-09-09
GT-0733,Mary,Smith,Grace Smith,2024-10-15,F,+233292788091,H-0187,C-06,F-01,BCG:2024-10-26|DTP2:2024-12-28|DTP3:2025-02-20|MCV2:2026-05-05
GT-0734,Amina,Mensah,Amina Mensah,2025-09-04,F,+233231212522,H-0389,C-10,F-04,BCG:2025-09-26|DTP1:2025-10-19|DTP2:2025-11-17|DTP3:2026-01-03
GT-0735,Joy,Mensah,Sarah Mensah,2025-05-06,F,+233269702849,H-0015,C-01,F-01,BCG:2025-05-29|DTP2:2025-08-09|DTP3:2025-08-18|MCV1:2026-02-02
GT-0736,Aisha,Diallo,Mariam Diallo,2025-05-16,F,+233224781783,H-0297,C-08,F-03,BCG:2025-06-06|DTP1:2025-07-12|DTP3:2025-09-06|MCV1:2026-02-15
GT-0737,Ali,Smith,Mary Smith,2024-07-22,M,+233239616854,H-0117,C-03,F-03,BCG:2024-08-15|DTP1:2024-09-29|DTP3:2024-11-13|MCV1:2025-04-23
GT-0738,Amina,Smith,Fatoumata Smith,2025-06-14,F,+233291796786,H-0242,C-07,F-02,BCG:2025-07-13|DTP1:2025-08-01|DTP2:2025-09-14|MCV1:2026-04-07
GT-0739,Mariam,Osei,Esther Osei,2025-07-29,F,+233294828438,H-0092,C-02,F-02,BCG:2025-08-06|DTP1:2025-09-29|DTP3:2025-11-17|MCV1:2026-05-04
GT-0740,Kofi,Osei,Amina Osei,2026-04-30,M,+233247662052,H-0139,C-03,F-03,BCG:2026-05-09|DTP1:2026-07-04|DTP2:2026-07-09|DTP3:2026-09-05
GT-0741,Esther,Smith,Fatoumata Smith,2024-09-26,F,+233239508245,H-0057,C-01,F-01,BCG:2024-10-06|DTP1:2024-11-09|DTP2:2024-12-20|DTP3:2025-01-25|MCV1:2025-07-17
GT-0742,Samuel,Osei,Elizabeth Osei,2025-05-17,M,+233221606388,H-0152,C-04,F-04,BCG:2025-06-11|DTP2:2025-08-18|DTP3:2025-09-02|MCV1:2026-03-12
GT-0743,Mary,Toure,Esther Toure,2024-01-26,F,+233247469681,H-0268,C-07,F-02,DTP1:2024-03-27|DTP2:2024-04-07|DTP3:2024-05-26|MCV2:2025-08-11
GT-0744,Mary,Diallo,Mariam Diallo,2024-03-24,F,+233287774748,H-0374,C-10,F-04,BCG:2024-04-05|DTP1:2024-05-29|DTP2:2024-06-19|MCV1:2025-01-06|MCV2:2025-10-07
GT-0745,Samuel,Kamara,Aisha Kamara,2026-06-01,M,+233215376584,H-0303,C-08,F-03,BCG:2026-06-16|DTP2:2026-09-04
GT-0746,John,Ali,Aisha Ali,2023-12-23,M,+233223153230,H-0376,C-10,F-04,DTP1:2024-03-02|DTP2:2024-03-06|DTP3:2024-04-23|MCV1:2024-10-18|MCV2:2025-06-19
GT-0747,David,Ali,Amina Ali,2024-05-20,M,+233239260335,H-0254,C-07,F-02,BCG:2024-06-02|DTP2:2024-08-10|DTP3:2024-09-08|MCV1:2025-03-07
GT-0748,Mary,Mensah,Amina Mensah,2023-12-22,F,+233299796439,H-0184,C-06,F-01,BCG:2024-01-22|DTP1:2024-02-05|DTP2:2024-03-16|DTP3:2024-04-08|MCV1:2024-10-02|MCV2:2025-06-23
GT-0749,Elizabeth,Toure,Amina Toure,2024-02-11,F,+233272244899,H-0083,C-02,F-02,BCG:2024-03-10|DTP1:2024-03-31|DTP2:2024-05-10|DTP3:2024-06-01|MCV1:2024-12-04|MCV2:2025-08-25
GT-0750,Fatoumata,Keita,Esther Keita,2026-08-28,F,+233294195455,H-0071,C-02,F-02,BCG:2026-09-28
GT-0751,Joy,Kamara,Grace Kamara,2024-04-10,F,+233246210517,H-0198,C-06,F-01,BCG:2024-05-11|DTP1:2024-06-06|DTP2:2024-06-23|DTP3:2024-08-16|MCV1:2025-01-11|MCV2:2025-10-02
GT-0752,David,Toure,Mariam Toure,2026-05-10,M,+233279086760,H-0314,C-08,F-03,DTP1:2026-07-01|DTP2:2026-08-09|DTP3:2026-09-04
GT-0753,Amina,Mensah,Aisha Mensah,2024-08-12,F,+233272458605,H-0346,C-09,F-04,BCG:2024-08-17|DTP1:2024-10-03|DTP2:2024-11-15|DTP3:2024-11-22|MCV1:2025-05-24|MCV2:2026-02-17
GT-0754,Mariam,Osei,Joy Osei,2026-04-15,F,+233285263692,H-0021,C-01,F-01,BCG:2026-04-23|DTP1:2026-06-06|DTP2:2026-07-23
GT-0755,Emmanuel,Keita,Mary Keita,2026-01-10,M,+233297112459,H-0397,C-10,F-04,BCG:2026-02-09|DTP2:2026-03-29|DTP3:2026-05-06
GT-0756,Ali,Keita,Mariam Keita,2025-03-01,M,+233277587480,H-0378,C-10,F-04,BCG:2025-03-24|DTP1:2025-04-16|MCV1:2025-12-25|MCV2:2026-09-10
GT-0757,Amina,Mensah,Mariam Mensah,2024-09-22,F,+233270721529,H-0217,C-06,F-01,BCG:2024-10-19|DTP1:2024-11-18|DTP2:2024-12-29|DTP3:2025-01-14|MCV2:2026-03-20
GT-0758,Moussa,Ali,Joy Ali,2025-01-09,M,+233270663511,H-0257,C-07,F-02,BCG:2025-01-12|DTP1:2025-03-06|DTP2:2025-04-17|MCV1:2025-10-08|MCV2:2026-07-27
GT-0759,Ali,Johnson,Sarah Johnson,2026-03-19,M,+233262436517,H-0189,C-06,F-01,BCG:2026-04-13|DTP1:2026-05-04|DTP2:2026-06-21|DTP3:2026-07-02
GT-0760,Sarah,Mensah,Fatoumata Mensah,2025-02-11,F,+233225035684,H-0092,C-02,F-02,BCG:2025-02-12|DTP1:2025-04-20|DTP2:2025-05-09|DTP3:2025-05-28|MCV2:2026-08-15
GT-0761,Fatoumata,Diallo,Joy Diallo,2026-07-15,F,+233249348536,H-0076,C-02,F-02,BCG:2026-08-02|DTP1:2026-09-20
GT-0762,Moussa,Keita,Aisha Keita,2024-03-04,M,+233296528081,H-0350,C-09,F-04,DTP1:2024-04-24|DTP2:2024-06-05|MCV1:2024-12-15|MCV2:2025-09-20
GT-0763,David,Kamara,Mary Kamara,2023-10-01,M,+233296526415,H-0150,C-04,F-04,BCG:2023-10-24|DTP1:2023-11-12|DTP2:2023-12-16|DTP3:2024-01-07|MCV1:2024-07-17
GT-0764,Mariam,Johnson,Elizabeth Johnson,2024-03-02,F,+233271472671,H-0211,C-06,F-01,BCG:2024-03-17|DTP1:2024-04-17|DTP2:2024-05-23|DTP3:2024-06-27|MCV1:2024-12-07|MCV2:2025-09-01
GT-0765,Kwame,Osei,Grace Osei,2025-05-23,M,+233274994010,H-0291,C-08,F-03,BCG:2025-05-30|DTP1:2025-07-18|DTP2:2025-08-19|DTP3:2025-09-28|MCV1:2026-02-18
GT-0766,Emmanuel,Keita,Grace Keita,2024-02-09,M,+233232328873,H-0148,C-04,F-04,BCG:2024-02-27|DTP1:2024-03-26|DTP2:2024-05-12|DTP3:2024-05-17|MCV1:2024-11-25|MCV2:2025-08-07
GT-0767,Fatoumata,Osei,Fatoumata Osei,2025-10-04,F,+233241931112,H-0083,C-02,F-02,BCG:2025-10-31|DTP1:2025-12-05|DTP2:2025-12-31|MCV1:2026-07-17
GT-0768,Elizabeth,Osei,Esther Osei,2025-03-15,F,+233259616555,H-0022,C-01,F-01,BCG:2025-04-07|DTP1:2025-05-11|DTP2:2025-05-26|DTP3:2025-06-24|MCV1:2026-01-09
GT-0769,Kofi,Keita,Fatoumata Keita,2024-07-28,M,+233270187134,H-0106,C-03,F-03,BCG:2024-08-09|DTP2:2024-10-19|DTP3:2024-11-05|MCV1:2025-05-11|MCV2:2026-02-01
GT-0770,Sarah,Kamara,Aisha Kamara,2023-11-12,F,+233229513094,H-0084,C-02,F-02,BCG:2023-11-25|DTP1:2024-01-10|MCV1:2024-08-11
GT-0771,Muhammad,Ali,Joy Ali,2024-10-21,M,+233296871612,H-0164,C-04,F-04,BCG:2024-10-29|DTP1:2024-12-22|DTP2:2024-12-30|DTP3:2025-02-22|MCV1:2025-08-02|MCV2:2026-04-21
GT-0772,Grace,Toure,Fatoumata Toure,2024-03-08,F,+233255457454,H-0152,C-04,F-04,BCG:2024-04-08|DTP1:2024-05-16|DTP2:2024-05-27|DTP3:2024-07-08|MCV1:2024-12-15|MCV2:2025-09-23
GT-0773,Amina,Osei,Joy Osei,2026-01-03,F,+233251350093,H-0058,C-01,F-01,BCG:2026-01-04|DTP1:2026-03-08|DTP2:2026-03-16|DTP3:2026-04-29
GT-0774,Moussa,Keita,Sarah Keita,2024-10-31,M,+233217386489,H-0206,C-06,F-01,BCG:2024-11-08|DTP1:2024-12-12|DTP2:2025-01-11|DTP3:2025-02-17|MCV1:2025-08-23|MCV2:2026-04-30
GT-0775,Samuel,Ali,Mary Ali,2025-02-07,M,+233236268513,H-0329,C-09,F-04,BCG:2025-02-08|DTP2:2025-04-27|DTP3:2025-05-27|MCV1:2025-11-09
GT-0776,Sarah,Ali,Aisha Ali,2025-07-28,F,+233275829146,H-0043,C-01,F-01,BCG:2025-08-06|DTP1:2025-09-18|DTP3:2025-11-23|MCV1:2026-04-24
GT-0777,Kofi,Smith,Fatoumata Smith,2024-04-07,M,+233259610894,H-0309,C-08,F-03,BCG:2024-05-08|DTP1:2024-06-04|DTP2:2024-06-22|DTP3:2024-07-15|MCV1:2025-01-05
GT-0778,Kwame,Keita,Mariam Keita,2024-12-08,M,+233269804203,H-0191,C-06,F-01,BCG:2024-12-15|DTP1:2025-02-11|DTP2:2025-03-14|DTP3:2025-03-22
GT-0779,Ali,Johnson,Aisha Johnson,2024-03-07,M,+233248739802,H-0288,C-08,F-03,BCG:2024-03-09|DTP1:2024-04-25|DTP2:2024-06-13|MCV1:2024-12-02|MCV2:2025-09-04
GT-0780,Aisha,Osei,Elizabeth Osei,2026-03-07,F,+233229278938,H-0373,C-10,F-04,BCG:2026-04-04|DTP1:2026-05-03|DTP3:2026-06-23
GT-0781,Joy,Keita,Sarah Keita,2024-07-22,F,+233221871327,H-0156,C-04,F-04,BCG:2024-08-04|DTP1:2024-09-07|DTP3:2024-11-16|MCV1:2025-05-09
GT-0782,Aisha,Osei,Joy Osei,2024-01-27,F,+233286224438,H-0210,C-06,F-01,BCG:2024-02-16|DTP1:2024-03-09|DTP3:2024-05-31|MCV1:2024-10-31
GT-0783,Emmanuel,Smith,Grace Smith,2023-11-30,M,+233215668405,H-0071,C-02,F-02,BCG:2023-12-13|DTP1:2024-02-10|DTP2:2024-02-09|DTP3:2024-03-27|MCV1:2024-09-08
GT-0784,Esther,Ali,Esther Ali,2025-05-28,F,+233213602405,H-0155,C-04,F-04,BCG:2025-06-06|DTP1:2025-07-09|DTP2:2025-08-07|MCV1:2026-03-02
GT-0785,Kwame,Sow,Esther Sow,2025-12-19,M,+233297753291,H-0002,C-01,F-01,BCG:2026-01-18|DTP3:2026-04-25
GT-0786,Fatoumata,Johnson,Mary Johnson,2026-07-03,F,+233226019511,H-0148,C-04,F-04,BCG:2026-07-04
GT-0787,Sarah,Toure,Mariam Toure,2023-12-20,F,+233285910136,H-0142,C-04,F-04,BCG:2023-12-24|DTP1:2024-02-07|DTP2:2024-03-27|DTP3:2024-04-13|MCV1:2024-09-15
GT-0788,Sarah,Keita,Joy Keita,2026-07-26,F,+233244834491,H-0133,C-03,F-03,BCG:2026-08-19|DTP1:2026-09-12
GT-0789,Emmanuel,Keita,Esther Keita,2025-11-26,M,+233257967465,H-0298,C-08,F-03,BCG:2025-12-18|DTP1:2026-01-08|DTP2:2026-03-02|DTP3:2026-03-09
GT-0790,Mariam,Smith,Mariam Smith,2026-05-23,F,+233248903840,H-0028,C-01,F-01,BCG:2026-05-25|DTP1:2026-08-03|DTP2:2026-08-09|DTP3:2026-09-21
GT-0791,Ibrahim,Diallo,Fatoumata Diallo,2026-02-18,M,+233290364540,H-0272,C-07,F-02,BCG:2026-03-16|DTP1:2026-04-22|DTP2:2026-05-26|DTP3:2026-06-18
GT-0792,Mariam,Sow,Grace Sow,2024-08-18,F,+233222862542,H-0086,C-02,F-02,BCG:2024-08-19|DTP2:2024-11-14|MCV1:2025-06-14
GT-0793,Fatoumata,Kamara,Fatoumata Kamara,2023-10-04,F,+233247771252,H-0297,C-08,F-03,BCG:2023-10-27|DTP1:2023-11-16|DTP2:2023-12-15|DTP3:2024-01-24|MCV2:2025-04-07
GT-0794,Mariam,Osei,Sarah Osei,2025-06-10,F,+233230744009,H-0249,C-07,F-02,BCG:2025-06-22|DTP1:2025-08-08|DTP2:2025-09-11|DTP3:2025-09-29|MCV1:2026-03-19
GT-0795,Ibrahim,Toure,Joy Toure,2026-01-09,M,+233266015266,H-0114,C-03,F-03,BCG:2026-01-21|DTP1:2026-02-24
GT-0796,Emmanuel,Kamara,Esther Kamara,2024-09-16,M,+233251818682,H-0040,C-01,F-01,BCG:2024-10-04|DTP1:2024-11-27|DTP2:2024-12-14|DTP3:2024-12-27|MCV1:2025-06-24
GT-0797,Moussa,Toure,Joy Toure,2024-09-29,M,+233233113253,H-0186,C-06,F-01,BCG:2024-10-17|DTP2:2024-12-09|DTP3:2025-02-03
GT-0798,David,Diallo,Fatoumata Diallo,2025-11-12,M,+233240410305,H-0156,C-04,F-04,BCG:2025-11-30|DTP1:2026-01-16|DTP2:2026-02-15|DTP3:2026-03-16|MCV1:2026-09-04
GT-0799,Emmanuel,Mensah,Aisha Mensah,2026-01-14,M,+233220433455,H-0065,C-02,F-02,BCG:2026-01-17|DTP1:2026-03-25|DTP2:2026-04-10|DTP3:2026-05-08
GT-0800,Aisha,Kamara,Mary Kamara,2026-01-22,F,+233214401363,H-0397,C-10,F-04,BCG:2026-01-23|DTP1:2026-03-22|DTP2:2026-04-07|DTP3:2026-05-21
GT-0801,Moussa,Mensah,Grace Mensah,2026-06-03,M,+233218891570,H-0338,C-09,F-04,BCG:2026-06-14|DTP1:2026-07-25|DTP2:2026-09-06
GT-0802,David,Mensah,Elizabeth Mensah,2025-07-06,M,+233288866745,H-0342,C-09,F-04,BCG:2025-07-28|DTP1:2025-08-24|DTP2:2025-10-07|DTP3:2025-11-05
GT-0803,Kofi,Kamara,Sarah Kamara,2025-11-05,M,+233247228730,H-0103,C-02,F-02,BCG:2025-11-26|DTP1:2026-01-12|DTP2:2026-02-07|DTP3:2026-02-11
GT-0804,Fatoumata,Ali,Elizabeth Ali,2025-04-22,F,+233277767769,H-0179,C-06,F-01,DTP1:2025-06-18|DTP2:2025-07-03|DTP3:2025-08-07|MCV1:2026-01-29
GT-0805,Samuel,Kamara,Joy Kamara,2025-06-12,M,+233235709072,H-0035,C-01,F-01,BCG:2025-06-19|DTP1:2025-07-27|DTP3:2025-09-18|MCV1:2026-03-12
GT-0806,David,Diallo,Joy Diallo,2024-01-01,M,+233259185834,H-0088,C-02,F-02,BCG:2024-01-28|DTP1:2024-02-14|DTP2:2024-03-25|MCV1:2024-10-08
GT-0807,Moussa,Mensah,Fatoumata Mensah,2024-09-03,M,+233260951070,H-0302,C-08,F-03,BCG:2024-09-23|DTP1:2024-10-27|DTP2:2024-11-21|DTP3:2024-12-28
GT-0808,John,Mensah,Mariam Mensah,2025-12-20,M,+233272532267,H-0110,C-03,F-03,BCG:2026-01-11|DTP1:2026-02-01|DTP2:2026-03-11|DTP3:2026-04-19
GT-0809,Moussa,Keita,Grace Keita,2026-06-08,M,+233221039132,H-0267,C-07,F-02,BCG:2026-06-26|DTP1:2026-08-02|DTP2:2026-09-05
GT-0810,John,Sow,Esther Sow,2024-11-30,M,+233269586748,H-0253,C-07,F-02,DTP1:2025-01-11|DTP2:2025-03-10|DTP3:2025-04-05|MCV1:2025-09-04|MCV2:2026-05-26
GT-0811,Grace,Smith,Mary Smith,2026-04-10,F,+233273844258,H-0284,C-08,F-03,BCG:2026-05-07|DTP1:2026-06-20|DTP2:2026-07-01|DTP3:2026-07-24
GT-0812,Muhammad,Johnson,Sarah Johnson,2024-06-10,M,+233268795196,H-0189,C-06,F-01,BCG:2024-06-26|DTP1:2024-07-31|DTP2:2024-09-10|MCV1:2025-03-20|MCV2:2025-12-23
GT-0813,David,Osei,Aisha Osei,2024-06-01,M,+233289263249,H-0338,C-09,F-04,BCG:2024-06-29|DTP1:2024-07-13|DTP3:2024-09-23|MCV1:2025-03-06
GT-0814,David,Keita,Mary Keita,2024-10-06,M,+233236878911,H-0380,C-10,F-04,BCG:2024-11-05|DTP1:2024-12-10|DTP2:2025-01-02|DTP3:2025-01-28|MCV1:2025-07-31|MCV2:2026-04-26
GT-0815,Ali,Smith,Esther Smith,2025-02-06,M,+233288103795,H-0207,C-06,F-01,BCG:2025-02-16|DTP1:2025-04-02|DTP2:2025-04-21|MCV1:2025-11-18|MCV2:2026-07-31
GT-0816,Mariam,Johnson,Elizabeth Johnson,2024-05-24,F,+233275032899,H-0140,C-03,F-03,BCG:2024-06-17|DTP1:2024-08-02|DTP2:2024-08-14|DTP3:2024-09-04|MCV1:2025-03-17
GT-0817,Moussa,Mensah,Sarah Mensah,2025-04-04,M,+233275678288,H-0143,C-04,F-04,BCG:2025-04-12|DTP1:2025-06-10|DTP2:2025-07-12|DTP3:2025-07-16|MCV1:2026-01-22
GT-0818,Muhammad,Mensah,Amina Mensah,2026-04-13,M,+233276858535,H-0119,C-03,F-03,BCG:2026-04-14|DTP1:2026-06-05|DTP2:2026-07-05|DTP3:2026-08-05
GT-0819,John,Toure,Mariam Toure,2025-10-22,M,+233250634767,H-0014,C-01,F-01,BCG:2025-11-03|DTP1:2025-12-06|DTP2:2026-01-01|DTP3:2026-02-14|MCV1:2026-07-21
GT-0820,David,Ali,Esther Ali,2024-01-19,M,+233237102821,H-0320,C-09,F-04,BCG:2024-01-28|DTP2:2024-04-13|DTP3:2024-05-25|MCV1:2024-11-13
GT-0821,Esther,Ali,Grace Ali,2024-09-26,F,+233282548572,H-0339,C-09,F-04,BCG:2024-10-02|DTP1:2024-11-12|DTP2:2024-12-19|DTP3:2025-01-19|MCV1:2025-07-01|MCV2:2026-04-14
GT-0822,John,Mensah,Aisha Mensah,2024-02-21,M,+233252219420,H-0010,C-01,F-01,BCG:2024-03-11|DTP1:2024-04-20|DTP2:2024-05-07|DTP3:2024-06-02|MCV1:2024-11-29|MCV2:2025-08-15
GT-0823,Esther,Kamara,Amina Kamara,2025-09-02,F,+233284714519,H-0193,C-06,F-01,BCG:2025-09-03|DTP1:2025-11-04|DTP2:2025-11-27|DTP3:2026-01-06
GT-0824,Moussa,Smith,Fatoumata Smith,2024-11-29,M,+233262221499,H-0156,C-04,F-04,BCG:2024-12-07|DTP3:2025-03-22|MCV1:2025-09-01|MCV2:2026-06-04
GT-0825,Samuel,Johnson,Joy Johnson,2024-01-11,M,+233273875700,H-0392,C-10,F-04,BCG:2024-02-01|DTP1:2024-03-18|DTP2:2024-04-11|DTP3:2024-05-04|MCV1:2024-10-31|MCV2:2025-07-20
GT-0826,John,Sow,Esther Sow,2024-07-18,M,+233292804241,H-0081,C-02,F-02,DTP1:2024-09-03|DTP2:2024-10-20|DTP3:2024-11-13|MCV1:2025-04-21
GT-0827,Mariam,Kamara,Amina Kamara,2026-05-30,F,+233227206452,H-0181,C-06,F-01,BCG:2026-06-24|DTP1:2026-08-07|DTP2:2026-08-20|DTP3:2026-09-26
GT-0828,Elizabeth,Kamara,Mariam Kamara,2024-07-12,F,+233223066102,H-0188,C-06,F-01,BCG:2024-07-24|DTP1:2024-09-11|DTP3:2024-11-16|MCV1:2025-04-27
GT-0829,Aisha,Keita,Amina Keita,2025-04-17,F,+233243234179,H-0177,C-05,F-05,BCG:2025-05-01|DTP1:2025-06-22|DTP2:2025-07-03|DTP3:2025-08-02|MCV1:2026-01-14
GT-0830,Elizabeth,Mensah,Sarah Mensah,2024-12-14,F,+233225364077,H-0332,C-09,F-04,BCG:2024-12-15|DTP1:2025-02-11|DTP2:2025-03-22|MCV1:2025-09-11|MCV2:2026-06-19
GT-0831,Ibrahim,Keita,Amina Keita,2024-01-30,M,+233298284097,H-0087,C-02,F-02,BCG:2024-02-20|DTP1:2024-04-10|DTP2:2024-05-05|DTP3:2024-05-17
GT-0832,Grace,Kamara,Esther Kamara,2026-07-16,F,+233252481834,H-0217,C-06,F-01,BCG:2026-08-01|DTP1:2026-09-23
GT-0833,Mariam,Toure,Sarah Toure,2023-12-04,F,+233223429380,H-0293,C-08,F-03,BCG:2023-12-22|DTP2:2024-03-04|MCV1:2024-09-09|MCV2:2025-06-11
GT-0834,Kofi,Johnson,Joy Johnson,2024-10-04,M,+233232364326,H-0346,C-09,F-04,DTP1:2024-12-04|DTP2:2024-12-21|DTP3:2025-02-08|MCV1:2025-07-10|MCV2:2026-04-04
GT-0835,Aisha,Diallo,Esther Diallo,2026-03-29,F,+233281918425,H-0154,C-04,F-04,BCG:2026-04-27|DTP1:2026-05-17|DTP2:2026-06-18
GT-0836,Amina,Sow,Elizabeth Sow,2024-05-29,F,+233240317902,H-0148,C-04,F-04,BCG:2024-06-09|DTP1:2024-07-23|DTP2:2024-08-26|DTP3:2024-09-25|MCV1:2025-03-14
GT-0837,Samuel,Mensah,Elizabeth Mensah,2024-10-10,M,+233246690420,H-0381,C-10,F-04,BCG:2024-11-04|DTP1:2024-11-27|DTP2:2024-12-30|DTP3:2025-02-02|MCV1:2025-08-01|MCV2:2026-04-19
GT-0838,Aisha,Diallo,Mariam Diallo,2026-03-26,F,+233297447790,H-0291,C-08,F-03,BCG:2026-04-19|DTP1:2026-05-16|DTP2:2026-06-10|DTP3:2026-07-22
GT-0839,Aisha,Ali,Mariam Ali,2025-07-17,F,+233265608317,H-0155,C-04,F-04,BCG:2025-07-23|DTP3:2025-11-04|MCV1:2026-04-21
GT-0840,Joy,Osei,Amina Osei,2023-10-08,F,+233235036832,H-0129,C-03,F-03,DTP1:2023-11-29|DTP2:2024-01-05|DTP3:2024-01-17
GT-0841,Moussa,Sow,Joy Sow,2024-03-25,M,+233285982862,H-0256,C-07,F-02,DTP1:2024-05-12|DTP3:2024-07-16|MCV1:2025-01-06|MCV2:2025-09-24
GT-0842,Ibrahim,Diallo,Mariam Diallo,2024-01-26,M,+233229829822,H-0321,C-09,F-04,BCG:2024-02-09|DTP1:2024-03-09|DTP3:2024-05-18|MCV1:2024-11-06|MCV2:2025-07-29
GT-0843,Aisha,Smith,Mariam Smith,2026-04-21,F,+233295084307,H-0078,C-02,F-02,BCG:2026-04-27|DTP1:2026-06-26|DTP3:2026-08-24
GT-0844,Grace,Osei,Grace Osei,2025-05-04,F,+233264474404,H-0212,C-06,F-01,BCG:2025-05-08|DTP1:2025-06-23|DTP2:2025-07-16|MCV1:2026-02-04
GT-0845,Ali,Kamara,Mary Kamara,2024-12-03,M,+233272298460,H-0059,C-01,F-01,BCG:2024-12-25|DTP1:2025-01-14|DTP2:2025-03-02|DTP3:2025-03-20|MCV1:2025-09-06|MCV2:2026-06-15
GT-0846,Aisha,Kamara,Mary Kamara,2025-10-08,F,+233246602780,H-0287,C-08,F-03,BCG:2025-10-17|DTP2:2025-12-24|DTP3:2026-01-31|MCV1:2026-07-29
GT-0847,Grace,Ali,Fatoumata Ali,2026-06-05,F,+233275208604,H-0015,C-01,F-01,BCG:2026-07-01|DTP2:2026-08-31
GT-0848,David,Keita,Elizabeth Keita,2024-12-28,M,+233218533790,H-0011,C-01,F-01,BCG:2025-01-16|DTP1:2025-02-16|DTP3:2025-04-12|MCV2:2026-07-05
GT-0849,Sarah,Smith,Fatoumata Smith,2025-05-04,F,+233225023307,H-0209,C-06,F-01,BCG:2025-06-02|DTP1:2025-06-22|DTP2:2025-07-13|DTP3:2025-08-19|MCV1:2026-02-25
GT-0850,Ibrahim,Toure,Joy Toure,2025-04-02,M,+233276632538,H-0377,C-10,F-04,BCG:2025-04-15|DTP1:2025-05-21|DTP2:2025-06-13|DTP3:2025-07-23|MCV1:2026-01-20
GT-0851,Samuel,Mensah,Mariam Mensah,2024-10-25,M,+233288426937,H-0047,C-01,F-01,BCG:2024-11-19|DTP1:2024-12-23|DTP2:2025-01-09|MCV1:2025-08-16
GT-0852,John,Diallo,Fatoumata Diallo,2026-01-24,M,+233233508806,H-0200,C-06,F-01,BCG:2026-01-25|DTP1:2026-03-26|DTP2:2026-04-18|DTP3:2026-05-13
GT-0853,Aisha,Sow,Elizabeth Sow,2026-05-08,F,+233275814814,H-0141,C-04,F-04,BCG:2026-05-11|DTP1:2026-07-11|DTP2:2026-07-22
GT-0854,Kofi,Ali,Aisha Ali,2024-01-01,M,+233243064092,H-0192,C-06,F-01,BCG:2024-01-12|DTP1:2024-02-20|DTP2:2024-03-20|MCV1:2024-10-25|MCV2:2025-06-24
GT-0855,Esther,Keita,Grace Keita,2026-07-18,F,+233296623797,H-0075,C-02,F-02,BCG:2026-08-06|DTP1:2026-09-20
GT-0856,Muhammad,Diallo,Grace Diallo,2024-07-04,M,+233251509315,H-0311,C-08,F-03,BCG:2024-07-17|DTP1:2024-08-26|DTP2:2024-09-27|DTP3:2024-10-24|MCV2:2026-01-03
GT-0857,Sarah,Ali,Mary Ali,2024-03-07,F,+233262139697,H-0359,C-10,F-04,BCG:2024-03-16|DTP1:2024-04-26|DTP2:2024-05-21|DTP3:2024-07-01|MCV1:2024-12-21|MCV2:2025-09-04
GT-0858,Grace,Mensah,Mary Mensah,2024-12-29,F,+233238237596,H-0202,C-06,F-01,BCG:2025-01-11|DTP1:2025-03-05|DTP2:2025-03-31|MCV1:2025-10-17|MCV2:2026-06-30
GT-0859,Mariam,Smith,Amina Smith,2025-02-15,F,+233220750109,H-0083,C-02,F-02,BCG:2025-03-17|DTP1:2025-04-02|DTP2:2025-05-23|DTP3:2025-06-20|MCV2:2026-08-18
GT-0860,Aisha,Keita,Aisha Keita,2026-02-06,F,+233231520919,H-0252,C-07,F-02,BCG:2026-02-09|DTP1:2026-03-22|DTP2:2026-05-05|DTP3:2026-06-09
GT-0861,Kofi,Smith,Elizabeth Smith,2024-10-30,M,+233270835762,H-0134,C-03,F-03,BCG:2024-11-27|DTP2:2025-01-25|DTP3:2025-02-18|MCV2:2026-05-18
GT-0862,Emmanuel,Johnson,Fatoumata Johnson,2026-08-24,M,+233263775923,H-0015,C-01,F-01,
GT-0863,Mariam,Toure,Sarah Toure,2026-01-16,F,+233231182569,H-0322,C-09,F-04,BCG:2026-01-19|DTP1:2026-03-02|DTP2:2026-04-21|DTP3:2026-04-27
GT-0864,Samuel,Smith,Mariam Smith,2024-02-18,M,+233274205127,H-0265,C-07,F-02,BCG:2024-03-07|DTP1:2024-04-23|DTP2:2024-05-15|MCV1:2024-11-14|MCV2:2025-08-16
GT-0865,Kwame,Osei,Elizabeth Osei,2024-10-29,M,+233247822197,H-0377,C-10,F-04,BCG:2024-11-15|DTP1:2024-12-26|DTP2:2025-01-08|DTP3:2025-02-09|MCV1:2025-07-30
GT-0866,Mariam,Osei,Aisha Osei,2024-07-19,F,+233286556525,H-0044,C-01,F-01,BCG:2024-08-08|DTP1:2024-09-17|DTP2:2024-10-11|DTP3:2024-10-30|MCV1:2025-05-07|MCV2:2026-01-30
GT-0867,Ibrahim,Toure,Mary Toure,2026-03-01,M,+233272065617,H-0011,C-01,F-01,BCG:2026-03-03|DTP1:2026-04-24|DTP2:2026-05-19|DTP3:2026-07-02
GT-0868,Muhammad,Smith,Elizabeth Smith,2024-04-04,M,+233290583348,H-0135,C-03,F-03,BCG:2024-04-29|DTP1:2024-06-02|DTP2:2024-07-11|DTP3:2024-08-10|MCV1:2025-01-15|MCV2:2025-10-15
GT-0869,Kofi,Osei,Elizabeth Osei,2026-01-02,M,+233211894470,H-0077,C-02,F-02,BCG:2026-01-29|DTP1:2026-03-09|DTP2:2026-04-11|DTP3:2026-04-26
GT-0870,Esther,Johnson,Sarah Johnson,2025-05-28,F,+233237265709,H-0270,C-07,F-02,BCG:2025-05-30|DTP1:2025-07-28|MCV1:2026-03-22
GT-0871,Esther,Smith,Fatoumata Smith,2024-03-30,F,+233237730181,H-0137,C-03,F-03,BCG:2024-04-12|DTP1:2024-05-11|DTP2:2024-06-14|MCV1:2025-01-18
GT-0872,Mary,Smith,Fatoumata Smith,2024-05-16,F,+233229588118,H-0111,C-03,F-03,BCG:2024-06-13|DTP1:2024-07-21|DTP2:2024-08-14|MCV1:2025-02-14|MCV2:2025-11-14
GT-0873,Mary,Toure,Esther Toure,2025-04-09,F,+233259611937,H-0149,C-04,F-04,DTP1:2025-06-02|DTP2:2025-07-02|DTP3:2025-07-22|MCV1:2026-01-17
GT-0874,Sarah,Kamara,Esther Kamara,2025-12-01,F,+233253385340,H-0351,C-09,F-04,DTP1:2026-01-16|MCV1:2026-08-29
GT-0875,John,Smith,Elizabeth Smith,2025-03-24,M,+233219805359,H-0204,C-06,F-01,BCG:2025-04-23|DTP1:2025-05-25|DTP3:2025-07-09|MCV1:2026-01-04|MCV2:2026-09-16
GT-0876,Muhammad,Keita,Mary Keita,2024-01-09,M,+233257553566,H-0286,C-08,F-03,DTP2:2024-03-30|DTP3:2024-04-25|MCV2:2025-07-05
GT-0877,Muhammad,Sow,Joy Sow,2024-07-11,M,+233250601849,H-0344,C-09,F-04,BCG:2024-08-03|DTP1:2024-08-23|DTP2:2024-09-25|DTP3:2024-10-28|MCV1:2025-04-19|MCV2:2026-01-21
GT-0878,Fatoumata,Ali,Amina Ali,2025-08-28,F,+233244935754,H-0344,C-09,F-04,BCG:2025-09-17|DTP1:2025-10-20|DTP2:2025-11-22|DTP3:2026-01-01|MCV1:2026-06-09
GT-0879,Mariam,Johnson,Fatoumata Johnson,2026-02-28,F,+233252589618,H-0258,C-07,F-02,BCG:2026-03-17|DTP1:2026-05-05|DTP2:2026-06-01|DTP3:2026-06-08
GT-0880,Fatoumata,Sow,Sarah Sow,2024-11-27,F,+233215927344,H-0272,C-07,F-02,DTP1:2025-02-03|DTP2:2025-02-26|DTP3:2025-03-28|MCV1:2025-09-01|MCV2:2026-06-14
GT-0881,Mariam,Smith,Grace Smith,2025-03-09,F,+233292266282,H-0256,C-07,F-02,DTP1:2025-05-02|DTP2:2025-05-25|DTP3:2025-06-24|MCV1:2025-12-08|MCV2:2026-09-18
GT-0882,Joy,Keita,Aisha Keita,2025-09-27,F,+233252351453,H-0390,C-10,F-04,BCG:2025-10-23|DTP1:2025-11-12|DTP2:2025-12-24|DTP3:2026-02-01|MCV1:2026-06-26
GT-0883,Ibrahim,Johnson,Amina Johnson,2025-08-09,M,+233229947547,H-0252,C-07,F-02,BCG:2025-08-11|DTP1:2025-10-05|DTP2:2025-10-25|DTP3:2025-11-20
GT-0884,Muhammad,Johnson,Grace Johnson,2025-09-30,M,+233272697508,H-0118,C-03,F-03,BCG:2025-10-03|DTP1:2025-12-06|DTP3:2026-01-17
GT-0885,Amina,Johnson,Mariam Johnson,2023-12-11,F,+233271439467,H-0060,C-01,F-01,DTP1:2024-02-08|DTP2:2024-03-18|MCV1:2024-09-27|MCV2:2025-06-07
GT-0886,David,Keita,Sarah Keita,2025-07-09,M,+233248133464,H-0058,C-01,F-01,BCG:2025-08-05|DTP1:2025-09-05|DTP2:2025-10-12|DTP3:2025-11-12|MCV1:2026-05-01
GT-0887,Elizabeth,Toure,Mary Toure,2026-08-22,F,+233280600592,H-0087,C-02,F-02,BCG:2026-09-07
GT-0888,John,Mensah,Mary Mensah,2023-11-14,M,+233222657432,H-0293,C-08,F-03,BCG:2023-12-15|DTP1:2024-01-10|MCV1:2024-08-28|MCV2:2025-06-03
GT-0889,Kwame,Mensah,Aisha Mensah,2024-07-26,M,+233289233891,H-0169,C-04,F-04,BCG:2024-08-22|DTP1:2024-09-13|DTP3:2024-12-01|MCV1:2025-05-20|MCV2:2026-01-20
GT-0890,Fatoumata,Kamara,Sarah Kamara,2024-01-31,F,+233298521869,H-0055,C-01,F-01,BCG:2024-02-17|DTP1:2024-04-05|DTP2:2024-04-28|DTP3:2024-05-10|MCV1:2024-11-15|MCV2:2025-08-22
GT-0891,Elizabeth,Kamara,Mariam Kamara,2026-06-02,F,+233298070016,H-0233,C-06,F-01,BCG:2026-06-27|DTP1:2026-08-11|DTP2:2026-08-23
GT-0892,Elizabeth,Osei,Mary Osei,2026-05-23,F,+233296388439,H-0232,C-06,F-01,BCG:2026-06-08|DTP2:2026-08-12|DTP3:2026-09-05
GT-0893,David,Ali,Elizabeth Ali,2024-07-10,M,+233222421986,H-0166,C-04,F-04,BCG:2024-07-26|DTP2:2024-09-24|DTP3:2024-11-12|MCV1:2025-04-13
GT-0894,Ali,Smith,Sarah Smith,2026-07-19,M,+233237947183,H-0131,C-03,F-03,BCG:2026-07-25|DTP1:2026-09-17|DTP2:2026-09-29
GT-0895,Grace,Osei,Sarah Osei,2024-12-27,F,+233275880113,H-0199,C-06,F-01,BCG:2024-12-30|DTP1:2025-02-07|DTP2:2025-03-20|DTP3:2025-04-06
GT-0896,Elizabeth,Osei,Mariam Osei,2026-02-15,F,+233259319220,H-0222,C-06,F-01,BCG:2026-02-20|DTP2:2026-05-01|DTP3:2026-06-02
GT-0897,Esther,Smith,Esther Smith,2025-02-27,F,+233285572241,H-0103,C-02,F-02,DTP1:2025-05-01|DTP3:2025-06-26|MCV1:2025-11-25|MCV2:2026-08-30
GT-0898,John,Keita,Elizabeth Keita,2025-08-14,M,+233268264710,H-0217,C-06,F-01,BCG:2025-08-16|DTP2:2025-10-24|DTP3:2025-12-16
GT-0899,Muhammad,Ali,Mariam Ali,2024-01-24,M,+233240095669,H-0219,C-06,F-01,BCG:2024-02-22|DTP1:2024-03-21|DTP2:2024-04-21|DTP3:2024-05-27|MCV1:2024-11-15
GT-0900,Moussa,Ali,Joy Ali,2026-03-12,M,+233249017499,H-0352,C-09,F-04,BCG:2026-03-27|DTP1:2026-05-01|DTP2:2026-06-14|DTP3:2026-06-21
GT-0901,Moussa,Sow,Fatoumata Sow,2025-12-12,M,+233250320166,H-0224,C-06,F-01,BCG:2025-12-20|DTP1:2026-01-24|DTP2:2026-03-02|DTP3:2026-04-11|MCV1:2026-09-22
GT-0902,Grace,Toure,Amina Toure,2026-03-27,F,+233216052535,H-0128,C-03,F-03,BCG:2026-04-13|DTP1:2026-05-28|DTP2:2026-06-17|DTP3:2026-08-01
GT-0903,Aisha,Mensah,Esther Mensah,2025-03-30,F,+233257708716,H-0056,C-01,F-01,BCG:2025-04-27|DTP1:2025-05-21|DTP2:2025-06-22|DTP3:2025-07-10|MCV1:2025-12-26|MCV2:2026-09-24
GT-0904,Ibrahim,Kamara,Sarah Kamara,2024-01-26,M,+233234099087,H-0300,C-08,F-03,BCG:2024-02-10|DTP1:2024-03-31|DTP2:2024-04-29|DTP3:2024-05-13|MCV1:2024-11-13|MCV2:2025-08-01
GT-0905,Amina,Mensah,Aisha Mensah,2024-12-29,F,+233252137166,H-0094,C-02,F-02,BCG:2025-01-19|DTP1:2025-03-02|DTP2:2025-03-27|DTP3:2025-04-28|MCV1:2025-10-10
GT-0906,Esther,Toure,Grace Toure,2024-09-30,F,+233235124449,H-0371,C-10,F-04,BCG:2024-10-13|DTP1:2024-11-13|DTP2:2025-01-04|MCV1:2025-07-02
GT-0907,Samuel,Sow,Sarah Sow,2024-03-25,M,+233281722733,H-0095,C-02,F-02,BCG:2024-04-25|DTP1:2024-05-28|DTP3:2024-07-27|MCV1:2025-01-19
GT-0908,Sarah,Kamara,Fatoumata Kamara,2023-12-27,F,+233271762034,H-0003,C-01,F-01,BCG:2024-01-27|DTP2:2024-03-28|DTP3:2024-04-30|MCV1:2024-10-22|MCV2:2025-06-21
GT-0909,Grace,Toure,Elizabeth Toure,2024-08-22,F,+233263015631,H-0208,C-06,F-01,BCG:2024-09-02|DTP1:2024-10-31|DTP2:2024-11-16|DTP3:2024-12-28|MCV1:2025-05-25
GT-0910,Emmanuel,Osei,Amina Osei,2025-08-05,M,+233225020641,H-0155,C-04,F-04,BCG:2025-08-30|DTP1:2025-09-27|DTP2:2025-11-08|DTP3:2025-11-21|MCV1:2026-05-17
GT-0911,Muhammad,Diallo,Esther Diallo,2025-11-06,M,+233297206603,H-0009,C-01,F-01,BCG:2025-11-23|DTP1:2025-12-22|DTP2:2026-02-05|MCV1:2026-08-11
GT-0912,David,Sow,Esther Sow,2025-10-31,M,+233273617738,H-0224,C-06,F-01,BCG:2025-11-29|DTP1:2025-12-30|DTP2:2026-01-28|DTP3:2026-03-02
GT-0913,Emmanuel,Osei,Esther Osei,2023-12-11,M,+233273282209,H-0012,C-01,F-01,BCG:2023-12-26|DTP2:2024-02-28|DTP3:2024-04-11|MCV1:2024-09-15|MCV2:2025-06-16
GT-0914,Ali,Sow,Elizabeth Sow,2024-06-19,M,+233216834659,H-0231,C-06,F-01,BCG:2024-07-20|DTP1:2024-08-15|DTP3:2024-10-09
GT-0915,John,Smith,Esther Smith,2025-01-12,M,+233214968366,H-0005,C-01,F-01,BCG:2025-01-23|DTP1:2025-03-02|DTP2:2025-04-01
GT-0916,Joy,Toure,Elizabeth Toure,2023-12-05,F,+233241125867,H-0205,C-06,F-01,BCG:2023-12-24|DTP1:2024-01-24|DTP2:2024-02-20|DTP3:2024-04-11|MCV2:2025-05-28
GT-0917,John,Toure,Mariam Toure,2026-04-22,M,+233245950066,H-0032,C-01,F-01,BCG:2026-05-23|DTP1:2026-06-28|DTP2:2026-07-27
GT-0918,Esther,Mensah,Esther Mensah,2024-09-19,F,+233270173215,H-0332,C-09,F-04,DTP1:2024-11-27|MCV1:2025-06-25
GT-0919,Emmanuel,Sow,Mary Sow,2024-01-12,M,+233256150415,H-0224,C-06,F-01,BCG:2024-01-28|DTP2:2024-04-12|DTP3:2024-05-13|MCV1:2024-10-15
GT-0920,Samuel,Keita,Elizabeth Keita,2024-01-14,M,+233227603804,H-0119,C-03,F-03,BCG:2024-02-07|DTP1:2024-03-13|DTP2:2024-03-24|DTP3:2024-04-23|MCV1:2024-10-17
GT-0921,Aisha,Keita,Esther Keita,2025-10-03,F,+233293462271,H-0151,C-04,F-04,BCG:2025-10-08|DTP2:2025-12-17|DTP3:2026-01-30|MCV1:2026-07-05
GT-0922,Moussa,Osei,Fatoumata Osei,2025-07-18,M,+233230980122,H-0145,C-04,F-04,DTP1:2025-09-03|DTP2:2025-10-20|MCV1:2026-05-01
GT-0923,John,Johnson,Grace Johnson,2025-05-07,M,+233238109613,H-0252,C-07,F-02,BCG:2025-05-28|DTP1:2025-06-22|MCV1:2026-02-08
GT-0924,Kofi,Sow,Mariam Sow,2025-10-10,M,+233233449822,H-0025,C-01,F-01,BCG:2025-11-04|DTP1:2025-12-21|DTP2:2025-12-24|DTP3:2026-01-30|MCV1:2026-07-23
GT-0925,David,Keita,Aisha Keita,2026-01-09,M,+233292887892,H-0258,C-07,F-02,BCG:2026-02-03|DTP1:2026-03-08|DTP2:2026-04-10|DTP3:2026-05-12
GT-0926,Moussa,Sow,Mariam Sow,2024-09-02,M,+233216264794,H-0062,C-02,F-02,BCG:2024-09-28|DTP1:2024-10-19|DTP2:2024-11-17|DTP3:2024-12-17|MCV1:2025-06-28
GT-0927,Fatoumata,Ali,Elizabeth Ali,2026-01-29,F,+233216767531,H-0286,C-08,F-03,BCG:2026-02-24|DTP1:2026-03-14|DTP2:2026-04-19|DTP3:2026-06-02
GT-0928,Sarah,Mensah,Elizabeth Mensah,2026-02-03,F,+233285493830,H-0225,C-06,F-01,BCG:2026-02-10|DTP1:2026-04-15|DTP2:2026-04-25|DTP3:2026-06-08
GT-0929,Emmanuel,Mensah,Mary Mensah,2024-08-20,M,+233231076551,H-0260,C-07,F-02,BCG:2024-09-14|DTP1:2024-10-26|DTP2:2024-11-23|DTP3:2024-12-01|MCV1:2025-06-06|MCV2:2026-03-01
GT-0930,Joy,Johnson,Sarah Johnson,2025-10-19,F,+233296851348,H-0150,C-04,F-04,BCG:2025-10-22|DTP2:2026-01-23|DTP3:2026-02-23|MCV1:2026-08-02
GT-0931,David,Diallo,Esther Diallo,2024-05-01,M,+233210884169,H-0172,C-04,F-04,BCG:2024-05-14|DTP1:2024-06-23|DTP2:2024-07-11|DTP3:2024-08-13|MCV1:2025-02-06|MCV2:2025-11-13
GT-0932,Grace,Ali,Fatoumata Ali,2026-03-09,F,+233245704013,H-0243,C-07,F-02,DTP1:2026-05-03|DTP2:2026-05-18
GT-0933,Mariam,Diallo,Fatoumata Diallo,2024-04-19,F,+233240626070,H-0367,C-10,F-04,BCG:2024-04-22|DTP1:2024-06-03|DTP2:2024-07-15|MCV1:2025-01-29|MCV2:2025-10-28
GT-0934,Aisha,Johnson,Joy Johnson,2024-08-20,F,+233213994712,H-0220,C-06,F-01,BCG:2024-08-31|DTP1:2024-10-26|DTP2:2024-11-24|DTP3:2024-12-03|MCV1:2025-06-12|MCV2:2026-02-12
GT-0935,Ibrahim,Mensah,Sarah Mensah,2024-10-07,M,+233252252354,H-0075,C-02,F-02,BCG:2024-10-09|DTP2:2024-12-20|DTP3:2025-02-08|MCV1:2025-07-08|MCV2:2026-04-27
GT-0936,John,Kamara,Aisha Kamara,2026-06-16,M,+233298607345,H-0396,C-10,F-04,BCG:2026-06-19|DTP2:2026-09-09
GT-0937,Samuel,Kamara,Joy Kamara,2025-01-02,M,+233266278204,H-0329,C-09,F-04,BCG:2025-01-03|DTP2:2025-04-04|DTP3:2025-04-14
GT-0938,Mariam,Keita,Amina Keita,2025-02-04,F,+233280839007,H-0349,C-09,F-04,BCG:2025-02-16|DTP1:2025-03-26|DTP2:2025-04-25|MCV1:2025-11-07|MCV2:2026-07-31
GT-0939,Esther,Diallo,Joy Diallo,2024-03-08,F,+233256338752,H-0076,C-02,F-02,BCG:2024-03-17|DTP1:2024-05-13|DTP2:2024-06-03|MCV1:2024-12-25|MCV2:2025-09-17
GT-0940,Mary,Sow,Sarah Sow,2026-06-16,F,+233282133102,H-0333,C-09,F-04,BCG:2026-07-04|DTP1:2026-08-14|DTP2:2026-08-28
GT-0941,Ibrahim,Ali,Grace Ali,2025-06-19,M,+233222458031,H-0200,C-06,F-01,BCG:2025-06-21|DTP1:2025-08-28|DTP2:2025-09-18|DTP3:2025-10-18|MCV1:2026-03-18
GT-0942,Joy,Keita,Fatoumata Keita,2026-07-14,F,+233213743496,H-0283,C-07,F-02,BCG:2026-08-14|DTP1:2026-08-28
GT-0943,Mary,Sow,Aisha Sow,2023-10-31,F,+233224823261,H-0277,C-07,F-02,BCG:2023-11-26|DTP1:2023-12-29|DTP2:2024-01-14|DTP3:2024-02-23|MCV2:2025-05-03
GT-0944,Grace,Ali,Mariam Ali,2025-12-20,F,+233216406597,H-0031,C-01,F-01,BCG:2026-01-10|DTP2:2026-03-03|DTP3:2026-03-28
GT-0945,Moussa,Sow,Elizabeth Sow,2026-08-20,M,+233270820382,H-0334,C-09,F-04,BCG:2026-08-26
GT-0946,Kofi,Sow,Grace Sow,2025-11-17,M,+233260689435,H-0121,C-03,F-03,BCG:2025-12-14|DTP2:2026-02-08|DTP3:2026-03-11
GT-0947,David,Keita,Joy Keita,2025-08-01,M,+233258488507,H-0378,C-10,F-04,BCG:2025-08-25|DTP1:2025-09-18|DTP2:2025-10-17|DTP3:2025-11-13|MCV1:2026-05-10
GT-0948,John,Smith,Sarah Smith,2026-02-23,M,+233218347493,H-0051,C-01,F-01,BCG:2026-03-12|DTP1:2026-04-10|DTP2:2026-05-22|DTP3:2026-06-19
GT-0949,Mary,Johnson,Sarah Johnson,2024-08-04,F,+233280632831,H-0067,C-02,F-02,BCG:2024-08-12|DTP1:2024-10-13|DTP2:2024-10-26|DTP3:2024-11-29|MCV1:2025-05-04|MCV2:2026-02-01
GT-0950,Grace,Toure,Esther Toure,2024-04-15,F,+233269066531,H-0302,C-08,F-03,BCG:2024-05-08|DTP1:2024-06-01|DTP3:2024-08-21|MCV1:2025-01-14
GT-0951,Fatoumata,Osei,Joy Osei,2025-12-13,F,+233275063976,H-0251,C-07,F-02,BCG:2025-12-21|DTP1:2026-02-16|DTP2:2026-03-05|DTP3:2026-03-27|MCV1:2026-09-12
GT-0952,Ibrahim,Ali,Sarah Ali,2025-06-21,M,+233271127098,H-0235,C-06,F-01,BCG:2025-07-12|DTP1:2025-08-05|DTP3:2025-09-30|MCV1:2026-04-01
GT-0953,Ibrahim,Keita,Sarah Keita,2024-05-16,M,+233224809069,H-0017,C-01,F-01,BCG:2024-06-09|DTP1:2024-06-30|DTP3:2024-09-04|MCV1:2025-02-26
GT-0954,Amina,Ali,Fatoumata Ali,2026-01-01,F,+233259857504,H-0190,C-06,F-01,BCG:2026-01-08|DTP2:2026-03-24|DTP3:2026-05-06
GT-0955,Grace,Johnson,Amina Johnson,2025-11-11,F,+233229077681,H-0192,C-06,F-01,BCG:2025-11-27|DTP1:2025-12-31|DTP2:2026-01-28|DTP3:2026-03-03|MCV1:2026-09-02
GT-0956,Amina,Sow,Grace Sow,2025-06-15,F,+233234572196,H-0302,C-08,F-03,BCG:2025-06-17|DTP1:2025-08-12|DTP2:2025-09-06|DTP3:2025-09-30|MCV1:2026-03-20
GT-0957,Amina,Mensah,Joy Mensah,2024-09-15,F,+233219068358,H-0379,C-10,F-04,BCG:2024-10-10|DTP1:2024-11-21|DTP2:2024-11-26|DTP3:2025-01-02|MCV1:2025-06-19|MCV2:2026-03-31
GT-0958,Esther,Toure,Grace Toure,2024-02-16,F,+233255341868,H-0023,C-01,F-01,BCG:2024-03-14|DTP1:2024-04-10|DTP2:2024-05-11|DTP3:2024-06-21|MCV1:2024-12-06|MCV2:2025-08-24
GT-0959,Elizabeth,Osei,Fatoumata Osei,2023-11-01,F,+233295424250,H-0194,C-06,F-01,BCG:2023-12-02|DTP1:2024-01-02|DTP3:2024-03-01|MCV1:2024-08-05
GT-0960,Esther,Osei,Mariam Osei,2026-03-01,F,+233293855267,H-0390,C-10,F-04,BCG:2026-03-23|DTP1:2026-04-21|DTP2:2026-05-10|DTP3:2026-07-07
GT-0961,Aisha,Diallo,Aisha Diallo,2024-10-05,F,+233282611046,H-0320,C-09,F-04,BCG:2024-10-13|DTP2:2024-12-21|MCV1:2025-07-19
GT-0962,Grace,Mensah,Fatoumata Mensah,2026-07-11,F,+233286771841,H-0344,C-09,F-04,BCG:2026-08-10|DTP1:2026-08-27
GT-0963,Joy,Mensah,Joy Mensah,2026-03-09,F,+233235827078,H-0396,C-10,F-04,BCG:2026-04-09|DTP1:2026-05-14|DTP2:2026-06-04|DTP3:2026-06-25
GT-0964,Samuel,Ali,Mary Ali,2023-12-30,M,+233277463037,H-0278,C-07,F-02,BCG:2024-01-06|DTP1:2024-03-04|DTP2:2024-04-02|DTP3:2024-04-28|MCV2:2025-07-12
GT-0965,Ibrahim,Osei,Amina Osei,2025-02-13,M,+233237622679,H-0010,C-01,F-01,BCG:2025-03-12|DTP2:2025-05-05|DTP3:2025-06-06|MCV1:2025-12-08|MCV2:2026-08-08
GT-0966,Sarah,Ali,Elizabeth Ali,2024-11-12,F,+233263928396,H-0362,C-10,F-04,BCG:2024-11-24|DTP1:2024-12-31|DTP2:2025-02-05|DTP3:2025-03-20|MCV1:2025-08-31|MCV2:2026-05-24
GT-0967,Amina,Keita,Aisha Keita,2025-08-26,F,+233265691824,H-0024,C-01,F-01,BCG:2025-09-03|DTP1:2025-10-08|DTP2:2025-11-17|DTP3:2025-12-25|MCV1:2026-06-13
GT-0968,Aisha,Sow,Sarah Sow,2026-01-08,F,+233223332334,H-0271,C-07,F-02,DTP1:2026-03-13|DTP2:2026-04-11|DTP3:2026-04-27
GT-0969,Fatoumata,Osei,Grace Osei,2026-02-28,F,+233230700047,H-0087,C-02,F-02,BCG:2026-03-09|DTP1:2026-04-29|DTP2:2026-05-17|DTP3:2026-07-04
GT-0970,Muhammad,Toure,Mariam Toure,2025-08-24,M,+233213646855,H-0209,C-06,F-01,BCG:2025-08-31|DTP1:2025-11-03|DTP2:2025-11-05|DTP3:2025-12-08|MCV1:2026-06-07
GT-0971,Aisha,Mensah,Mariam Mensah,2025-11-12,F,+233265408139,H-0030,C-01,F-01,BCG:2025-12-13|DTP1:2025-12-25|DTP2:2026-01-29|DTP3:2026-03-11|MCV1:2026-09-01
GT-0972,Aisha,Mensah,Amina Mensah,2025-07-12,F,+233242161649,H-0166,C-04,F-04,BCG:2025-08-08|DTP1:2025-08-29|DTP2:2025-10-18|DTP3:2025-10-20|MCV1:2026-04-15
GT-0973,Moussa,Ali,Joy Ali,2024-07-03,M,+233225445960,H-0306,C-08,F-03,DTP1:2024-08-27|DTP2:2024-10-10|DTP3:2024-10-23|MCV1:2025-04-04|MCV2:2025-12-28
GT-0974,Esther,Ali,Aisha Ali,2026-04-18,F,+233274984400,H-0032,C-01,F-01,DTP1:2026-06-20|DTP2:2026-07-02
GT-0975,Muhammad,Sow,Joy Sow,2026-02-04,M,+233243059986,H-0209,C-06,F-01,BCG:2026-02-06|DTP1:2026-03-24|DTP3:2026-05-22
GT-0976,Kwame,Toure,Aisha Toure,2024-02-29,M,+233221261988,H-0285,C-08,F-03,BCG:2024-03-22|DTP1:2024-04-30|DTP2:2024-05-12|DTP3:2024-06-29|MCV1:2024-12-15
GT-0977,Emmanuel,Keita,Joy Keita,2025-09-20,M,+233242905017,H-0326,C-09,F-04,BCG:2025-10-17|DTP1:2025-11-05|DTP2:2025-12-25|MCV1:2026-06-17
GT-0978,Amina,Kamara,Esther Kamara,2025-01-15,F,+233297652074,H-0217,C-06,F-01,BCG:2025-01-17|DTP1:2025-03-19|DTP3:2025-04-25|MCV1:2025-10-18|MCV2:2026-07-22
GT-0979,Moussa,Sow,Elizabeth Sow,2025-04-04,M,+233261023340,H-0001,C-01,F-01,BCG:2025-04-12|DTP1:2025-05-21|DTP2:2025-06-29|DTP3:2025-08-08|MCV1:2026-01-29
GT-0980,Samuel,Ali,Grace Ali,2026-05-29,M,+233231664929,H-0324,C-09,F-04,BCG:2026-06-29
GT-0981,Kwame,Mensah,Aisha Mensah,2025-12-22,M,+233228743541,H-0274,C-07,F-02,BCG:2026-01-11|DTP1:2026-02-20|DTP2:2026-03-16|DTP3:2026-04-18
GT-0982,Aisha,Diallo,Elizabeth Diallo,2023-11-01,F,+233252722031,H-0285,C-08,F-03,BCG:2023-11-12|DTP1:2023-12-19|MCV2:2025-05-03
GT-0983,Grace,Johnson,Grace Johnson,2025-04-14,F,+233298889317,H-0350,C-09,F-04,BCG:2025-05-02|DTP1:2025-05-28|DTP3:2025-08-12|MCV1:2026-01-10
GT-0984,Moussa,Toure,Mariam Toure,2026-07-29,M,+233227948365,H-0175,C-04,F-04,BCG:2026-08-21
GT-0985,Amina,Kamara,Fatoumata Kamara,2024-05-06,F,+233284596958,H-0002,C-01,F-01,BCG:2024-05-22|DTP1:2024-07-07|DTP2:2024-08-07|MCV1:2025-02-05|MCV2:2025-11-04
GT-0986,Aisha,Ali,Sarah Ali,2026-03-25,F,+233282296289,H-0357,C-09,F-04,BCG:2026-04-02|DTP2:2026-06-22|DTP3:2026-07-03
GT-0987,Sarah,Keita,Aisha Keita,2024-08-27,F,+233261908845,H-0344,C-09,F-04,BCG:2024-09-14|DTP1:2024-10-24|DTP2:2024-11-13|DTP3:2024-12-20|MCV1:2025-05-29|MCV2:2026-03-05
GT-0988,David,Johnson,Mariam Johnson,2025-07-31,M,+233269670203,H-0394,C-10,F-04,BCG:2025-08-07|DTP1:2025-10-06|DTP2:2025-10-29|DTP3:2025-11-10|MCV1:2026-04-29
GT-0989,Kwame,Keita,Mary Keita,2026-02-27,M,+233292334886,H-0114,C-03,F-03,BCG:2026-03-20|DTP1:2026-05-03|DTP2:2026-05-22|DTP3:2026-06-13
GT-0990,Ali,Johnson,Mariam Johnson,2026-06-16,M,+233247682480,H-0156,C-04,F-04,DTP1:2026-07-29|DTP2:2026-09-18
GT-0991,Muhammad,Diallo,Aisha Diallo,2026-01-15,M,+233247224958,H-0361,C-10,F-04,BCG:2026-02-12|DTP1:2026-02-26|DTP2:2026-03-31
GT-0992,Fatoumata,Ali,Mary Ali,2025-09-05,F,+233218772554,H-0257,C-07,F-02,BCG:2025-09-24|DTP1:2025-11-08|DTP2:2025-12-14|MCV1:2026-06-30
GT-0993,Emmanuel,Sow,Elizabeth Sow,2025-05-21,M,+233280206603,H-0066,C-02,F-02,BCG:2025-06-02|DTP1:2025-07-22|DTP2:2025-08-18|DTP3:2025-08-31
GT-0994,Muhammad,Ali,Elizabeth Ali,2025-03-31,M,+233285177493,H-0141,C-04,F-04,BCG:2025-04-22|DTP1:2025-06-10|DTP2:2025-06-18|MCV1:2025-12-28|MCV2:2026-09-26
GT-0995,John,Kamara,Mariam Kamara,2024-03-28,M,+233264609958,H-0233,C-06,F-01,BCG:2024-04-16|DTP1:2024-05-18|DTP2:2024-07-05|MCV1:2025-01-18
GT-0996,Esther,Keita,Joy Keita,2026-06-02,F,+233240138350,H-0063,C-02,F-02,BCG:2026-06-28|DTP1:2026-07-26|DTP2:2026-08-27|DTP3:2026-09-08
GT-0997,Joy,Johnson,Mariam Johnson,2026-08-20,F,+233262594409,H-0143,C-04,F-04,BCG:2026-08-22
GT-0998,Samuel,Kamara,Mary Kamara,2024-04-15,M,+233219991216,H-0172,C-04,F-04,BCG:2024-04-24|DTP2:2024-07-14|DTP3:2024-08-02|MCV1:2025-01-18|MCV2:2025-10-19
GT-0999,Emmanuel,Keita,Grace Keita,2026-04-24,M,+233294019584,H-0128,C-03,F-03,BCG:2026-04-28|DTP1:2026-06-09|DTP2:2026-07-19|DTP3:2026-08-10
GT-1000,Moussa,Smith,Amina Smith,2024-10-15,M,+233243609390,H-0050,C-01,F-01,BCG:2024-10-17|DTP1:2024-12-22|DTP2:2025-01-11|DTP3:2025-01-22|MCV1:2025-07-13
