event_id,child_id,child_name,vaccine,date_administered,facility_id
E-ID-00002,C-ID-0003,,BCG,2025-07-22,F-04
E-ID-00003,C-ID-0003,,DTP2,2025-10-11,F-04
E-ID-00006,C-ID-0005,,BCG,2026-04-27,F-01
E-ID-00007,C-ID-0005,,DTP2,2026-08-01,F-01
E-ID-00008,C-ID-0006,,BCG,2025-05-26,F-02
E-ID-00009,C-ID-0006,,DTP1,2025-07-27,F-02
E-ID-00010,C-ID-0006,,DTP2,2025-08-08,F-02
E-ID-00011,C-ID-0006,,DTP3,2025-09-09,F-02
E-ID-00012,C-ID-0006,,MCV1,2026-03-08,F-02
E-ID-00013,C-ID-0007,,BCG,2025-10-16,F-04
E-ID-00014,C-ID-0007,,DTP1,2025-12-07,F-04
E-ID-00015,C-ID-0007,,DTP2,2026-01-11,F-04
E-ID-00016,C-ID-0007,,MCV1,2026-07-30,F-04
E-ID-00022,C-ID-0010,,BCG,2024-08-10,F-01
E-ID-00023,C-ID-0010,,DTP1,2024-09-24,F-01
E-ID-00024,C-ID-0010,,DTP2,2024-10-07,F-01
E-ID-00025,C-ID-0010,,DTP3,2024-11-23,F-01
E-ID-00026,C-ID-0010,,MCV1,2025-05-17,F-01
E-ID-00027,C-ID-0011,,DTP1,2026-07-07,F-01
E-ID-00028,C-ID-0011,,DTP2,2026-08-01,F-01
E-ID-00029,C-ID-0011,,DTP3,2026-09-04,F-01
E-ID-00030,C-ID-0012,,BCG,2024-05-14,F-04
E-ID-00031,C-ID-0012,,DTP1,2024-06-18,F-04
E-ID-00032,C-ID-0012,,DTP2,2024-07-24,F-04
E-ID-00033,C-ID-0012,,DTP3,2024-08-28,F-04
E-ID-00034,C-ID-0013,,BCG,2024-11-14,F-01
E-ID-00035,C-ID-0013,,DTP1,2024-12-01,F-01
E-ID-00036,C-ID-0013,,DTP2,2025-01-03,F-01
E-ID-00037,,Esther Mensah,DTP3,2025-01-31,F-01
E-ID-00038,C-ID-0013,,MCV1,2025-07-13,F-01
E-ID-00039,C-ID-0013,,MCV2,2026-04-30,F-01
E-ID-00040,C-ID-0014,,BCG,2024-10-12,F-01
E-ID-00041,C-ID-0014,,DTP1,2024-12-17,F-01
E-ID-00042,C-ID-0014,,MCV1,2025-07-13,F-01
E-ID-00043,C-ID-0015,,BCG,2024-03-15,F-02
E-ID-00044,,Esther Ali,DTP1,2024-04-29,F-02
E-ID-00045,C-ID-0015,,DTP2,2024-06-01,F-02
E-ID-00046,C-ID-0015,,DTP3,2024-06-28,F-02
E-ID-00047,C-ID-0015,,MCV1,2024-12-13,F-02
E-ID-00048,C-ID-0016,,BCG,2024-02-05,F-04
E-ID-00049,C-ID-0016,,DTP1,2024-03-20,F-04
E-ID-00050,C-ID-0016,,DTP2,2024-04-07,F-04
E-ID-00051,C-ID-0016,,DTP3,2024-05-27,F-04
E-ID-00052,C-ID-0016,,MCV2,2025-08-16,F-04
E-ID-00053,C-ID-0017,,BCG,2024-11-12,F-04
E-ID-00054,C-ID-0017,,DTP1,2024-12-30,F-04
E-ID-00055,C-ID-0017,,DTP2,2025-01-20,F-04
E-ID-00056,C-ID-0017,,DTP3,2025-03-06,F-04
E-ID-00057,C-ID-0017,,MCV2,2026-05-21,F-04
E-ID-00058,C-ID-0018,,BCG,2026-04-04,F-04
E-ID-00059,C-ID-0018,,DTP1,2026-05-03,F-04
E-ID-00060,C-ID-0018,,DTP2,2026-06-02,F-04
E-ID-00061,C-ID-0018,,DTP3,2026-07-15,F-04
E-ID-00062,C-ID-0019,,BCG,2025-11-23,F-01
E-ID-00063,C-ID-0019,,DTP1,2026-01-14,F-01
E-ID-00064,C-ID-0019,,DTP2,2026-02-15,F-01
E-ID-00065,C-ID-0020,,DTP3,2026-02-19,F-04
E-ID-00066,C-ID-0020,,MCV1,2026-08-19,F-04
E-ID-00076,C-ID-0023,,DTP3,2024-01-14,F-01
E-ID-00077,C-ID-0023,,MCV1,2024-07-05,F-01
E-ID-00078,C-ID-0023,,MCV2,2025-04-05,F-01
E-ID-00079,C-ID-0024,,BCG,2024-08-15,F-04
E-ID-00080,C-ID-0024,,DTP1,2024-09-20,F-04
E-ID-00081,C-ID-0024,,MCV2,2026-01-10,F-04
E-ID-00082,,John Ali,BCG,2026-06-19,F-04
E-ID-00083,C-ID-0025,,DTP1,2026-08-01,F-04
E-ID-00084,C-ID-0026,,BCG,2024-12-02,F-04
E-ID-00085,C-ID-0026,,DTP1,2025-01-13,F-04
E-ID-00086,C-ID-0026,,DTP2,2025-01-22,F-04
E-ID-00087,C-ID-0027,,MCV1,2025-09-05,F-05
E-ID-00088,C-ID-0027,,MCV2,2026-05-31,F-05
E-ID-00089,C-ID-0028,,BCG,2026-03-25,F-01
E-ID-00090,C-ID-0028,,DTP1,2026-05-23,F-01
E-ID-00091,C-ID-0028,,DTP2,2026-05-30,F-01
E-ID-00092,C-ID-0029,,DTP2,2024-09-07,F-04
E-ID-00093,C-ID-0029,,MCV1,2025-04-12,F-04
E-ID-00094,C-ID-0030,,MCV2,2026-01-04,F-05
E-ID-00095,C-ID-0031,,BCG,2026-03-15,F-04
E-ID-00096,C-ID-0031,,DTP1,2026-04-13,F-04
E-ID-00097,,Kofi Sow,DTP2,2026-05-11,F-04
E-ID-00098,C-ID-0031,,DTP3,2026-06-02,F-04
E-ID-00099,C-ID-0032,,BCG,2024-04-07,F-02
E-ID-00100,C-ID-0032,,DTP1,2024-05-24,F-02
E-ID-00101,C-ID-0032,,DTP3,2024-07-15,F-02
E-ID-00102,C-ID-0032,,MCV1,2025-01-14,F-02
E-ID-00103,C-ID-0033,,BCG,2025-12-23,F-01
E-ID-00104,C-ID-0033,,DTP1,2026-02-02,F-01
E-ID-00105,C-ID-0033,,DTP2,2026-03-03,F-01
E-ID-00106,C-ID-0033,,DTP3,2026-04-02,F-01
E-ID-00107,C-ID-0034,,BCG,2024-11-26,F-01
E-ID-00108,C-ID-0034,,DTP1,2025-01-23,F-01
E-ID-00109,C-ID-0034,,DTP3,2025-02-21,F-01
E-ID-00110,C-ID-0034,,MCV1,2025-08-12,F-01
E-ID-00111,C-ID-0034,,MCV2,2026-05-23,F-01
E-ID-00112,C-ID-0035,,BCG,2025-06-19,F-01
E-ID-00113,C-ID-0035,,DTP1,2025-07-28,F-01
E-ID-00114,C-ID-0035,,DTP2,2025-08-22,F-01
E-ID-00115,C-ID-0035,,DTP3,2025-09-19,F-01
E-ID-00116,C-ID-0035,,MCV1,2026-03-22,F-01
E-ID-00122,C-ID-0037,,BCG,2024-09-01,F-02
E-ID-00123,C-ID-0037,,DTP1,2024-09-30,F-02
E-ID-00124,C-ID-0037,,DTP3,2024-11-19,F-02
E-ID-00125,C-ID-0037,,MCV1,2025-05-25,F-02
E-ID-00126,C-ID-0037,,MCV2,2026-02-08,F-02
E-ID-00127,C-ID-0038,,BCG,2026-03-09,F-04
E-ID-00128,C-ID-0038,,DTP1,2026-05-07,F-04
E-ID-00131,C-ID-0040,,BCG,2024-05-04,F-01
E-ID-00132,C-ID-0040,,DTP2,2024-07-31,F-01
E-ID-00133,C-ID-0040,,DTP3,2024-08-13,F-01
E-ID-00134,C-ID-0040,,MCV1,2025-02-02,F-01
E-ID-00135,C-ID-0040,,MCV2,2025-11-01,F-01
E-ID-00136,C-ID-0041,,BCG,2026-01-15,F-02
E-ID-00140,C-ID-0043,,BCG,2023-10-14,F-04
E-ID-00141,C-ID-0043,,DTP1,2023-11-25,F-04
E-ID-00142,C-ID-0043,,DTP2,2023-12-29,F-04
E-ID-00143,,David Ali,MCV1,2024-06-25,F-04
E-ID-00144,,David Ali,MCV2,2025-03-26,F-04
E-ID-00145,C-ID-0044,,BCG,2026-02-08,F-04
E-ID-00146,C-ID-0044,,DTP1,2026-02-25,F-04
E-ID-00147,C-ID-0044,,DTP2,2026-04-15,F-04
E-ID-00148,C-ID-0044,,DTP3,2026-04-27,F-04
E-ID-00149,C-ID-0045,,BCG,2025-09-06,F-02
E-ID-00150,C-ID-0045,,DTP1,2025-10-20,F-02
E-ID-00151,,Samuel Osei,DTP2,2025-11-02,F-02
E-ID-00152,C-ID-0046,,BCG,2024-11-11,F-01
E-ID-00153,C-ID-0046,,DTP1,2025-01-02,F-01
E-ID-00154,C-ID-0046,,DTP2,2025-01-30,F-01
E-ID-00155,C-ID-0046,,DTP3,2025-02-12,F-01
E-ID-00156,C-ID-0046,,MCV1,2025-07-25,F-01
E-ID-00157,C-ID-0046,,MCV2,2026-04-22,F-01
E-ID-00158,C-ID-0047,,DTP1,2026-06-24,F-01
E-ID-00159,C-ID-0047,,DTP3,2026-08-14,F-01
E-ID-00160,C-ID-0048,,BCG,2026-05-02,F-01
E-ID-00161,C-ID-0048,,DTP1,2026-06-05,F-01
E-ID-00162,C-ID-0048,,DTP3,2026-07-31,F-01
E-ID-00163,C-ID-0049,,BCG,2023-10-16,F-04
E-ID-00164,C-ID-0049,,DTP1,2023-11-17,F-04
E-ID-00165,C-ID-0049,,DTP2,2024-01-11,F-04
E-ID-00166,C-ID-0049,,DTP3,2024-02-06,F-04
E-ID-00167,C-ID-0049,,MCV1,2024-07-04,F-04
E-ID-00168,C-ID-0049,,MCV2,2025-04-12,F-04
E-ID-00175,C-ID-0051,,BCG,2024-09-17,F-02
E-ID-00176,C-ID-0051,,DTP1,2024-10-30,F-02
E-ID-00177,C-ID-0051,,DTP2,2024-11-21,F-02
E-ID-00178,C-ID-0051,,MCV1,2025-06-04,F-02
E-ID-00179,C-ID-0052,,BCG,2024-03-04,F-04
E-ID-00180,C-ID-0052,,DTP1,2024-04-03,F-04
E-ID-00181,C-ID-0052,,DTP2,2024-05-27,F-04
E-ID-00182,C-ID-0052,,MCV1,2024-11-21,F-04
E-ID-00183,C-ID-0052,,MCV2,2025-09-07,F-04
E-ID-00187,C-ID-0054,,MCV1,2025-03-15,F-04
E-ID-00188,C-ID-0054,,MCV2,2025-11-26,F-04
E-ID-00189,,Kofi Mensah,DTP1,2026-04-03,F-04
E-ID-00190,C-ID-0055,,DTP2,2026-04-30,F-04
E-ID-00191,C-ID-0055,,DTP3,2026-05-13,F-04
E-ID-00192,C-ID-0056,,DTP2,2024-12-20,F-01
E-ID-00193,C-ID-0056,,DTP3,2025-01-01,F-01
E-ID-00194,C-ID-0056,,MCV1,2025-07-18,F-01
E-ID-00195,C-ID-0057,,BCG,2025-12-12,F-04
E-ID-00196,C-ID-0057,,DTP1,2026-01-05,F-04
E-ID-00197,C-ID-0057,,DTP2,2026-02-19,F-04
E-ID-00198,C-ID-0057,,MCV1,2026-08-19,F-04
E-ID-00199,C-ID-0058,,BCG,2025-12-08,F-01
E-ID-00200,C-ID-0058,,DTP1,2026-01-13,F-01
E-ID-00201,C-ID-0058,,DTP2,2026-02-17,F-01
E-ID-00202,C-ID-0058,,DTP3,2026-03-14,F-01
E-ID-00203,C-ID-0060,,BCG,2025-05-29,F-02
E-ID-00204,C-ID-0060,,DTP1,2025-06-20,F-02
E-ID-00205,C-ID-0060,,DTP2,2025-07-11,F-02
E-ID-00206,C-ID-0060,,DTP3,2025-08-29,F-02
E-ID-00207,C-ID-0061,,DTP1,2026-07-26,F-01
E-ID-00208,C-ID-0061,,DTP2,2026-08-10,F-01
E-ID-00209,C-ID-0061,,DTP3,2026-08-30,F-01
E-ID-00210,C-ID-0062,,BCG,2025-10-03,F-04
E-ID-00211,C-ID-0062,,DTP1,2025-11-03,F-04
E-ID-00212,,Samuel Smith,DTP2,2025-11-23,F-04
E-ID-00213,C-ID-0062,,DTP3,2025-12-29,F-04
E-ID-00214,C-ID-0062,,MCV1,2026-06-25,F-04
E-ID-00215,C-ID-0063,,BCG,2024-08-14,F-04
E-ID-00216,C-ID-0063,,DTP1,2024-09-11,F-04
E-ID-00217,C-ID-0063,,DTP2,2024-10-26,F-04
E-ID-00218,C-ID-0063,,DTP3,2024-10-28,F-04
E-ID-00219,C-ID-0063,,MCV1,2025-04-20,F-04
E-ID-00225,C-ID-0065,,BCG,2024-01-31,F-02
E-ID-00226,C-ID-0065,,DTP1,2024-02-20,F-02
E-ID-00227,C-ID-0065,,DTP2,2024-03-14,F-02
E-ID-00228,C-ID-0065,,DTP3,2024-04-16,F-02
E-ID-00229,C-ID-0065,,MCV1,2024-10-17,F-02
E-ID-00230,C-ID-0066,,BCG,2025-11-18,F-01
E-ID-00231,C-ID-0066,,DTP1,2025-12-29,F-01
E-ID-00232,C-ID-0066,,DTP2,2026-01-19,F-01
E-ID-00233,,Fatoumata Diallo,DTP3,2026-02-08,F-01
E-ID-00234,C-ID-0066,,MCV1,2026-08-21,F-01
E-ID-00235,C-ID-0067,,BCG,2023-09-22,F-04
E-ID-00236,C-ID-0067,,DTP1,2023-10-28,F-04
E-ID-00237,C-ID-0067,,MCV1,2024-07-03,F-04
E-ID-00238,C-ID-0068,,BCG,2025-11-01,F-01
E-ID-00239,C-ID-0068,,DTP1,2025-11-21,F-01
E-ID-00240,C-ID-0068,,DTP2,2025-12-19,F-01
E-ID-00241,C-ID-0068,,MCV1,2026-08-04,F-01
E-ID-00245,C-ID-0070,,BCG,2025-05-11,F-01
E-ID-00246,C-ID-0070,,DTP1,2025-06-17,F-01
E-ID-00247,C-ID-0070,,DTP2,2025-08-10,F-01
E-ID-00248,C-ID-0070,,DTP3,2025-09-05,F-01
E-ID-00249,C-ID-0071,,BCG,2025-01-02,F-01
E-ID-00250,C-ID-0071,,DTP1,2025-02-23,F-01
E-ID-00251,C-ID-0071,,DTP2,2025-03-17,F-01
E-ID-00252,C-ID-0071,,DTP3,2025-04-24,F-01
E-ID-00253,C-ID-0071,,MCV1,2025-09-29,F-01
E-ID-00254,C-ID-0072,,BCG,2026-03-11,F-02
E-ID-00255,C-ID-0072,,DTP1,2026-04-14,F-02
E-ID-00256,C-ID-0072,,DTP2,2026-05-16,F-02
E-ID-00257,C-ID-0072,,DTP3,2026-06-15,F-02
E-ID-00263,C-ID-0074,,BCG,2025-04-15,F-04
E-ID-00264,C-ID-0074,,DTP1,2025-06-01,F-04
E-ID-00265,C-ID-0074,,DTP3,2025-07-29,F-04
E-ID-00266,,Kwame Mensah,MCV1,2026-01-29,F-04
E-ID-00267,C-ID-0075,,BCG,2026-07-10,F-04
E-ID-00268,C-ID-0075,,DTP1,2026-08-18,F-04
E-ID-00275,C-ID-0078,,BCG,2024-06-08,F-02
E-ID-00276,C-ID-0078,,DTP1,2024-08-05,F-02
E-ID-00277,C-ID-0078,,DTP3,2024-09-27,F-02
E-ID-00278,C-ID-0078,,MCV1,2025-03-09,F-02
E-ID-00279,C-ID-0078,,MCV2,2025-12-19,F-02
E-ID-00280,C-ID-0079,,DTP1,2025-05-31,F-04
E-ID-00281,,Kofi Mensah,DTP2,2025-06-12,F-04
E-ID-00282,,Kofi Mensah,DTP3,2025-07-30,F-04
E-ID-00283,C-ID-0079,,MCV1,2026-01-02,F-04
E-ID-00284,C-ID-0080,,BCG,2024-09-14,F-01
E-ID-00285,,Fatoumata Kamara,DTP1,2024-11-08,F-01
E-ID-00286,C-ID-0080,,DTP2,2024-11-25,F-01
E-ID-00287,C-ID-0080,,DTP3,2025-01-08,F-01
E-ID-00288,C-ID-0080,,MCV1,2025-07-08,F-01
E-ID-00289,C-ID-0081,,DTP1,2026-06-08,F-04
E-ID-00290,C-ID-0081,,DTP2,2026-06-16,F-04
E-ID-00291,C-ID-0081,,DTP3,2026-07-31,F-04
E-ID-00292,C-ID-0082,,BCG,2024-11-15,F-04
E-ID-00293,C-ID-0082,,DTP1,2024-12-23,F-04
E-ID-00294,C-ID-0082,,DTP2,2025-01-16,F-04
E-ID-00295,C-ID-0082,,MCV1,2025-08-18,F-04
E-ID-00296,C-ID-0082,,MCV2,2026-04-29,F-04
E-ID-00297,C-ID-0083,,BCG,2024-12-31,F-01
E-ID-00298,,Grace Kamara,DTP2,2025-03-16,F-01
E-ID-00299,C-ID-0083,,MCV1,2025-10-02,F-01
E-ID-00300,C-ID-0084,,BCG,2024-03-06,F-01
E-ID-00301,C-ID-0084,,DTP1,2024-04-26,F-01
E-ID-00302,C-ID-0084,,DTP2,2024-05-31,F-01
E-ID-00303,C-ID-0084,,DTP3,2024-07-01,F-01
E-ID-00304,C-ID-0084,,MCV1,2024-12-10,F-01
E-ID-00305,C-ID-0085,,DTP1,2023-12-09,F-01
E-ID-00306,C-ID-0085,,DTP2,2024-01-27,F-01
E-ID-00307,C-ID-0085,,MCV1,2024-08-04,F-01
E-ID-00308,C-ID-0085,,MCV2,2025-05-08,F-01
E-ID-00309,C-ID-0086,,BCG,2024-03-14,F-02
E-ID-00310,C-ID-0086,,DTP1,2024-04-26,F-02
E-ID-00311,C-ID-0086,,DTP2,2024-06-05,F-02
E-ID-00312,C-ID-0086,,DTP3,2024-06-23,F-02
E-ID-00313,C-ID-0086,,MCV1,2025-01-02,F-02
E-ID-00314,C-ID-0087,,BCG,2024-10-30,F-02
E-ID-00315,C-ID-0087,,DTP1,2024-12-15,F-02
E-ID-00316,C-ID-0087,,DTP3,2025-01-15,F-02
E-ID-00317,C-ID-0087,,MCV1,2025-07-14,F-02
E-ID-00318,C-ID-0087,,MCV2,2026-04-20,F-02
E-ID-00319,C-ID-0088,,BCG,2024-02-14,F-04
E-ID-00320,C-ID-0088,,DTP1,2024-04-16,F-04
E-ID-00321,C-ID-0088,,DTP2,2024-05-13,F-04
E-ID-00322,C-ID-0089,,DTP3,2024-06-13,F-01
E-ID-00323,C-ID-0089,,MCV1,2024-12-04,F-01
E-ID-00324,C-ID-0090,,BCG,2026-04-16,F-01
E-ID-00325,C-ID-0090,,DTP1,2026-05-28,F-01
E-ID-00326,C-ID-0090,,DTP2,2026-07-04,F-01
E-ID-00327,C-ID-0090,,DTP3,2026-07-27,F-01
E-ID-00328,C-ID-0091,,BCG,2026-06-24,F-04
E-ID-00329,C-ID-0091,,DTP1,2026-07-26,F-04
E-ID-00330,C-ID-0091,,DTP2,2026-08-28,F-04
E-ID-00335,C-ID-0093,,BCG,2025-10-09,F-01
E-ID-00336,C-ID-0093,,DTP2,2025-12-20,F-01
E-ID-00337,C-ID-0093,,DTP3,2026-01-20,F-01
E-ID-00338,C-ID-0093,,MCV1,2026-07-21,F-01
E-ID-00339,C-ID-0094,,BCG,2024-08-15,F-01
E-ID-00340,C-ID-0094,,DTP1,2024-09-25,F-01
E-ID-00341,C-ID-0094,,DTP2,2024-09-30,F-01
E-ID-00342,C-ID-0095,,BCG,2025-08-02,F-04
E-ID-00343,C-ID-0095,,DTP1,2025-09-16,F-04
E-ID-00344,C-ID-0095,,DTP2,2025-10-10,F-04
E-ID-00345,C-ID-0095,,DTP3,2025-11-16,F-04
E-ID-00346,C-ID-0095,,MCV1,2026-04-30,F-04
E-ID-00347,C-ID-0096,,BCG,2025-06-01,F-01
E-ID-00348,C-ID-0096,,DTP1,2025-08-03,F-01
E-ID-00349,C-ID-0096,,DTP3,2025-09-20,F-01
E-ID-00350,C-ID-0096,,MCV1,2026-03-11,F-01
E-ID-00351,C-ID-0097,,BCG,2026-03-17,F-04
E-ID-00352,C-ID-0097,,DTP1,2026-05-19,F-04
E-ID-00353,C-ID-0097,,DTP2,2026-05-25,F-04
E-ID-00354,C-ID-0097,,DTP3,2026-07-02,F-04
E-ID-00355,C-ID-0098,,DTP1,2026-05-08,F-04
E-ID-00356,C-ID-0098,,DTP2,2026-06-07,F-04
E-ID-00357,C-ID-0098,,DTP3,2026-08-01,F-04
E-ID-00358,C-ID-0099,,BCG,2023-10-23,F-04
E-ID-00359,C-ID-0099,,DTP1,2023-12-09,F-04
E-ID-00360,C-ID-0099,,DTP2,2024-01-07,F-04
E-ID-00361,C-ID-0099,,DTP3,2024-01-19,F-04
E-ID-00362,C-ID-0099,,MCV1,2024-07-09,F-04
E-ID-00363,C-ID-0099,,MCV2,2025-04-01,F-04
E-ID-00364,C-ID-0100,,BCG,2024-08-15,F-02
E-ID-00365,C-ID-0100,,DTP1,2024-09-20,F-02
E-ID-00366,,Ali Johnson,DTP2,2024-10-29,F-02
E-ID-00367,C-ID-0100,,DTP3,2024-12-01,F-02
E-ID-00368,,Joy Osei,BCG,2026-03-02,F-01
E-ID-00369,C-ID-0101,,DTP1,2026-04-05,F-01
E-ID-00370,C-ID-0101,,DTP3,2026-05-26,F-01
E-ID-00371,C-ID-0102,,DTP1,2026-04-28,F-01
E-ID-00372,C-ID-0102,,DTP2,2026-05-22,F-01
E-ID-00373,C-ID-0103,,BCG,2024-09-03,F-04
E-ID-00374,C-ID-0103,,DTP1,2024-10-25,F-04
E-ID-00375,C-ID-0103,,DTP2,2024-11-29,F-04
E-ID-00376,C-ID-0103,,DTP3,2024-12-20,F-04
E-ID-00377,C-ID-0103,,MCV1,2025-06-08,F-04
E-ID-00378,C-ID-0103,,MCV2,2026-02-26,F-04
E-ID-00379,C-ID-0104,,BCG,2026-04-21,F-02
E-ID-00380,C-ID-0104,,DTP1,2026-05-30,F-02
E-ID-00381,C-ID-0104,,DTP2,2026-07-20,F-02
E-ID-00382,C-ID-0104,,DTP3,2026-07-28,F-02
E-ID-00383,C-ID-0105,,BCG,2025-05-08,F-02
E-ID-00384,C-ID-0105,,DTP1,2025-06-19,F-02
E-ID-00385,C-ID-0105,,DTP2,2025-08-08,F-02
E-ID-00386,C-ID-0105,,MCV1,2026-02-25,F-02
E-ID-00387,C-ID-0106,,BCG,2025-02-18,F-04
E-ID-00388,C-ID-0106,,DTP1,2025-03-06,F-04
E-ID-00389,C-ID-0106,,DTP2,2025-04-13,F-04
E-ID-00390,C-ID-0107,,DTP3,2025-05-01,F-02
E-ID-00391,C-ID-0107,,MCV1,2025-11-05,F-02
E-ID-00392,C-ID-0107,,MCV2,2026-07-30,F-02
E-ID-00393,C-ID-0108,,BCG,2025-09-29,F-04
E-ID-00394,C-ID-0108,,DTP1,2025-11-14,F-04
E-ID-00395,C-ID-0108,,DTP2,2025-12-04,F-04
E-ID-00396,C-ID-0108,,DTP3,2026-01-26,F-04
E-ID-00397,C-ID-0109,,BCG,2026-03-10,F-04
E-ID-00398,C-ID-0109,,DTP1,2026-04-16,F-04
E-ID-00399,C-ID-0109,,DTP2,2026-06-01,F-04
E-ID-00400,C-ID-0110,,DTP1,2026-07-27,F-04
E-ID-00401,C-ID-0110,,DTP2,2026-08-24,F-04
E-ID-00402,C-ID-0111,,BCG,2024-05-26,F-04
E-ID-00403,C-ID-0111,,DTP1,2024-06-18,F-04
E-ID-00404,C-ID-0111,,MCV1,2025-02-03,F-04
E-ID-00405,C-ID-0112,,DTP3,2024-03-23,F-01
E-ID-00407,C-ID-0114,,DTP1,2024-06-26,F-04
E-ID-00408,C-ID-0114,,DTP3,2024-09-09,F-04
E-ID-00409,C-ID-0114,,MCV1,2025-02-13,F-04
E-ID-00410,C-ID-0114,,MCV2,2025-11-22,F-04
E-ID-00411,C-ID-0115,,BCG,2025-12-27,F-01
E-ID-00412,C-ID-0115,,DTP1,2026-01-23,F-01
E-ID-00417,C-ID-0118,,DTP3,2024-10-08,F-04
E-ID-00418,C-ID-0118,,MCV1,2025-03-27,F-04
E-ID-00419,C-ID-0118,,MCV2,2025-12-26,F-04
E-ID-00422,,Esther Sow,BCG,2026-07-19,F-02
E-ID-00423,C-ID-0120,,DTP1,2026-08-13,F-02
E-ID-00424,C-ID-0120,,DTP2,2026-09-04,F-02
E-ID-00425,C-ID-0121,,BCG,2024-09-11,F-02
E-ID-00426,C-ID-0121,,DTP1,2024-10-13,F-02
E-ID-00427,C-ID-0121,,DTP2,2024-11-14,F-02
E-ID-00428,C-ID-0122,,DTP3,2024-11-24,F-04
E-ID-00429,C-ID-0122,,MCV1,2025-05-13,F-04
E-ID-00430,C-ID-0122,,MCV2,2026-02-26,F-04
E-ID-00431,C-ID-0124,,BCG,2026-06-04,F-02
E-ID-00432,C-ID-0124,,DTP1,2026-06-20,F-02
E-ID-00433,C-ID-0124,,DTP2,2026-08-01,F-02
E-ID-00434,C-ID-0124,,DTP3,2026-08-18,F-02
E-ID-00439,C-ID-0126,,DTP2,2026-02-01,F-01
E-ID-00440,C-ID-0126,,DTP3,2026-03-15,F-01
E-ID-00441,C-ID-0127,,BCG,2025-07-17,F-01
E-ID-00442,C-ID-0127,,DTP1,2025-08-23,F-01
E-ID-00443,C-ID-0127,,DTP2,2025-09-18,F-01
E-ID-00444,C-ID-0128,,DTP3,2025-10-23,F-05
E-ID-00445,C-ID-0128,,MCV1,2026-03-29,F-05
E-ID-00446,C-ID-0129,,DTP1,2024-11-23,F-01
E-ID-00447,C-ID-0129,,DTP2,2024-12-12,F-01
E-ID-00448,,Muhammad Kamara,DTP3,2025-01-21,F-01
E-ID-00449,C-ID-0129,,MCV1,2025-07-13,F-01
E-ID-00450,C-ID-0129,,MCV2,2026-04-06,F-01
E-ID-00451,C-ID-0130,,BCG,2024-11-04,F-01
E-ID-00452,C-ID-0130,,DTP3,2025-01-13,F-01
E-ID-00453,C-ID-0130,,MCV1,2025-07-04,F-01
E-ID-00454,C-ID-0130,,MCV2,2026-04-20,F-01
E-ID-00455,C-ID-0131,,BCG,2024-09-24,F-02
E-ID-00456,C-ID-0131,,DTP1,2024-11-01,F-02
E-ID-00457,C-ID-0131,,DTP2,2024-11-30,F-02
E-ID-00458,C-ID-0131,,MCV2,2026-03-11,F-02
E-ID-00459,C-ID-0132,,BCG,2026-07-22,F-02
E-ID-00460,C-ID-0133,,BCG,2026-06-27,F-04
E-ID-00461,C-ID-0133,,DTP1,2026-08-05,F-04
E-ID-00467,,Fatoumata Diallo,BCG,2026-01-03,F-04
E-ID-00468,C-ID-0135,,DTP1,2026-02-19,F-04
E-ID-00469,C-ID-0135,,DTP2,2026-03-08,F-04
E-ID-00470,C-ID-0135,,DTP3,2026-04-05,F-04
E-ID-00471,C-ID-0136,,BCG,2025-07-13,F-01
E-ID-00472,C-ID-0136,,DTP1,2025-08-18,F-01
E-ID-00473,C-ID-0136,,DTP2,2025-09-03,F-01
E-ID-00474,C-ID-0136,,DTP3,2025-10-13,F-01
E-ID-00475,C-ID-0136,,MCV1,2026-04-08,F-01
E-ID-00476,C-ID-0137,,BCG,2025-06-24,F-04
E-ID-00477,C-ID-0137,,DTP1,2025-07-26,F-04
E-ID-00478,C-ID-0137,,DTP2,2025-09-08,F-04
E-ID-00479,,Amina Osei,MCV1,2026-03-30,F-04
E-ID-00480,C-ID-0138,,BCG,2025-09-13,F-04
E-ID-00481,C-ID-0138,,DTP1,2025-10-25,F-04
E-ID-00482,C-ID-0138,,DTP2,2025-11-20,F-04
E-ID-00483,C-ID-0138,,DTP3,2025-12-16,F-04
E-ID-00484,C-ID-0138,,MCV1,2026-06-10,F-04
E-ID-00485,C-ID-0139,,BCG,2023-12-17,F-02
E-ID-00486,C-ID-0139,,DTP1,2024-01-12,F-02
E-ID-00487,C-ID-0139,,DTP2,2024-02-23,F-02
E-ID-00488,C-ID-0139,,DTP3,2024-03-23,F-02
E-ID-00489,C-ID-0139,,MCV1,2024-08-15,F-02
E-ID-00490,C-ID-0139,,MCV2,2025-05-22,F-02
E-ID-00491,C-ID-0140,,BCG,2025-06-24,F-04
E-ID-00492,C-ID-0140,,DTP2,2025-08-29,F-04
E-ID-00493,C-ID-0140,,DTP3,2025-10-07,F-04
E-ID-00494,C-ID-0140,,MCV1,2026-03-27,F-04
E-ID-00495,C-ID-0141,,DTP1,2026-01-28,F-02
E-ID-00496,C-ID-0141,,DTP2,2026-02-12,F-02
E-ID-00497,C-ID-0141,,DTP3,2026-04-02,F-02
E-ID-00498,C-ID-0142,,BCG,2025-01-19,F-02
E-ID-00499,C-ID-0142,,DTP1,2025-02-14,F-02
E-ID-00500,C-ID-0142,,DTP2,2025-03-18,F-02
E-ID-00501,C-ID-0142,,DTP3,2025-04-19,F-02
E-ID-00502,C-ID-0142,,MCV1,2025-10-14,F-02
E-ID-00503,C-ID-0142,,MCV2,2026-06-19,F-02
E-ID-00504,C-ID-0143,,BCG,2023-12-06,F-04
E-ID-00505,C-ID-0143,,DTP1,2024-01-10,F-04
E-ID-00506,C-ID-0143,,DTP2,2024-03-05,F-04
E-ID-00507,C-ID-0143,,DTP3,2024-03-27,F-04
E-ID-00508,C-ID-0143,,MCV1,2024-09-21,F-04
E-ID-00509,C-ID-0143,,MCV2,2025-06-21,F-04
E-ID-00510,C-ID-0144,,DTP1,2026-02-11,F-02
E-ID-00511,C-ID-0144,,DTP3,2026-04-18,F-02
E-ID-00517,C-ID-0146,,BCG,2026-01-17,F-01
E-ID-00518,C-ID-0146,,DTP1,2026-03-11,F-01
E-ID-00519,C-ID-0146,,DTP2,2026-04-12,F-01
E-ID-00520,C-ID-0147,,BCG,2025-07-07,F-02
E-ID-00521,C-ID-0147,,DTP1,2025-08-30,F-02
E-ID-00522,C-ID-0147,,DTP2,2025-09-04,F-02
E-ID-00523,C-ID-0148,,BCG,2026-05-31,F-04
E-ID-00524,C-ID-0148,,DTP1,2026-07-17,F-04
E-ID-00527,C-ID-0150,,BCG,2025-01-13,F-02
E-ID-00528,C-ID-0150,,DTP2,2025-03-20,F-02
E-ID-00529,C-ID-0150,,DTP3,2025-04-17,F-02
E-ID-00530,C-ID-0150,,MCV1,2025-10-10,F-02
E-ID-00531,C-ID-0151,,BCG,2023-11-05,F-04
E-ID-00532,C-ID-0151,,DTP1,2023-12-31,F-04
E-ID-00533,C-ID-0151,,DTP2,2024-01-17,F-04
E-ID-00534,C-ID-0151,,DTP3,2024-02-08,F-04
E-ID-00535,C-ID-0151,,MCV1,2024-08-17,F-04
E-ID-00536,C-ID-0152,,BCG,2024-10-04,F-02
E-ID-00537,C-ID-0152,,DTP1,2024-12-01,F-02
E-ID-00538,C-ID-0152,,DTP2,2024-12-24,F-02
E-ID-00539,C-ID-0153,,MCV1,2025-07-11,F-04
E-ID-00540,C-ID-0153,,MCV2,2026-04-07,F-04
E-ID-00541,C-ID-0154,,BCG,2024-12-28,F-01
E-ID-00542,C-ID-0154,,DTP1,2025-02-15,F-01
E-ID-00543,C-ID-0155,,DTP2,2025-03-14,F-02
E-ID-00544,C-ID-0156,,BCG,2024-04-03,F-04
E-ID-00545,C-ID-0156,,DTP1,2024-04-25,F-04
E-ID-00546,,Emmanuel Toure,DTP2,2024-06-17,F-04
E-ID-00547,C-ID-0156,,DTP3,2024-06-21,F-04
E-ID-00548,C-ID-0156,,MCV1,2024-12-15,F-04
E-ID-00549,C-ID-0157,,BCG,2023-12-12,F-01
E-ID-00550,C-ID-0157,,DTP2,2024-02-14,F-01
E-ID-00551,C-ID-0158,,DTP3,2024-03-21,F-02
E-ID-00552,C-ID-0158,,MCV2,2025-06-25,F-02
E-ID-00557,C-ID-0160,,BCG,2026-04-12,F-04
E-ID-00558,C-ID-0160,,DTP1,2026-05-24,F-04
E-ID-00559,C-ID-0160,,DTP2,2026-06-26,F-04
E-ID-00560,C-ID-0160,,DTP3,2026-07-11,F-04
E-ID-00561,C-ID-0161,,BCG,2024-11-10,F-02
E-ID-00562,C-ID-0161,,DTP1,2024-12-26,F-02
E-ID-00563,C-ID-0161,,DTP2,2025-02-13,F-02
E-ID-00564,C-ID-0162,,BCG,2025-11-18,F-04
E-ID-00565,C-ID-0162,,DTP1,2026-01-10,F-04
E-ID-00566,C-ID-0162,,DTP2,2026-01-17,F-04
E-ID-00567,C-ID-0162,,DTP3,2026-02-20,F-04
E-ID-00568,C-ID-0162,,MCV1,2026-08-31,F-04
E-ID-00569,C-ID-0163,,BCG,2025-05-31,F-01
E-ID-00570,C-ID-0163,,DTP1,2025-07-05,F-01
E-ID-00571,C-ID-0163,,DTP2,2025-08-24,F-01
E-ID-00572,C-ID-0163,,DTP3,2025-09-08,F-01
E-ID-00573,C-ID-0163,,MCV1,2026-03-02,F-01
E-ID-00574,C-ID-0164,,BCG,2024-08-17,F-04
E-ID-00575,C-ID-0164,,DTP1,2024-09-13,F-04
E-ID-00576,C-ID-0164,,DTP2,2024-10-23,F-04
E-ID-00577,C-ID-0164,,DTP3,2024-11-28,F-04
E-ID-00578,C-ID-0164,,MCV1,2025-04-28,F-04
E-ID-00579,C-ID-0164,,MCV2,2026-01-22,F-04
E-ID-00584,C-ID-0166,,BCG,2025-12-25,F-02
E-ID-00585,C-ID-0166,,DTP1,2026-02-11,F-02
E-ID-00586,C-ID-0166,,DTP2,2026-03-20,F-02
E-ID-00587,C-ID-0166,,DTP3,2026-03-27,F-02
E-ID-00592,C-ID-0168,,BCG,2024-01-07,F-02
E-ID-00593,C-ID-0168,,DTP1,2024-03-08,F-02
E-ID-00594,C-ID-0168,,DTP3,2024-05-05,F-02
E-ID-00597,C-ID-0170,,BCG,2026-03-28,F-01
E-ID-00598,C-ID-0170,,DTP1,2026-04-24,F-01
E-ID-00599,C-ID-0170,,DTP3,2026-07-16,F-01
E-ID-00600,C-ID-0171,,BCG,2023-12-20,F-05
E-ID-00601,,Ibrahim Kamara,DTP1,2024-02-17,F-05
E-ID-00602,C-ID-0171,,DTP2,2024-03-18,F-05
E-ID-00603,,Ibrahim Kamara,DTP3,2024-04-09,F-05
E-ID-00604,C-ID-0171,,MCV2,2025-06-24,F-05
E-ID-00605,C-ID-0172,,BCG,2024-06-15,F-01
E-ID-00606,C-ID-0172,,DTP1,2024-08-17,F-01
E-ID-00607,C-ID-0172,,DTP2,2024-08-27,F-01
E-ID-00608,C-ID-0172,,DTP3,2024-10-08,F-01
E-ID-00609,C-ID-0172,,MCV1,2025-03-12,F-01
E-ID-00610,C-ID-0173,,BCG,2024-09-05,F-01
E-ID-00611,C-ID-0173,,DTP1,2024-10-12,F-01
E-ID-00612,C-ID-0173,,DTP2,2024-11-15,F-01
E-ID-00613,C-ID-0173,,DTP3,2024-12-05,F-01
E-ID-00614,C-ID-0173,,MCV1,2025-06-01,F-01
E-ID-00615,C-ID-0174,,BCG,2026-08-08,F-02
E-ID-00616,C-ID-0175,,DTP1,2025-05-21,F-01
E-ID-00617,C-ID-0175,,MCV1,2026-01-09,F-01
E-ID-00618,C-ID-0176,,BCG,2024-04-10,F-02
E-ID-00619,C-ID-0176,,DTP1,2024-05-22,F-02
E-ID-00620,C-ID-0176,,DTP3,2024-07-09,F-02
E-ID-00621,,Mary Mensah,MCV1,2025-01-25,F-02
E-ID-00622,C-ID-0176,,MCV2,2025-10-10,F-02
E-ID-00623,C-ID-0177,,BCG,2026-06-23,F-01
E-ID-00624,C-ID-0177,,DTP1,2026-08-09,F-01
E-ID-00625,C-ID-0177,,DTP2,2026-09-04,F-01
E-ID-00626,C-ID-0178,,BCG,2024-03-08,F-04
E-ID-00627,C-ID-0178,,DTP2,2024-05-15,F-04
E-ID-00628,C-ID-0178,,DTP3,2024-06-18,F-04
E-ID-00636,C-ID-0181,,BCG,2024-03-30,F-04
E-ID-00637,C-ID-0181,,DTP2,2024-06-21,F-04
E-ID-00638,C-ID-0182,,MCV2,2025-09-17,F-01
E-ID-00639,C-ID-0183,,BCG,2024-04-23,F-01
E-ID-00640,C-ID-0183,,DTP1,2024-05-19,F-01
E-ID-00641,C-ID-0183,,DTP2,2024-06-27,F-01
E-ID-00642,C-ID-0183,,DTP3,2024-07-16,F-01
E-ID-00643,C-ID-0183,,MCV1,2025-01-22,F-01
E-ID-00644,C-ID-0183,,MCV2,2025-10-15,F-01
E-ID-00645,C-ID-0184,,BCG,2025-04-28,F-04
E-ID-00646,C-ID-0184,,DTP1,2025-05-21,F-04
E-ID-00647,C-ID-0184,,DTP2,2025-06-17,F-04
E-ID-00648,C-ID-0184,,DTP3,2025-07-30,F-04
E-ID-00649,C-ID-0184,,MCV1,2026-01-07,F-04
E-ID-00650,C-ID-0185,,BCG,2024-04-23,F-04
E-ID-00651,C-ID-0185,,DTP3,2024-08-17,F-04
E-ID-00652,C-ID-0185,,MCV1,2025-01-22,F-04
E-ID-00653,C-ID-0186,,BCG,2025-06-18,F-02
E-ID-00654,C-ID-0186,,DTP1,2025-08-16,F-02
E-ID-00655,C-ID-0186,,DTP2,2025-09-03,F-02
E-ID-00656,C-ID-0186,,DTP3,2025-09-22,F-02
E-ID-00657,C-ID-0186,,MCV1,2026-04-05,F-02
E-ID-00658,C-ID-0187,,BCG,2025-07-24,F-01
E-ID-00659,C-ID-0187,,DTP1,2025-09-05,F-01
E-ID-00660,C-ID-0187,,DTP2,2025-09-22,F-01
E-ID-00661,C-ID-0187,,DTP3,2025-11-15,F-01
E-ID-00662,C-ID-0187,,MCV1,2026-04-11,F-01
E-ID-00663,C-ID-0188,,DTP1,2025-07-24,F-01
E-ID-00664,C-ID-0188,,DTP2,2025-08-04,F-01
E-ID-00665,C-ID-0189,,DTP3,2025-09-05,F-02
E-ID-00666,C-ID-0189,,MCV1,2026-02-26,F-02
E-ID-00667,C-ID-0190,,BCG,2025-12-27,F-04
E-ID-00668,C-ID-0190,,DTP1,2026-01-23,F-04
E-ID-00669,C-ID-0190,,DTP3,2026-03-31,F-04
E-ID-00675,C-ID-0192,,DTP1,2023-11-08,F-02
E-ID-00676,C-ID-0192,,MCV2,2025-03-29,F-02
E-ID-00677,C-ID-0193,,BCG,2024-11-30,F-01
E-ID-00678,C-ID-0193,,DTP1,2024-12-20,F-01
E-ID-00679,C-ID-0193,,DTP2,2025-02-06,F-01
E-ID-00680,C-ID-0193,,MCV1,2025-08-24,F-01
E-ID-00686,C-ID-0195,,BCG,2025-04-17,F-02
E-ID-00687,C-ID-0195,,DTP1,2025-05-21,F-02
E-ID-00688,C-ID-0195,,DTP2,2025-06-12,F-02
E-ID-00689,C-ID-0195,,DTP3,2025-07-06,F-02
E-ID-00690,C-ID-0195,,MCV1,2026-01-09,F-02
E-ID-00691,C-ID-0196,,BCG,2024-01-26,F-04
E-ID-00692,C-ID-0196,,DTP1,2024-03-04,F-04
E-ID-00693,,Grace Johnson,DTP2,2024-03-24,F-04
E-ID-00694,C-ID-0197,,BCG,2025-08-22,F-01
E-ID-00695,C-ID-0197,,DTP1,2025-09-21,F-01
E-ID-00696,C-ID-0197,,DTP2,2025-10-29,F-01
E-ID-00697,C-ID-0197,,DTP3,2025-11-24,F-01
E-ID-00698,C-ID-0197,,MCV1,2026-04-27,F-01
E-ID-00699,C-ID-0198,,BCG,2024-05-12,F-01
E-ID-00700,C-ID-0198,,DTP1,2024-06-15,F-01
E-ID-00701,C-ID-0198,,DTP2,2024-06-26,F-01
E-ID-00704,C-ID-0200,,BCG,2025-06-05,F-04
E-ID-00705,C-ID-0200,,DTP1,2025-07-24,F-04
E-ID-00706,C-ID-0200,,DTP2,2025-08-07,F-04
E-ID-00707,C-ID-0200,,DTP3,2025-09-13,F-04
E-ID-00708,C-ID-0200,,MCV1,2026-02-17,F-04
E-ID-00709,C-ID-0201,,BCG,2023-11-25,F-01
E-ID-00710,C-ID-0201,,DTP1,2024-01-08,F-01
E-ID-00711,C-ID-0201,,DTP2,2024-01-21,F-01
E-ID-00712,C-ID-0201,,DTP3,2024-02-25,F-01
E-ID-00713,C-ID-0201,,MCV1,2024-09-06,F-01
E-ID-00714,C-ID-0201,,MCV2,2025-05-17,F-01
E-ID-00715,C-ID-0202,,BCG,2025-02-19,F-02
E-ID-00716,C-ID-0202,,DTP1,2025-03-05,F-02
E-ID-00717,C-ID-0202,,DTP2,2025-04-22,F-02
E-ID-00718,C-ID-0202,,DTP3,2025-05-05,F-02
E-ID-00719,C-ID-0202,,MCV1,2025-10-26,F-02
E-ID-00720,C-ID-0203,,BCG,2025-10-12,F-01
E-ID-00721,C-ID-0203,,DTP1,2025-12-02,F-01
E-ID-00722,C-ID-0203,,DTP2,2025-12-24,F-01
E-ID-00723,C-ID-0203,,DTP3,2026-02-02,F-01
E-ID-00724,C-ID-0203,,MCV1,2026-07-20,F-01
E-ID-00728,C-ID-0205,,BCG,2026-06-15,F-01
E-ID-00729,C-ID-0205,,DTP1,2026-07-23,F-01
E-ID-00730,C-ID-0205,,DTP2,2026-08-24,F-01
E-ID-00731,C-ID-0206,,BCG,2026-07-22,F-01
E-ID-00732,C-ID-0207,,BCG,2026-05-13,F-02
E-ID-00733,C-ID-0207,,DTP1,2026-07-21,F-02
E-ID-00734,C-ID-0208,,BCG,2025-01-24,F-04
E-ID-00735,C-ID-0208,,DTP2,2025-04-06,F-04
E-ID-00736,C-ID-0208,,DTP3,2025-04-26,F-04
E-ID-00737,C-ID-0208,,MCV1,2025-10-30,F-04
E-ID-00738,C-ID-0208,,MCV2,2026-07-26,F-04
E-ID-00739,C-ID-0209,,BCG,2025-06-13,F-04
E-ID-00740,C-ID-0209,,DTP1,2025-08-06,F-04
E-ID-00741,C-ID-0209,,DTP2,2025-09-14,F-04
E-ID-00742,C-ID-0210,,DTP3,2025-07-30,F-04
E-ID-00743,C-ID-0210,,MCV1,2026-01-09,F-04
E-ID-00744,C-ID-0211,,BCG,2023-10-30,F-01
E-ID-00745,C-ID-0211,,DTP1,2023-12-27,F-01
E-ID-00746,C-ID-0211,,DTP2,2023-12-25,F-01
E-ID-00747,C-ID-0211,,DTP3,2024-01-30,F-01
E-ID-00748,C-ID-0211,,MCV1,2024-07-16,F-01
E-ID-00749,C-ID-0211,,MCV2,2025-05-08,F-01
E-ID-00750,C-ID-0212,,BCG,2024-06-11,F-01
E-ID-00751,C-ID-0212,,DTP2,2024-08-20,F-01
E-ID-00752,,Mary Mensah,DTP3,2024-09-12,F-01
E-ID-00753,C-ID-0212,,MCV1,2025-02-26,F-01
E-ID-00754,C-ID-0213,,BCG,2024-09-02,F-04
E-ID-00755,C-ID-0213,,DTP1,2024-10-06,F-04
E-ID-00756,C-ID-0213,,DTP2,2024-10-29,F-04
E-ID-00757,C-ID-0213,,DTP3,2024-11-20,F-04
E-ID-00758,,Esther Johnson,MCV1,2025-05-10,F-04
E-ID-00759,C-ID-0213,,MCV2,2026-02-17,F-04
E-ID-00760,C-ID-0214,,BCG,2025-01-08,F-01
E-ID-00761,C-ID-0214,,DTP2,2025-03-06,F-01
E-ID-00762,C-ID-0214,,DTP3,2025-04-03,F-01
E-ID-00763,C-ID-0214,,MCV1,2025-10-03,F-01
E-ID-00764,C-ID-0214,,MCV2,2026-06-25,F-01
E-ID-00765,C-ID-0215,,BCG,2025-09-29,F-01
E-ID-00766,C-ID-0215,,DTP1,2025-11-07,F-01
E-ID-00769,C-ID-0217,,BCG,2024-02-13,F-01
E-ID-00770,C-ID-0217,,DTP1,2024-04-15,F-01
E-ID-00771,C-ID-0217,,DTP2,2024-04-25,F-01
E-ID-00772,C-ID-0217,,MCV1,2024-11-07,F-01
E-ID-00773,C-ID-0217,,MCV2,2025-08-12,F-01
E-ID-00783,C-ID-0220,,DTP3,2024-11-18,F-05
E-ID-00784,C-ID-0220,,MCV1,2025-06-05,F-05
E-ID-00791,C-ID-0222,,BCG,2024-06-27,F-01
E-ID-00792,C-ID-0222,,DTP1,2024-08-19,F-01
E-ID-00793,C-ID-0222,,MCV1,2025-03-22,F-01
E-ID-00797,C-ID-0224,,BCG,2024-08-04,F-04
E-ID-00798,C-ID-0224,,DTP1,2024-10-08,F-04
E-ID-00799,C-ID-0224,,DTP2,2024-10-26,F-04
E-ID-00800,C-ID-0224,,DTP3,2024-11-12,F-04
E-ID-00801,C-ID-0224,,MCV1,2025-04-29,F-04
E-ID-00802,C-ID-0225,,BCG,2024-01-19,F-04
E-ID-00803,C-ID-0225,,DTP1,2024-02-25,F-04
E-ID-00806,C-ID-0227,,BCG,2024-07-14,F-04
E-ID-00807,C-ID-0227,,DTP1,2024-08-19,F-04
E-ID-00808,C-ID-0227,,DTP2,2024-09-09,F-04
E-ID-00809,C-ID-0227,,DTP3,2024-10-21,F-04
E-ID-00810,C-ID-0227,,MCV1,2025-04-11,F-04
E-ID-00811,C-ID-0228,,BCG,2024-10-27,F-04
E-ID-00812,C-ID-0228,,DTP1,2024-12-08,F-04
E-ID-00813,C-ID-0228,,DTP2,2025-01-17,F-04
E-ID-00814,C-ID-0228,,DTP3,2025-02-19,F-04
E-ID-00815,,Mariam Osei,BCG,2024-11-15,F-02
E-ID-00816,C-ID-0229,,DTP1,2024-12-30,F-02
E-ID-00817,C-ID-0229,,DTP2,2025-01-06,F-02
E-ID-00818,C-ID-0229,,DTP3,2025-02-21,F-02
E-ID-00819,C-ID-0229,,MCV1,2025-08-02,F-02
E-ID-00820,C-ID-0230,,BCG,2024-07-13,F-04
E-ID-00821,C-ID-0230,,DTP1,2024-08-09,F-04
E-ID-00822,C-ID-0230,,DTP2,2024-09-13,F-04
E-ID-00823,C-ID-0230,,DTP3,2024-10-06,F-04
E-ID-00824,C-ID-0230,,MCV1,2025-03-25,F-04
E-ID-00825,C-ID-0230,,MCV2,2025-12-28,F-04
E-ID-00826,C-ID-0231,,BCG,2025-09-01,F-01
E-ID-00827,C-ID-0231,,DTP1,2025-09-18,F-01
E-ID-00828,C-ID-0231,,DTP2,2025-10-19,F-01
E-ID-00831,C-ID-0233,,BCG,2026-03-26,F-04
E-ID-00832,C-ID-0233,,DTP2,2026-06-17,F-04
E-ID-00833,C-ID-0234,,BCG,2025-09-29,F-02
E-ID-00834,C-ID-0234,,DTP1,2025-11-09,F-02
E-ID-00835,C-ID-0234,,DTP2,2026-01-03,F-02
E-ID-00836,C-ID-0234,,MCV1,2026-07-11,F-02
E-ID-00837,,Moussa Toure,BCG,2024-05-20,F-01
E-ID-00838,C-ID-0235,,MCV1,2025-02-07,F-01
E-ID-00839,C-ID-0235,,MCV2,2025-11-09,F-01
E-ID-00840,C-ID-0236,,BCG,2026-03-07,F-04
E-ID-00841,C-ID-0236,,DTP1,2026-04-24,F-04
E-ID-00842,C-ID-0236,,DTP2,2026-05-03,F-04
E-ID-00843,C-ID-0236,,DTP3,2026-05-31,F-04
E-ID-00849,C-ID-0238,,BCG,2025-05-14,F-01
E-ID-00850,C-ID-0238,,DTP1,2025-06-24,F-01
E-ID-00851,C-ID-0238,,DTP2,2025-07-30,F-01
E-ID-00852,C-ID-0238,,DTP3,2025-09-09,F-01
E-ID-00853,C-ID-0238,,MCV1,2026-02-18,F-01
E-ID-00854,C-ID-0239,,BCG,2024-01-05,F-02
E-ID-00855,C-ID-0239,,DTP1,2024-03-13,F-02
E-ID-00856,C-ID-0239,,DTP2,2024-03-15,F-02
E-ID-00857,C-ID-0239,,DTP3,2024-04-12,F-02
E-ID-00858,C-ID-0239,,MCV1,2024-10-09,F-02
E-ID-00859,C-ID-0239,,MCV2,2025-07-09,F-02
E-ID-00860,C-ID-0240,,BCG,2026-01-27,F-02
E-ID-00861,C-ID-0240,,DTP2,2026-04-04,F-02
E-ID-00862,C-ID-0240,,DTP3,2026-05-07,F-02
E-ID-00863,C-ID-0241,,DTP2,2024-11-29,F-01
E-ID-00864,C-ID-0241,,DTP3,2024-12-27,F-01
E-ID-00865,C-ID-0241,,MCV1,2025-06-17,F-01
E-ID-00869,C-ID-0243,,MCV1,2024-11-19,F-05
E-ID-00870,C-ID-0243,,MCV2,2025-08-14,F-05
E-ID-00871,C-ID-0244,,BCG,2024-10-01,F-01
E-ID-00872,C-ID-0244,,DTP1,2024-11-01,F-01
E-ID-00873,C-ID-0244,,DTP2,2024-11-16,F-01
E-ID-00874,C-ID-0244,,MCV1,2025-06-11,F-01
E-ID-00875,C-ID-0244,,MCV2,2026-03-24,F-01
E-ID-00876,C-ID-0245,,BCG,2025-10-10,F-04
E-ID-00877,C-ID-0245,,DTP1,2025-11-08,F-04
E-ID-00878,C-ID-0246,,DTP2,2025-12-19,F-01
E-ID-00879,C-ID-0246,,DTP3,2026-01-18,F-01
E-ID-00880,C-ID-0247,,BCG,2025-08-17,F-01
E-ID-00881,C-ID-0247,,DTP1,2025-09-24,F-01
E-ID-00882,C-ID-0247,,DTP2,2025-10-29,F-01
E-ID-00883,C-ID-0248,,DTP3,2025-10-31,F-04
E-ID-00884,C-ID-0248,,MCV1,2026-04-17,F-04
E-ID-00885,C-ID-0249,,BCG,2024-02-12,F-01
E-ID-00886,C-ID-0249,,DTP1,2024-04-02,F-01
E-ID-00887,C-ID-0249,,DTP2,2024-04-26,F-01
E-ID-00888,C-ID-0249,,DTP3,2024-06-01,F-01
E-ID-00889,C-ID-0249,,MCV1,2024-10-30,F-01
E-ID-00890,C-ID-0249,,MCV2,2025-08-02,F-01
E-ID-00891,C-ID-0250,,BCG,2026-04-08,F-01
E-ID-00892,C-ID-0250,,DTP1,2026-05-30,F-01
E-ID-00893,C-ID-0251,,DTP3,2026-07-31,F-02
E-ID-00894,C-ID-0252,,BCG,2024-02-05,F-02
E-ID-00895,C-ID-0252,,DTP1,2024-03-10,F-02
E-ID-00896,C-ID-0252,,DTP2,2024-03-31,F-02
E-ID-00897,C-ID-0253,,DTP3,2024-05-12,F-05
E-ID-00898,C-ID-0253,,MCV1,2024-11-02,F-05
E-ID-00899,C-ID-0254,,BCG,2024-06-06,F-04
E-ID-00900,C-ID-0254,,DTP1,2024-08-11,F-04
E-ID-00901,C-ID-0254,,DTP2,2024-08-30,F-04
E-ID-00902,C-ID-0254,,MCV1,2025-02-27,F-04
E-ID-00903,C-ID-0254,,MCV2,2025-12-07,F-04
E-ID-00910,C-ID-0257,,DTP3,2025-07-18,F-05
E-ID-00911,C-ID-0257,,MCV1,2026-01-01,F-05
E-ID-00912,C-ID-0258,,BCG,2024-04-08,F-02
E-ID-00913,,Fatoumata Ali,DTP1,2024-05-31,F-02
E-ID-00914,C-ID-0258,,DTP2,2024-06-13,F-02
E-ID-00915,C-ID-0258,,MCV1,2025-01-07,F-02
E-ID-00921,C-ID-0260,,BCG,2024-02-23,F-02
E-ID-00922,C-ID-0260,,DTP1,2024-03-15,F-02
E-ID-00923,C-ID-0260,,DTP2,2024-04-22,F-02
E-ID-00924,C-ID-0260,,DTP3,2024-05-09,F-02
E-ID-00925,C-ID-0260,,MCV1,2024-11-15,F-02
E-ID-00926,C-ID-0261,,BCG,2024-06-18,F-01
E-ID-00927,C-ID-0261,,DTP1,2024-07-24,F-01
E-ID-00928,C-ID-0261,,DTP2,2024-08-22,F-01
E-ID-00929,,Moussa Osei,MCV1,2025-03-26,F-01
E-ID-00930,C-ID-0262,,BCG,2024-02-11,F-04
E-ID-00931,C-ID-0262,,DTP1,2024-04-21,F-04
E-ID-00932,C-ID-0262,,DTP2,2024-04-30,F-04
E-ID-00933,C-ID-0262,,MCV2,2025-08-12,F-04
E-ID-00934,C-ID-0263,,BCG,2025-02-14,F-01
E-ID-00935,C-ID-0263,,DTP1,2025-03-08,F-01
E-ID-00936,C-ID-0263,,DTP2,2025-04-04,F-01
E-ID-00937,C-ID-0263,,DTP3,2025-05-27,F-01
E-ID-00938,C-ID-0263,,MCV1,2025-10-21,F-01
E-ID-00939,C-ID-0263,,MCV2,2026-08-08,F-01
E-ID-00940,C-ID-0264,,BCG,2023-10-14,F-04
E-ID-00941,C-ID-0264,,DTP1,2023-11-21,F-04
E-ID-00942,C-ID-0264,,DTP2,2023-12-31,F-04
E-ID-00946,C-ID-0266,,BCG,2026-06-05,F-01
E-ID-00947,C-ID-0266,,DTP1,2026-06-30,F-01
E-ID-00951,C-ID-0268,,DTP1,2025-08-09,F-01
E-ID-00952,C-ID-0268,,DTP2,2025-08-21,F-01
E-ID-00953,C-ID-0268,,DTP3,2025-10-06,F-01
E-ID-00954,C-ID-0269,,BCG,2025-07-02,F-01
E-ID-00955,C-ID-0269,,DTP1,2025-08-02,F-01
E-ID-00956,C-ID-0269,,DTP2,2025-09-06,F-01
E-ID-00957,C-ID-0269,,DTP3,2025-10-15,F-01
E-ID-00958,C-ID-0269,,MCV1,2026-03-26,F-01
E-ID-00959,C-ID-0270,,DTP1,2025-10-08,F-01
E-ID-00960,C-ID-0270,,DTP2,2025-12-02,F-01
E-ID-00961,C-ID-0270,,DTP3,2025-12-30,F-01
E-ID-00962,C-ID-0271,,BCG,2026-01-26,F-04
E-ID-00963,C-ID-0271,,DTP1,2026-03-20,F-04
E-ID-00964,C-ID-0272,,DTP2,2026-05-02,F-01
E-ID-00965,C-ID-0272,,DTP3,2026-05-03,F-01
E-ID-00966,C-ID-0273,,BCG,2025-03-25,F-01
E-ID-00967,C-ID-0273,,DTP1,2025-04-26,F-01
E-ID-00968,C-ID-0273,,DTP2,2025-06-15,F-01
E-ID-00969,C-ID-0273,,DTP3,2025-07-04,F-01
E-ID-00970,C-ID-0274,,BCG,2025-03-04,F-04
E-ID-00971,C-ID-0274,,DTP1,2025-03-19,F-04
E-ID-00972,C-ID-0274,,DTP3,2025-05-22,F-04
E-ID-00973,C-ID-0274,,MCV2,2026-08-23,F-04
E-ID-00974,C-ID-0275,,BCG,2023-10-08,F-01
E-ID-00975,C-ID-0275,,DTP1,2023-11-08,F-01
E-ID-00976,C-ID-0275,,DTP2,2023-12-14,F-01
E-ID-00977,C-ID-0275,,MCV1,2024-07-03,F-01
E-ID-00978,C-ID-0275,,MCV2,2025-03-23,F-01
E-ID-00979,C-ID-0276,,BCG,2026-08-30,F-01
E-ID-00980,C-ID-0278,,DTP1,2025-07-18,F-01
E-ID-00981,C-ID-0278,,DTP2,2025-08-20,F-01
E-ID-00982,C-ID-0278,,DTP3,2025-09-18,F-01
E-ID-00983,C-ID-0278,,MCV1,2026-02-15,F-01
E-ID-00990,C-ID-0280,,BCG,2026-02-13,F-02
E-ID-00991,,Mariam Kamara,DTP1,2026-03-01,F-02
E-ID-00992,C-ID-0280,,DTP2,2026-04-18,F-02
E-ID-00993,C-ID-0280,,DTP3,2026-05-23,F-02
E-ID-00994,,David Osei,DTP1,2024-03-03,F-01
E-ID-00995,C-ID-0281,,DTP2,2024-03-27,F-01
E-ID-00996,C-ID-0281,,DTP3,2024-05-11,F-01
E-ID-00997,C-ID-0281,,MCV1,2024-11-02,F-01
E-ID-00998,C-ID-0282,,BCG,2026-02-11,F-02
E-ID-00999,C-ID-0282,,DTP1,2026-03-14,F-02
E-ID-01000,C-ID-0282,,DTP3,2026-05-11,F-02
E-ID-01004,C-ID-0284,,BCG,2026-08-11,F-04
E-ID-01005,C-ID-0285,,BCG,2024-03-09,F-01
E-ID-01006,C-ID-0285,,DTP1,2024-04-02,F-01
E-ID-01007,C-ID-0285,,DTP2,2024-05-07,F-01
E-ID-01008,C-ID-0285,,DTP3,2024-05-19,F-01
E-ID-01009,C-ID-0285,,MCV1,2024-11-15,F-01
E-ID-01010,C-ID-0285,,MCV2,2025-08-27,F-01
E-ID-01011,C-ID-0286,,BCG,2023-12-30,F-04
E-ID-01012,C-ID-0286,,DTP1,2024-01-19,F-04
E-ID-01013,C-ID-0286,,DTP2,2024-02-18,F-04
E-ID-01014,C-ID-0286,,DTP3,2024-03-10,F-04
E-ID-01015,C-ID-0286,,MCV1,2024-09-25,F-04
E-ID-01016,C-ID-0286,,MCV2,2025-06-24,F-04
E-ID-01017,C-ID-0287,,BCG,2024-07-21,F-01
E-ID-01018,C-ID-0287,,DTP1,2024-09-25,F-01
E-ID-01019,C-ID-0287,,DTP2,2024-10-08,F-01
E-ID-01023,C-ID-0289,,BCG,2026-08-02,F-01
E-ID-01024,C-ID-0290,,BCG,2024-05-05,F-02
E-ID-01025,C-ID-0290,,DTP1,2024-06-19,F-02
E-ID-01026,C-ID-0290,,DTP2,2024-07-13,F-02
E-ID-01027,C-ID-0290,,DTP3,2024-08-12,F-02
E-ID-01028,C-ID-0291,,BCG,2025-12-21,F-01
E-ID-01029,C-ID-0291,,DTP1,2026-01-08,F-01
E-ID-01030,C-ID-0291,,DTP2,2026-02-19,F-01
E-ID-01031,C-ID-0291,,MCV1,2026-09-03,F-01
E-ID-01032,C-ID-0292,,BCG,2025-04-08,F-01
E-ID-01033,,Aisha Keita,DTP1,2025-05-14,F-01
E-ID-01034,C-ID-0292,,DTP2,2025-06-09,F-01
E-ID-01035,C-ID-0293,,BCG,2025-01-21,F-01
E-ID-01036,C-ID-0293,,DTP2,2025-03-17,F-01
E-ID-01037,C-ID-0293,,DTP3,2025-04-14,F-01
E-ID-01038,C-ID-0293,,MCV1,2025-10-14,F-01
E-ID-01039,C-ID-0294,,BCG,2023-10-05,F-04
E-ID-01040,C-ID-0294,,DTP1,2023-12-09,F-04
E-ID-01041,C-ID-0294,,DTP2,2023-12-28,F-04
E-ID-01042,C-ID-0294,,DTP3,2024-01-04,F-04
E-ID-01043,C-ID-0294,,MCV1,2024-07-05,F-04
E-ID-01044,C-ID-0294,,MCV2,2025-04-18,F-04
E-ID-01045,C-ID-0295,,BCG,2024-07-04,F-01
E-ID-01046,C-ID-0295,,DTP2,2024-09-05,F-01
E-ID-01047,C-ID-0295,,MCV1,2025-03-15,F-01
E-ID-01048,C-ID-0295,,MCV2,2025-12-16,F-01
E-ID-01049,C-ID-0296,,BCG,2024-11-21,F-02
E-ID-01050,C-ID-0296,,DTP1,2025-01-06,F-02
E-ID-01051,C-ID-0296,,DTP2,2025-01-18,F-02
E-ID-01052,C-ID-0296,,DTP3,2025-02-19,F-02
E-ID-01053,,Ibrahim Kamara,MCV1,2025-08-10,F-02
E-ID-01054,C-ID-0296,,MCV2,2026-04-29,F-02
E-ID-01062,C-ID-0299,,BCG,2024-06-04,F-01
E-ID-01063,C-ID-0299,,DTP1,2024-07-06,F-01
E-ID-01064,C-ID-0299,,DTP2,2024-08-01,F-01
E-ID-01065,C-ID-0299,,MCV1,2025-02-26,F-01
E-ID-01066,C-ID-0299,,MCV2,2025-11-03,F-01
E-ID-01067,C-ID-0300,,BCG,2026-03-16,F-02
E-ID-01069,C-ID-0302,,BCG,2026-04-19,F-02
E-ID-01070,C-ID-0302,,DTP2,2026-06-28,F-02
E-ID-01071,C-ID-0302,,DTP3,2026-07-25,F-02
E-ID-01072,C-ID-0303,,BCG,2024-03-01,F-01
E-ID-01073,C-ID-0303,,DTP2,2024-05-25,F-01
E-ID-01074,,Muhammad Diallo,DTP3,2024-07-04,F-01
E-ID-01075,C-ID-0303,,MCV1,2024-12-04,F-01
E-ID-01078,,Moussa Keita,DTP1,2023-10-24,F-01
E-ID-01079,C-ID-0305,,DTP2,2023-12-16,F-01
E-ID-01080,C-ID-0305,,DTP3,2024-01-14,F-01
E-ID-01081,C-ID-0305,,MCV1,2024-07-01,F-01
E-ID-01082,C-ID-0305,,MCV2,2025-03-15,F-01
E-ID-01083,C-ID-0306,,BCG,2024-10-08,F-01
E-ID-01084,C-ID-0306,,DTP2,2024-12-10,F-01
E-ID-01085,C-ID-0307,,DTP3,2025-01-15,F-02
E-ID-01086,C-ID-0307,,MCV1,2025-06-17,F-02
E-ID-01087,C-ID-0308,,BCG,2023-10-30,F-02
E-ID-01088,C-ID-0308,,DTP2,2024-01-26,F-02
E-ID-01089,C-ID-0308,,DTP3,2024-02-28,F-02
E-ID-01090,C-ID-0308,,MCV1,2024-07-26,F-02
E-ID-01091,C-ID-0308,,MCV2,2025-04-20,F-02
E-ID-01092,C-ID-0309,,BCG,2024-07-19,F-01
E-ID-01093,C-ID-0309,,DTP1,2024-09-14,F-01
E-ID-01094,C-ID-0309,,DTP2,2024-10-04,F-01
E-ID-01095,C-ID-0309,,MCV1,2025-04-18,F-01
E-ID-01096,C-ID-0310,,BCG,2023-10-10,F-04
E-ID-01097,C-ID-0310,,DTP1,2023-11-12,F-04
E-ID-01098,C-ID-0310,,DTP2,2023-12-08,F-04
E-ID-01099,C-ID-0310,,DTP3,2024-01-23,F-04
E-ID-01100,C-ID-0310,,MCV1,2024-07-14,F-04
E-ID-01101,C-ID-0311,,DTP1,2024-08-06,F-01
E-ID-01102,C-ID-0311,,DTP2,2024-09-14,F-01
E-ID-01103,C-ID-0311,,DTP3,2024-10-03,F-01
E-ID-01104,C-ID-0312,,MCV1,2025-04-03,F-04
E-ID-01105,C-ID-0312,,MCV2,2025-12-12,F-04
E-ID-01106,C-ID-0313,,BCG,2024-04-14,F-01
E-ID-01107,C-ID-0313,,DTP1,2024-06-04,F-01
E-ID-01108,C-ID-0313,,DTP3,2024-08-07,F-01
E-ID-01109,C-ID-0313,,MCV1,2025-01-25,F-01
E-ID-01110,C-ID-0313,,MCV2,2025-09-29,F-01
E-ID-01111,C-ID-0314,,BCG,2025-09-03,F-01
E-ID-01112,C-ID-0314,,DTP1,2025-09-15,F-01
E-ID-01113,C-ID-0314,,DTP2,2025-10-31,F-01
E-ID-01114,C-ID-0314,,MCV1,2026-05-30,F-01
E-ID-01115,C-ID-0315,,BCG,2025-01-09,F-02
E-ID-01116,C-ID-0315,,DTP1,2025-02-24,F-02
E-ID-01117,C-ID-0315,,DTP3,2025-04-28,F-02
E-ID-01118,C-ID-0316,,BCG,2024-12-21,F-01
E-ID-01119,,Amina Keita,DTP1,2025-01-28,F-01
E-ID-01120,C-ID-0316,,DTP2,2025-03-12,F-01
E-ID-01121,C-ID-0316,,MCV1,2025-10-04,F-01
E-ID-01122,C-ID-0316,,MCV2,2026-07-08,F-01
E-ID-01123,C-ID-0317,,BCG,2023-11-30,F-04
E-ID-01124,C-ID-0317,,DTP1,2023-12-17,F-04
E-ID-01125,C-ID-0317,,DTP2,2024-01-09,F-04
E-ID-01126,C-ID-0317,,MCV1,2024-08-16,F-04
E-ID-01127,C-ID-0318,,BCG,2026-06-30,F-02
E-ID-01128,C-ID-0319,,BCG,2024-11-16,F-05
E-ID-01129,C-ID-0319,,DTP1,2025-01-19,F-05
E-ID-01130,C-ID-0319,,DTP2,2025-01-27,F-05
E-ID-01131,C-ID-0320,,DTP3,2025-02-21,F-04
E-ID-01132,C-ID-0320,,MCV1,2025-08-28,F-04
E-ID-01133,C-ID-0320,,MCV2,2026-05-13,F-04
E-ID-01134,C-ID-0321,,BCG,2025-10-31,F-02
E-ID-01135,C-ID-0321,,DTP1,2025-12-06,F-02
E-ID-01136,C-ID-0321,,DTP2,2026-01-01,F-02
E-ID-01137,C-ID-0321,,DTP3,2026-02-17,F-02
E-ID-01138,C-ID-0321,,MCV1,2026-07-20,F-02
E-ID-01139,C-ID-0322,,BCG,2024-01-27,F-01
E-ID-01140,C-ID-0322,,DTP1,2024-02-24,F-01
E-ID-01141,,Ibrahim Smith,DTP2,2024-04-07,F-01
E-ID-01142,,Ibrahim Smith,DTP3,2024-05-02,F-01
E-ID-01143,C-ID-0322,,MCV1,2024-10-22,F-01
E-ID-01144,C-ID-0322,,MCV2,2025-08-03,F-01
E-ID-01145,C-ID-0323,,BCG,2026-04-08,F-01
E-ID-01146,C-ID-0323,,DTP1,2026-05-19,F-01
E-ID-01147,C-ID-0323,,DTP2,2026-07-08,F-01
E-ID-01148,,John Mensah,DTP3,2026-08-07,F-01
E-ID-01149,C-ID-0324,,BCG,2024-06-12,F-02
E-ID-01150,C-ID-0324,,DTP1,2024-07-23,F-02
E-ID-01151,C-ID-0324,,DTP2,2024-08-27,F-02
E-ID-01152,C-ID-0324,,DTP3,2024-09-22,F-02
E-ID-01153,C-ID-0324,,MCV1,2025-03-18,F-02
E-ID-01154,C-ID-0324,,MCV2,2025-12-04,F-02
E-ID-01155,C-ID-0325,,BCG,2025-11-28,F-01
E-ID-01156,C-ID-0325,,DTP1,2025-12-16,F-01
E-ID-01157,C-ID-0325,,DTP2,2026-01-23,F-01
E-ID-01158,C-ID-0325,,DTP3,2026-02-18,F-01
E-ID-01159,C-ID-0325,,MCV1,2026-08-18,F-01
E-ID-01160,C-ID-0326,,BCG,2024-11-16,F-02
E-ID-01161,C-ID-0326,,DTP1,2024-12-14,F-02
E-ID-01162,C-ID-0326,,DTP3,2025-02-20,F-02
E-ID-01163,C-ID-0326,,MCV1,2025-08-24,F-02
E-ID-01164,,Mary Johnson,DTP1,2024-02-24,F-02
E-ID-01165,C-ID-0327,,DTP2,2024-03-16,F-02
E-ID-01166,C-ID-0327,,MCV1,2024-10-02,F-02
E-ID-01167,C-ID-0327,,MCV2,2025-06-26,F-02
E-ID-01168,C-ID-0328,,BCG,2026-05-28,F-02
E-ID-01169,C-ID-0328,,DTP1,2026-07-21,F-02
E-ID-01170,C-ID-0328,,DTP2,2026-07-25,F-02
E-ID-01171,C-ID-0328,,DTP3,2026-08-22,F-02
E-ID-01172,C-ID-0329,,BCG,2024-05-24,F-04
E-ID-01173,C-ID-0329,,DTP1,2024-07-23,F-04
E-ID-01174,C-ID-0329,,DTP2,2024-08-02,F-04
E-ID-01175,C-ID-0329,,DTP3,2024-09-04,F-04
E-ID-01176,C-ID-0329,,MCV1,2025-02-17,F-04
E-ID-01177,C-ID-0329,,MCV2,2025-11-11,F-04
E-ID-01178,C-ID-0330,,BCG,2024-05-23,F-04
E-ID-01179,C-ID-0330,,DTP1,2024-07-09,F-04
E-ID-01180,C-ID-0330,,DTP3,2024-08-24,F-04
E-ID-01181,C-ID-0330,,MCV2,2025-11-15,F-04
E-ID-01182,C-ID-0331,,BCG,2025-11-20,F-04
E-ID-01183,C-ID-0331,,DTP1,2025-12-11,F-04
E-ID-01184,,David Johnson,DTP2,2026-01-17,F-04
E-ID-01185,C-ID-0331,,DTP3,2026-02-07,F-04
E-ID-01186,C-ID-0331,,MCV1,2026-07-24,F-04
E-ID-01187,C-ID-0332,,BCG,2024-07-25,F-01
E-ID-01188,C-ID-0332,,DTP1,2024-08-28,F-01
E-ID-01189,C-ID-0332,,DTP2,2024-09-13,F-01
E-ID-01190,C-ID-0332,,DTP3,2024-10-31,F-01
E-ID-01191,C-ID-0332,,MCV1,2025-04-19,F-01
E-ID-01192,C-ID-0333,,DTP1,2025-09-04,F-01
E-ID-01193,C-ID-0333,,DTP3,2025-10-21,F-01
E-ID-01194,C-ID-0334,,BCG,2024-01-26,F-02
E-ID-01195,C-ID-0334,,DTP1,2024-03-02,F-02
E-ID-01196,C-ID-0334,,DTP2,2024-04-09,F-02
E-ID-01197,,Kofi Mensah,DTP3,2024-04-21,F-02
E-ID-01198,C-ID-0334,,MCV1,2024-10-25,F-02
E-ID-01199,C-ID-0334,,MCV2,2025-06-30,F-02
E-ID-01204,C-ID-0336,,BCG,2024-02-17,F-01
E-ID-01205,C-ID-0336,,DTP2,2024-04-22,F-01
E-ID-01206,C-ID-0336,,DTP3,2024-05-13,F-01
E-ID-01207,,Emmanuel Sow,MCV1,2024-11-11,F-01
E-ID-01213,C-ID-0338,,BCG,2025-03-23,F-04
E-ID-01214,C-ID-0338,,DTP2,2025-05-24,F-04
E-ID-01215,C-ID-0338,,MCV1,2025-12-19,F-04
E-ID-01216,C-ID-0339,,BCG,2023-12-01,F-02
E-ID-01217,C-ID-0339,,DTP1,2024-01-04,F-02
E-ID-01218,C-ID-0339,,DTP3,2024-02-27,F-02
E-ID-01219,C-ID-0339,,MCV1,2024-09-10,F-02
E-ID-01220,C-ID-0339,,MCV2,2025-05-29,F-02
E-ID-01228,C-ID-0342,,BCG,2026-04-26,F-02
E-ID-01229,C-ID-0342,,DTP1,2026-06-22,F-02
E-ID-01230,C-ID-0342,,DTP2,2026-07-13,F-02
E-ID-01231,C-ID-0342,,DTP3,2026-07-27,F-02
E-ID-01232,C-ID-0343,,BCG,2024-10-27,F-01
E-ID-01233,C-ID-0343,,DTP2,2025-01-02,F-01
E-ID-01234,C-ID-0343,,DTP3,2025-02-13,F-01
E-ID-01235,C-ID-0343,,MCV2,2026-04-20,F-01
E-ID-01240,C-ID-0345,,BCG,2026-03-03,F-02
E-ID-01241,C-ID-0345,,DTP1,2026-04-15,F-02
E-ID-01242,C-ID-0345,,DTP2,2026-05-13,F-02
E-ID-01243,C-ID-0345,,DTP3,2026-05-26,F-02
E-ID-01251,C-ID-0348,,BCG,2026-03-15,F-02
E-ID-01252,C-ID-0348,,DTP1,2026-05-20,F-02
E-ID-01253,C-ID-0348,,DTP2,2026-05-28,F-02
E-ID-01254,C-ID-0348,,DTP3,2026-07-08,F-02
E-ID-01255,C-ID-0349,,BCG,2024-12-08,F-04
E-ID-01256,C-ID-0349,,DTP1,2025-02-05,F-04
E-ID-01257,C-ID-0349,,DTP2,2025-02-15,F-04
E-ID-01258,C-ID-0349,,DTP3,2025-03-08,F-04
E-ID-01259,C-ID-0349,,MCV1,2025-09-05,F-04
E-ID-01260,C-ID-0349,,MCV2,2026-05-21,F-04
E-ID-01261,C-ID-0350,,BCG,2024-08-18,F-02
E-ID-01262,C-ID-0350,,DTP1,2024-10-07,F-02
E-ID-01263,C-ID-0350,,DTP2,2024-11-13,F-02
E-ID-01264,C-ID-0350,,DTP3,2024-11-21,F-02
E-ID-01265,C-ID-0350,,MCV1,2025-05-08,F-02
E-ID-01266,C-ID-0350,,MCV2,2026-02-13,F-02
E-ID-01271,C-ID-0352,,BCG,2024-11-12,F-01
E-ID-01272,C-ID-0352,,DTP1,2024-12-07,F-01
E-ID-01273,C-ID-0352,,DTP2,2025-01-10,F-01
E-ID-01274,C-ID-0352,,DTP3,2025-02-18,F-01
E-ID-01275,C-ID-0352,,MCV1,2025-08-02,F-01
E-ID-01276,C-ID-0352,,MCV2,2026-04-20,F-01
E-ID-01277,C-ID-0353,,BCG,2026-03-27,F-04
E-ID-01278,C-ID-0353,,DTP2,2026-05-15,F-04
E-ID-01279,C-ID-0353,,DTP3,2026-06-12,F-04
E-ID-01280,,David Keita,BCG,2026-07-24,F-04
E-ID-01281,C-ID-0354,,DTP1,2026-09-03,F-04
E-ID-01283,C-ID-0356,,BCG,2024-07-22,F-01
E-ID-01284,C-ID-0356,,DTP1,2024-08-18,F-01
E-ID-01285,C-ID-0356,,DTP2,2024-09-27,F-01
E-ID-01286,C-ID-0356,,MCV1,2025-03-29,F-01
E-ID-01287,C-ID-0357,,BCG,2025-09-18,F-01
E-ID-01288,C-ID-0357,,DTP2,2025-11-16,F-01
E-ID-01289,C-ID-0357,,DTP3,2025-12-27,F-01
E-ID-01290,C-ID-0357,,MCV1,2026-06-09,F-01
E-ID-01291,C-ID-0358,,DTP2,2026-04-08,F-01
E-ID-01292,C-ID-0359,,BCG,2026-02-13,F-02
E-ID-01293,C-ID-0359,,DTP1,2026-03-26,F-02
E-ID-01294,C-ID-0359,,DTP3,2026-05-07,F-02
E-ID-01300,C-ID-0361,,BCG,2025-02-20,F-01
E-ID-01301,C-ID-0361,,DTP1,2025-04-15,F-01
E-ID-01302,C-ID-0361,,DTP2,2025-05-07,F-01
E-ID-01303,C-ID-0362,,DTP3,2025-06-02,F-04
E-ID-01304,C-ID-0362,,MCV1,2025-11-20,F-04
E-ID-01305,C-ID-0362,,MCV2,2026-08-14,F-04
E-ID-01306,C-ID-0363,,BCG,2023-11-16,F-04
E-ID-01307,C-ID-0363,,DTP2,2024-02-10,F-04
E-ID-01308,C-ID-0363,,MCV2,2025-05-06,F-04
E-ID-01309,C-ID-0364,,BCG,2023-12-21,F-01
E-ID-01310,C-ID-0364,,DTP1,2024-01-12,F-01
E-ID-01311,C-ID-0364,,MCV1,2024-08-27,F-01
E-ID-01312,C-ID-0364,,MCV2,2025-05-20,F-01
E-ID-01313,C-ID-0365,,BCG,2024-01-04,F-01
E-ID-01314,C-ID-0365,,DTP1,2024-02-04,F-01
E-ID-01315,C-ID-0365,,DTP2,2024-03-13,F-01
E-ID-01316,,Emmanuel Sow,DTP3,2024-04-16,F-01
E-ID-01317,C-ID-0366,,DTP2,2024-09-10,F-01
E-ID-01318,C-ID-0367,,BCG,2025-03-15,F-01
E-ID-01319,C-ID-0367,,DTP1,2025-04-24,F-01
E-ID-01320,C-ID-0367,,DTP2,2025-05-12,F-01
E-ID-01321,C-ID-0367,,DTP3,2025-05-30,F-01
E-ID-01322,C-ID-0367,,MCV1,2025-11-11,F-01
E-ID-01323,C-ID-0367,,MCV2,2026-08-29,F-01
E-ID-01328,C-ID-0369,,DTP1,2025-06-30,F-01
E-ID-01329,C-ID-0369,,DTP2,2025-07-28,F-01
E-ID-01330,C-ID-0369,,DTP3,2025-09-03,F-01
E-ID-01331,C-ID-0369,,MCV1,2026-02-09,F-01
E-ID-01332,C-ID-0370,,BCG,2025-04-21,F-01
E-ID-01333,C-ID-0370,,DTP1,2025-05-25,F-01
E-ID-01334,C-ID-0370,,DTP2,2025-06-20,F-01
E-ID-01335,C-ID-0370,,DTP3,2025-07-24,F-01
E-ID-01336,C-ID-0370,,MCV1,2026-01-24,F-01
E-ID-01337,C-ID-0371,,BCG,2023-09-29,F-01
E-ID-01338,C-ID-0371,,DTP1,2023-11-07,F-01
E-ID-01339,C-ID-0371,,DTP2,2023-12-18,F-01
E-ID-01340,C-ID-0371,,DTP3,2023-12-28,F-01
E-ID-01341,,Amina Ali,MCV1,2024-07-07,F-01
E-ID-01342,C-ID-0371,,MCV2,2025-04-02,F-01
E-ID-01346,C-ID-0373,,BCG,2024-03-17,F-02
E-ID-01347,C-ID-0373,,DTP2,2024-05-08,F-02
E-ID-01348,C-ID-0373,,DTP3,2024-06-15,F-02
E-ID-01349,C-ID-0373,,MCV1,2024-12-14,F-02
E-ID-01350,C-ID-0374,,BCG,2026-04-22,F-04
E-ID-01355,C-ID-0376,,BCG,2025-10-14,F-01
E-ID-01356,C-ID-0376,,DTP1,2025-11-20,F-01
E-ID-01357,C-ID-0376,,DTP2,2026-01-14,F-01
E-ID-01358,C-ID-0376,,DTP3,2026-01-30,F-01
E-ID-01359,C-ID-0376,,MCV1,2026-07-29,F-01
E-ID-01366,C-ID-0378,,BCG,2023-12-26,F-05
E-ID-01367,C-ID-0378,,DTP1,2024-02-21,F-05
E-ID-01368,C-ID-0379,,DTP2,2024-03-21,F-01
E-ID-01369,C-ID-0379,,MCV1,2024-09-11,F-01
E-ID-01370,C-ID-0380,,BCG,2024-05-14,F-04
E-ID-01371,C-ID-0380,,DTP1,2024-06-28,F-04
E-ID-01372,C-ID-0380,,DTP2,2024-08-01,F-04
E-ID-01373,C-ID-0380,,MCV2,2025-11-24,F-04
E-ID-01374,C-ID-0381,,BCG,2024-07-18,F-04
E-ID-01375,C-ID-0381,,DTP1,2024-08-30,F-04
E-ID-01376,C-ID-0381,,MCV1,2025-04-02,F-04
E-ID-01377,C-ID-0381,,MCV2,2026-01-04,F-04
E-ID-01378,C-ID-0382,,BCG,2025-05-18,F-04
E-ID-01379,C-ID-0382,,DTP1,2025-06-27,F-04
E-ID-01380,C-ID-0382,,DTP2,2025-07-15,F-04
E-ID-01381,C-ID-0382,,DTP3,2025-08-25,F-04
E-ID-01382,C-ID-0382,,MCV1,2026-01-23,F-04
E-ID-01383,C-ID-0383,,BCG,2026-02-24,F-04
E-ID-01384,C-ID-0383,,DTP1,2026-04-11,F-04
E-ID-01385,C-ID-0383,,DTP2,2026-05-08,F-04
E-ID-01386,C-ID-0383,,DTP3,2026-05-18,F-04
E-ID-01390,C-ID-0385,,BCG,2025-11-12,F-02
E-ID-01391,C-ID-0385,,DTP1,2026-01-12,F-02
E-ID-01392,C-ID-0385,,DTP2,2026-01-26,F-02
E-ID-01393,C-ID-0385,,DTP3,2026-02-14,F-02
E-ID-01394,C-ID-0385,,MCV1,2026-07-30,F-02
E-ID-01399,C-ID-0387,,BCG,2024-07-26,F-01
E-ID-01400,C-ID-0387,,DTP1,2024-08-27,F-01
E-ID-01401,,Kofi Diallo,DTP2,2024-10-06,F-01
E-ID-01402,C-ID-0388,,BCG,2023-12-06,F-01
E-ID-01403,C-ID-0388,,DTP1,2024-01-04,F-01
E-ID-01404,C-ID-0388,,DTP3,2024-02-28,F-01
E-ID-01405,C-ID-0388,,MCV1,2024-08-05,F-01
E-ID-01406,C-ID-0388,,MCV2,2025-05-28,F-01
E-ID-01407,C-ID-0389,,BCG,2024-09-08,F-02
E-ID-01408,,Elizabeth Ali,DTP1,2024-11-04,F-02
E-ID-01409,C-ID-0389,,DTP2,2024-11-15,F-02
E-ID-01410,C-ID-0389,,DTP3,2024-12-16,F-02
E-ID-01411,C-ID-0389,,MCV1,2025-05-31,F-02
E-ID-01421,C-ID-0392,,BCG,2025-09-16,F-02
E-ID-01422,C-ID-0392,,DTP3,2025-12-16,F-02
E-ID-01423,C-ID-0393,,MCV1,2026-05-14,F-01
E-ID-01424,C-ID-0394,,DTP1,2025-03-30,F-01
E-ID-01425,C-ID-0394,,DTP3,2025-05-26,F-01
E-ID-01426,C-ID-0394,,MCV1,2025-10-29,F-01
E-ID-01427,C-ID-0394,,MCV2,2026-07-19,F-01
E-ID-01428,C-ID-0395,,BCG,2024-01-06,F-01
E-ID-01429,C-ID-0395,,DTP1,2024-02-23,F-01
E-ID-01430,C-ID-0396,,DTP2,2024-03-26,F-05
E-ID-01431,C-ID-0396,,MCV1,2024-10-15,F-05
E-ID-01432,C-ID-0397,,BCG,2023-10-07,F-02
E-ID-01433,C-ID-0397,,DTP1,2023-12-01,F-02
E-ID-01434,C-ID-0397,,DTP2,2023-12-15,F-02
E-ID-01435,C-ID-0397,,MCV1,2024-06-25,F-02
E-ID-01436,C-ID-0397,,MCV2,2025-04-15,F-02
E-ID-01437,C-ID-0398,,BCG,2026-04-20,F-01
E-ID-01438,C-ID-0398,,DTP1,2026-05-14,F-01
E-ID-01439,C-ID-0398,,DTP2,2026-06-25,F-01
E-ID-01440,C-ID-0399,,BCG,2025-08-06,F-04
E-ID-01441,C-ID-0399,,DTP1,2025-08-30,F-04
E-ID-01442,C-ID-0399,,DTP2,2025-10-22,F-04
E-ID-01443,C-ID-0399,,DTP3,2025-10-30,F-04
E-ID-01444,C-ID-0399,,MCV1,2026-04-16,F-04
E-ID-01445,C-ID-0400,,BCG,2024-11-12,F-04
E-ID-01446,,Muhammad Toure,DTP1,2024-12-26,F-04
E-ID-01447,C-ID-0400,,DTP2,2025-01-23,F-04
E-ID-01448,C-ID-0400,,MCV1,2025-07-25,F-04
E-ID-01449,C-ID-0400,,MCV2,2026-05-12,F-04
E-ID-01450,C-ID-0401,,BCG,2024-05-29,F-01
E-ID-01451,C-ID-0401,,DTP1,2024-06-24,F-01
E-ID-01452,C-ID-0401,,DTP3,2024-08-14,F-01
E-ID-01453,C-ID-0401,,MCV1,2025-02-21,F-01
E-ID-01454,C-ID-0402,,BCG,2023-12-18,F-01
E-ID-01455,C-ID-0402,,DTP1,2024-02-12,F-01
E-ID-01456,C-ID-0402,,DTP2,2024-02-19,F-01
E-ID-01457,C-ID-0402,,DTP3,2024-04-04,F-01
E-ID-01458,C-ID-0402,,MCV1,2024-09-05,F-01
E-ID-01459,C-ID-0403,,BCG,2026-01-26,F-04
E-ID-01460,C-ID-0403,,DTP1,2026-03-17,F-04
E-ID-01461,C-ID-0403,,DTP2,2026-04-08,F-04
E-ID-01462,C-ID-0403,,DTP3,2026-05-20,F-04
E-ID-01463,C-ID-0404,,BCG,2026-03-04,F-04
E-ID-01464,C-ID-0404,,DTP1,2026-04-13,F-04
E-ID-01465,C-ID-0404,,DTP2,2026-05-04,F-04
E-ID-01466,C-ID-0404,,DTP3,2026-06-13,F-04
E-ID-01472,C-ID-0406,,BCG,2026-04-14,F-01
E-ID-01473,C-ID-0406,,DTP2,2026-06-07,F-01
E-ID-01475,C-ID-0408,,BCG,2024-04-28,F-02
E-ID-01476,C-ID-0408,,DTP1,2024-06-04,F-02
E-ID-01477,C-ID-0408,,DTP2,2024-07-08,F-02
E-ID-01478,C-ID-0408,,MCV2,2025-10-24,F-02
E-ID-01479,C-ID-0409,,BCG,2024-01-15,F-02
E-ID-01480,C-ID-0409,,DTP1,2024-02-27,F-02
E-ID-01481,C-ID-0409,,DTP2,2024-03-31,F-02
E-ID-01482,C-ID-0409,,DTP3,2024-05-04,F-02
E-ID-01483,C-ID-0409,,MCV1,2024-10-27,F-02
E-ID-01484,C-ID-0409,,MCV2,2025-07-05,F-02
E-ID-01485,C-ID-0410,,BCG,2025-09-09,F-04
E-ID-01486,C-ID-0410,,DTP1,2025-10-16,F-04
E-ID-01487,C-ID-0410,,DTP2,2025-11-09,F-04
E-ID-01488,,David Johnson,DTP3,2025-12-12,F-04
E-ID-01489,C-ID-0411,,DTP1,2025-10-25,F-01
E-ID-01490,,Moussa Sow,DTP2,2025-11-20,F-01
E-ID-01491,C-ID-0411,,MCV1,2026-06-04,F-01
E-ID-01492,C-ID-0412,,BCG,2024-03-19,F-02
E-ID-01493,C-ID-0412,,DTP1,2024-04-15,F-02
E-ID-01494,C-ID-0412,,DTP2,2024-06-08,F-02
E-ID-01495,C-ID-0413,,MCV1,2024-11-26,F-04
E-ID-01496,C-ID-0413,,MCV2,2025-09-05,F-04
E-ID-01497,C-ID-0414,,BCG,2026-06-01,F-01
E-ID-01498,C-ID-0414,,DTP2,2026-08-05,F-01
E-ID-01499,C-ID-0415,,BCG,2025-08-06,F-04
E-ID-01500,C-ID-0415,,DTP1,2025-09-20,F-04
E-ID-01501,C-ID-0415,,DTP2,2025-10-05,F-04
E-ID-01502,C-ID-0415,,DTP3,2025-11-17,F-04
E-ID-01503,C-ID-0415,,MCV1,2026-04-27,F-04
E-ID-01504,C-ID-0416,,BCG,2025-12-10,F-01
E-ID-01505,C-ID-0416,,DTP1,2026-01-07,F-01
E-ID-01506,C-ID-0416,,MCV1,2026-08-31,F-01
E-ID-01507,C-ID-0417,,DTP2,2025-02-16,F-02
E-ID-01508,C-ID-0417,,DTP3,2025-03-13,F-02
E-ID-01511,C-ID-0419,,BCG,2023-11-23,F-04
E-ID-01512,C-ID-0419,,DTP1,2024-01-15,F-04
E-ID-01513,C-ID-0420,,DTP3,2024-03-13,F-01
E-ID-01514,C-ID-0420,,MCV1,2024-08-27,F-01
E-ID-01515,C-ID-0421,,BCG,2025-05-24,F-02
E-ID-01516,C-ID-0421,,DTP2,2025-08-05,F-02
E-ID-01517,C-ID-0422,,DTP3,2025-08-25,F-05
E-ID-01518,C-ID-0422,,MCV1,2026-02-22,F-05
E-ID-01519,,Samuel Ali,BCG,2025-12-02,F-04
E-ID-01520,C-ID-0423,,DTP1,2026-01-21,F-04
E-ID-01521,C-ID-0423,,DTP2,2026-02-08,F-04
E-ID-01522,C-ID-0423,,DTP3,2026-04-02,F-04
E-ID-01523,C-ID-0424,,BCG,2026-05-06,F-04
E-ID-01524,C-ID-0424,,DTP1,2026-07-09,F-04
E-ID-01525,,John Sow,DTP2,2026-07-15,F-04
E-ID-01526,C-ID-0424,,DTP3,2026-08-05,F-04
E-ID-01527,C-ID-0425,,BCG,2024-04-29,F-04
E-ID-01528,C-ID-0425,,DTP1,2024-06-11,F-04
E-ID-01529,,Muhammad Kamara,DTP2,2024-07-02,F-04
E-ID-01530,C-ID-0425,,DTP3,2024-08-06,F-04
E-ID-01531,C-ID-0425,,MCV1,2025-01-23,F-04
E-ID-01532,C-ID-0425,,MCV2,2025-09-28,F-04
E-ID-01533,C-ID-0426,,BCG,2026-07-23,F-02
E-ID-01534,C-ID-0427,,BCG,2025-11-11,F-04
E-ID-01535,C-ID-0427,,DTP1,2026-01-08,F-04
E-ID-01536,C-ID-0427,,DTP2,2026-01-17,F-04
E-ID-01537,C-ID-0427,,DTP3,2026-02-17,F-04
E-ID-01538,C-ID-0427,,MCV1,2026-07-30,F-04
E-ID-01539,C-ID-0428,,BCG,2023-10-25,F-01
E-ID-01540,C-ID-0428,,DTP1,2023-12-20,F-01
E-ID-01541,C-ID-0428,,DTP2,2024-01-22,F-01
E-ID-01542,C-ID-0428,,DTP3,2024-02-08,F-01
E-ID-01543,C-ID-0429,,BCG,2024-04-29,F-02
E-ID-01544,C-ID-0429,,DTP2,2024-07-07,F-02
E-ID-01545,C-ID-0429,,MCV1,2025-02-11,F-02
E-ID-01546,C-ID-0429,,MCV2,2025-11-02,F-02
E-ID-01547,C-ID-0430,,BCG,2025-04-17,F-01
E-ID-01548,C-ID-0430,,DTP1,2025-06-22,F-01
E-ID-01549,C-ID-0430,,DTP2,2025-07-22,F-01
E-ID-01550,C-ID-0431,,DTP3,2025-07-28,F-02
E-ID-01551,C-ID-0431,,MCV1,2026-02-06,F-02
E-ID-01552,C-ID-0432,,BCG,2025-10-22,F-04
E-ID-01553,C-ID-0432,,DTP1,2025-12-09,F-04
E-ID-01554,C-ID-0432,,DTP2,2025-12-17,F-04
E-ID-01555,,David Toure,DTP3,2026-02-06,F-04
E-ID-01556,C-ID-0432,,MCV1,2026-07-03,F-04
E-ID-01557,C-ID-0433,,DTP1,2024-03-16,F-02
E-ID-01558,C-ID-0433,,DTP2,2024-04-23,F-02
E-ID-01559,C-ID-0433,,DTP3,2024-05-06,F-02
E-ID-01560,C-ID-0433,,MCV2,2025-07-25,F-02
E-ID-01561,C-ID-0434,,BCG,2025-01-15,F-01
E-ID-01562,C-ID-0434,,DTP2,2025-03-26,F-01
E-ID-01563,C-ID-0434,,DTP3,2025-04-11,F-01
E-ID-01564,C-ID-0434,,MCV1,2025-09-27,F-01
E-ID-01565,C-ID-0434,,MCV2,2026-06-13,F-01
E-ID-01566,C-ID-0435,,BCG,2026-05-18,F-04
E-ID-01567,C-ID-0435,,DTP1,2026-06-29,F-04
E-ID-01568,C-ID-0435,,DTP2,2026-08-04,F-04
E-ID-01569,C-ID-0435,,DTP3,2026-08-28,F-04
E-ID-01570,C-ID-0436,,BCG,2025-03-05,F-02
E-ID-01571,C-ID-0436,,DTP1,2025-04-05,F-02
E-ID-01572,,Kofi Keita,DTP2,2025-04-24,F-02
E-ID-01573,C-ID-0437,,BCG,2024-02-09,F-05
E-ID-01574,C-ID-0437,,DTP1,2024-03-20,F-05
E-ID-01575,C-ID-0437,,DTP3,2024-05-05,F-05
E-ID-01576,C-ID-0437,,MCV1,2024-11-09,F-05
E-ID-01577,C-ID-0438,,BCG,2025-11-12,F-01
E-ID-01578,C-ID-0438,,DTP1,2026-01-19,F-01
E-ID-01579,C-ID-0438,,DTP2,2026-02-07,F-01
E-ID-01580,C-ID-0438,,DTP3,2026-03-16,F-01
E-ID-01581,C-ID-0438,,MCV1,2026-08-18,F-01
E-ID-01582,C-ID-0439,,BCG,2024-03-11,F-02
E-ID-01583,C-ID-0439,,DTP1,2024-04-11,F-02
E-ID-01584,C-ID-0439,,DTP2,2024-05-13,F-02
E-ID-01585,C-ID-0439,,DTP3,2024-06-27,F-02
E-ID-01586,C-ID-0439,,MCV1,2024-12-16,F-02
E-ID-01587,C-ID-0439,,MCV2,2025-09-08,F-02
E-ID-01588,C-ID-0440,,BCG,2023-11-30,F-01
E-ID-01589,C-ID-0440,,DTP1,2024-01-09,F-01
E-ID-01590,C-ID-0440,,DTP2,2024-02-08,F-01
E-ID-01591,C-ID-0441,,DTP3,2024-03-10,F-05
E-ID-01592,C-ID-0441,,MCV1,2024-08-25,F-05
E-ID-01593,C-ID-0441,,MCV2,2025-06-04,F-05
E-ID-01594,C-ID-0442,,BCG,2024-11-22,F-01
E-ID-01595,C-ID-0442,,DTP1,2025-01-01,F-01
E-ID-01596,C-ID-0442,,DTP2,2025-01-19,F-01
E-ID-01597,C-ID-0442,,DTP3,2025-02-17,F-01
E-ID-01598,C-ID-0443,,BCG,2026-01-24,F-04
E-ID-01599,C-ID-0443,,DTP1,2026-03-20,F-04
E-ID-01600,C-ID-0443,,DTP2,2026-04-14,F-04
E-ID-01601,C-ID-0443,,DTP3,2026-05-28,F-04
E-ID-01602,C-ID-0444,,BCG,2025-10-20,F-04
E-ID-01603,C-ID-0444,,DTP1,2025-12-17,F-04
E-ID-01604,C-ID-0444,,DTP2,2026-01-12,F-04
E-ID-01605,C-ID-0444,,DTP3,2026-01-22,F-04
E-ID-01609,C-ID-0446,,DTP3,2024-04-15,F-02
E-ID-01610,C-ID-0446,,MCV1,2024-10-11,F-02
E-ID-01611,C-ID-0447,,BCG,2024-10-02,F-02
E-ID-01612,C-ID-0447,,DTP1,2024-11-14,F-02
E-ID-01613,C-ID-0447,,DTP2,2025-01-03,F-02
E-ID-01614,C-ID-0447,,DTP3,2025-01-14,F-02
E-ID-01615,C-ID-0447,,MCV1,2025-07-17,F-02
E-ID-01616,C-ID-0447,,MCV2,2026-04-21,F-02
E-ID-01617,C-ID-0448,,BCG,2025-04-21,F-02
E-ID-01618,C-ID-0448,,DTP2,2025-07-18,F-02
E-ID-01619,C-ID-0448,,MCV1,2026-01-29,F-02
E-ID-01620,C-ID-0449,,BCG,2024-11-05,F-01
E-ID-01621,C-ID-0449,,DTP1,2024-12-11,F-01
E-ID-01622,C-ID-0449,,DTP2,2025-01-09,F-01
E-ID-01623,C-ID-0449,,DTP3,2025-02-10,F-01
E-ID-01624,C-ID-0449,,MCV1,2025-08-12,F-01
E-ID-01625,C-ID-0449,,MCV2,2026-05-17,F-01
E-ID-01626,C-ID-0450,,BCG,2026-05-28,F-04
E-ID-01627,C-ID-0450,,DTP1,2026-08-03,F-04
E-ID-01628,C-ID-0450,,DTP2,2026-08-03,F-04
E-ID-01629,C-ID-0451,,BCG,2023-10-14,F-01
E-ID-01630,,Samuel Toure,DTP2,2024-01-08,F-01
E-ID-01631,C-ID-0451,,MCV1,2024-07-01,F-01
E-ID-01632,C-ID-0451,,MCV2,2025-04-01,F-01
E-ID-01633,C-ID-0452,,DTP2,2025-08-04,F-04
E-ID-01634,C-ID-0452,,DTP3,2025-08-23,F-04
E-ID-01635,C-ID-0452,,MCV1,2026-02-25,F-04
E-ID-01639,C-ID-0454,,BCG,2024-07-26,F-01
E-ID-01640,C-ID-0454,,DTP1,2024-09-06,F-01
E-ID-01641,C-ID-0454,,DTP3,2024-10-10,F-01
E-ID-01642,C-ID-0455,,BCG,2025-03-23,F-02
E-ID-01643,C-ID-0455,,DTP1,2025-05-08,F-02
E-ID-01644,,Fatoumata Smith,DTP2,2025-06-05,F-02
E-ID-01645,C-ID-0455,,DTP3,2025-07-08,F-02
E-ID-01646,C-ID-0455,,MCV1,2025-11-30,F-02
E-ID-01647,C-ID-0456,,BCG,2025-07-29,F-02
E-ID-01648,C-ID-0456,,DTP1,2025-08-31,F-02
E-ID-01649,C-ID-0456,,DTP2,2025-10-08,F-02
E-ID-01650,,John Diallo,DTP3,2025-10-25,F-02
E-ID-01651,C-ID-0456,,MCV1,2026-05-03,F-02
E-ID-01652,C-ID-0457,,BCG,2024-02-08,F-04
E-ID-01653,C-ID-0457,,DTP1,2024-03-19,F-04
E-ID-01654,C-ID-0457,,DTP2,2024-04-09,F-04
E-ID-01655,C-ID-0457,,DTP3,2024-05-18,F-04
E-ID-01656,C-ID-0457,,MCV1,2024-11-20,F-04
E-ID-01657,,Amina Toure,MCV2,2025-07-22,F-04
E-ID-01662,C-ID-0459,,BCG,2025-09-04,F-01
E-ID-01663,C-ID-0459,,DTP1,2025-10-01,F-01
E-ID-01664,C-ID-0459,,DTP3,2025-12-21,F-01
E-ID-01665,C-ID-0459,,MCV1,2026-05-31,F-01
E-ID-01666,C-ID-0460,,BCG,2025-04-05,F-01
E-ID-01667,C-ID-0460,,DTP1,2025-05-06,F-01
E-ID-01668,C-ID-0460,,DTP2,2025-05-28,F-01
E-ID-01671,C-ID-0462,,BCG,2024-05-04,F-05
E-ID-01672,C-ID-0462,,DTP2,2024-06-27,F-05
E-ID-01673,C-ID-0462,,MCV1,2025-01-11,F-05
E-ID-01674,C-ID-0462,,MCV2,2025-10-29,F-05
E-ID-01675,C-ID-0463,,BCG,2025-06-17,F-04
E-ID-01676,C-ID-0463,,DTP1,2025-07-02,F-04
E-ID-01677,C-ID-0463,,DTP2,2025-07-28,F-04
E-ID-01678,C-ID-0463,,MCV1,2026-02-17,F-04
E-ID-01679,C-ID-0464,,DTP1,2023-12-18,F-04
E-ID-01680,C-ID-0464,,DTP2,2023-12-31,F-04
E-ID-01681,C-ID-0464,,MCV1,2024-07-18,F-04
E-ID-01682,C-ID-0465,,BCG,2023-12-07,F-04
E-ID-01683,C-ID-0465,,DTP1,2024-02-05,F-04
E-ID-01684,C-ID-0465,,DTP3,2024-03-23,F-04
E-ID-01685,C-ID-0465,,MCV1,2024-09-15,F-04
E-ID-01686,C-ID-0465,,MCV2,2025-06-12,F-04
E-ID-01687,C-ID-0467,,DTP1,2025-08-27,F-01
E-ID-01688,C-ID-0467,,DTP3,2025-10-14,F-01
E-ID-01690,C-ID-0469,,BCG,2025-01-04,F-02
E-ID-01691,C-ID-0469,,DTP1,2025-02-16,F-02
E-ID-01692,C-ID-0469,,DTP3,2025-04-15,F-02
E-ID-01693,C-ID-0469,,MCV1,2025-09-24,F-02
E-ID-01694,C-ID-0469,,MCV2,2026-06-23,F-02
E-ID-01695,C-ID-0470,,BCG,2025-05-15,F-02
E-ID-01696,,Kofi Johnson,DTP1,2025-07-01,F-02
E-ID-01697,C-ID-0470,,DTP2,2025-07-21,F-02
E-ID-01698,C-ID-0470,,MCV1,2026-02-07,F-02
E-ID-01699,C-ID-0471,,BCG,2024-06-18,F-01
E-ID-01700,C-ID-0471,,DTP1,2024-08-25,F-01
E-ID-01701,,Ibrahim Sow,DTP2,2024-09-10,F-01
E-ID-01702,C-ID-0471,,MCV1,2025-03-23,F-01
E-ID-01703,C-ID-0471,,MCV2,2026-01-01,F-01
E-ID-01704,C-ID-0472,,BCG,2025-03-15,F-04
E-ID-01705,C-ID-0472,,DTP1,2025-05-21,F-04
E-ID-01706,C-ID-0472,,DTP2,2025-06-11,F-04
E-ID-01707,C-ID-0473,,DTP3,2025-07-02,F-01
E-ID-01708,C-ID-0473,,MCV1,2026-01-02,F-01
E-ID-01709,C-ID-0474,,BCG,2025-07-10,F-01
E-ID-01710,C-ID-0474,,DTP1,2025-08-20,F-01
E-ID-01711,C-ID-0474,,DTP2,2025-09-22,F-01
E-ID-01712,C-ID-0474,,DTP3,2025-10-11,F-01
E-ID-01713,C-ID-0474,,MCV1,2026-04-25,F-01
E-ID-01714,C-ID-0475,,BCG,2023-10-09,F-01
E-ID-01715,C-ID-0475,,DTP1,2023-11-29,F-01
E-ID-01716,,David Osei,DTP2,2023-12-06,F-01
E-ID-01717,,David Osei,DTP3,2024-01-01,F-01
E-ID-01718,C-ID-0475,,MCV1,2024-07-01,F-01
E-ID-01719,C-ID-0476,,BCG,2025-12-12,F-01
E-ID-01720,C-ID-0476,,DTP1,2026-01-22,F-01
E-ID-01721,,Grace Ali,DTP2,2026-02-16,F-01
E-ID-01722,C-ID-0476,,DTP3,2026-03-06,F-01
E-ID-01727,C-ID-0478,,BCG,2024-08-13,F-04
E-ID-01728,C-ID-0478,,DTP2,2024-11-10,F-04
E-ID-01729,C-ID-0478,,MCV1,2025-05-13,F-04
E-ID-01730,C-ID-0478,,MCV2,2026-01-27,F-04
E-ID-01731,C-ID-0479,,BCG,2026-03-29,F-04
E-ID-01732,C-ID-0479,,DTP1,2026-05-04,F-04
E-ID-01733,C-ID-0480,,BCG,2025-06-04,F-01
E-ID-01734,C-ID-0480,,DTP1,2025-07-18,F-01
E-ID-01735,C-ID-0480,,DTP2,2025-08-15,F-01
E-ID-01736,C-ID-0480,,DTP3,2025-09-22,F-01
E-ID-01737,C-ID-0480,,MCV1,2026-03-14,F-01
E-ID-01738,C-ID-0481,,BCG,2023-12-31,F-04
E-ID-01739,C-ID-0481,,DTP1,2024-02-16,F-04
E-ID-01740,C-ID-0481,,DTP3,2024-04-13,F-04
E-ID-01741,C-ID-0481,,MCV1,2024-09-19,F-04
E-ID-01742,C-ID-0481,,MCV2,2025-06-26,F-04
E-ID-01743,C-ID-0482,,BCG,2025-04-28,F-04
E-ID-01744,C-ID-0482,,DTP2,2025-06-30,F-04
E-ID-01745,,David Keita,DTP3,2025-07-15,F-04
E-ID-01746,C-ID-0482,,MCV1,2026-01-08,F-04
E-ID-01747,C-ID-0483,,BCG,2025-12-25,F-04
E-ID-01748,C-ID-0483,,DTP1,2026-02-05,F-04
E-ID-01749,C-ID-0483,,DTP2,2026-03-12,F-04
E-ID-01750,C-ID-0484,,BCG,2023-09-28,F-02
E-ID-01751,C-ID-0484,,DTP1,2023-11-19,F-02
E-ID-01752,C-ID-0485,,BCG,2023-09-22,F-02
E-ID-01753,C-ID-0485,,DTP1,2023-11-19,F-02
E-ID-01754,C-ID-0485,,DTP2,2023-12-03,F-02
E-ID-01755,,Kwame Diallo,DTP3,2024-01-17,F-02
E-ID-01756,C-ID-0485,,MCV1,2024-06-27,F-02
E-ID-01757,C-ID-0486,,BCG,2024-04-02,F-02
E-ID-01758,C-ID-0487,,DTP1,2024-05-23,F-01
E-ID-01759,C-ID-0488,,BCG,2024-01-25,F-02
E-ID-01760,C-ID-0488,,DTP1,2024-03-03,F-02
E-ID-01761,C-ID-0488,,DTP2,2024-04-05,F-02
E-ID-01762,C-ID-0488,,DTP3,2024-04-19,F-02
E-ID-01763,C-ID-0488,,MCV1,2024-11-04,F-02
E-ID-01764,C-ID-0489,,BCG,2026-03-25,F-01
E-ID-01765,C-ID-0489,,DTP1,2026-05-10,F-01
E-ID-01766,C-ID-0489,,DTP2,2026-06-14,F-01
E-ID-01767,C-ID-0489,,DTP3,2026-06-26,F-01
E-ID-01773,C-ID-0491,,BCG,2026-04-21,F-01
E-ID-01774,C-ID-0491,,DTP1,2026-05-20,F-01
E-ID-01775,C-ID-0492,,DTP2,2026-06-14,F-02
E-ID-01776,C-ID-0493,,BCG,2024-12-23,F-04
E-ID-01777,C-ID-0493,,DTP1,2025-02-11,F-04
E-ID-01778,C-ID-0493,,DTP2,2025-03-11,F-04
E-ID-01779,C-ID-0493,,DTP3,2025-04-23,F-04
E-ID-01780,C-ID-0493,,MCV1,2025-09-29,F-04
E-ID-01781,C-ID-0493,,MCV2,2026-06-15,F-04
E-ID-01782,C-ID-0494,,BCG,2026-06-28,F-01
E-ID-01783,C-ID-0494,,DTP1,2026-08-05,F-01
E-ID-01784,C-ID-0495,,BCG,2024-12-24,F-02
E-ID-01785,C-ID-0495,,DTP1,2025-02-18,F-02
E-ID-01786,C-ID-0495,,DTP2,2025-02-24,F-02
E-ID-01787,C-ID-0495,,MCV1,2025-10-06,F-02
E-ID-01788,C-ID-0496,,BCG,2025-11-10,F-04
E-ID-01789,C-ID-0496,,DTP1,2026-01-01,F-04
E-ID-01790,C-ID-0496,,DTP2,2026-01-24,F-04
E-ID-01791,C-ID-0496,,DTP3,2026-02-20,F-04
E-ID-01792,C-ID-0496,,MCV1,2026-08-16,F-04
E-ID-01793,C-ID-0497,,BCG,2024-12-15,F-01
E-ID-01794,C-ID-0497,,DTP1,2025-01-21,F-01
E-ID-01795,C-ID-0497,,DTP2,2025-02-04,F-01
E-ID-01796,C-ID-0497,,DTP3,2025-03-04,F-01
E-ID-01797,C-ID-0498,,BCG,2025-11-11,F-04
E-ID-01798,C-ID-0498,,DTP1,2025-12-25,F-04
E-ID-01799,C-ID-0498,,DTP2,2026-01-08,F-04
E-ID-01800,C-ID-0498,,DTP3,2026-01-31,F-04
E-ID-01801,C-ID-0498,,MCV1,2026-07-23,F-04
E-ID-01805,C-ID-0500,,BCG,2026-01-19,F-04
E-ID-01806,C-ID-0500,,DTP1,2026-03-09,F-04
E-ID-01807,C-ID-0500,,DTP2,2026-04-17,F-04
E-ID-01811,C-ID-0502,,DTP3,2025-08-15,F-02
E-ID-01812,C-ID-0502,,MCV1,2026-01-16,F-02
E-ID-01818,C-ID-0504,,BCG,2024-08-14,F-04
E-ID-01819,C-ID-0504,,DTP1,2024-09-13,F-04
E-ID-01820,C-ID-0504,,DTP2,2024-10-18,F-04
E-ID-01821,C-ID-0505,,MCV1,2025-04-30,F-02
E-ID-01822,C-ID-0505,,MCV2,2026-01-12,F-02
E-ID-01823,C-ID-0506,,BCG,2024-03-11,F-02
E-ID-01824,C-ID-0506,,DTP1,2024-04-15,F-02
E-ID-01825,C-ID-0506,,DTP3,2024-06-14,F-02
E-ID-01828,C-ID-0508,,BCG,2024-02-22,F-01
E-ID-01829,C-ID-0508,,DTP1,2024-04-10,F-01
E-ID-01830,C-ID-0508,,DTP2,2024-04-23,F-01
E-ID-01831,C-ID-0508,,DTP3,2024-05-29,F-01
E-ID-01832,C-ID-0508,,MCV1,2024-12-02,F-01
E-ID-01833,C-ID-0508,,MCV2,2025-08-16,F-01
E-ID-01834,C-ID-0509,,BCG,2026-03-07,F-04
E-ID-01835,C-ID-0509,,DTP1,2026-04-03,F-04
E-ID-01836,C-ID-0510,,DTP2,2026-05-08,F-05
E-ID-01837,C-ID-0510,,DTP3,2026-06-13,F-05
E-ID-01838,C-ID-0511,,BCG,2026-07-20,F-02
E-ID-01839,C-ID-0512,,DTP1,2026-08-14,F-04
E-ID-01840,C-ID-0513,,BCG,2025-02-22,F-01
E-ID-01841,C-ID-0513,,DTP1,2025-04-07,F-01
E-ID-01842,C-ID-0513,,DTP2,2025-05-30,F-01
E-ID-01843,C-ID-0513,,DTP3,2025-06-04,F-01
E-ID-01844,C-ID-0513,,MCV1,2025-11-28,F-01
E-ID-01845,,Fatoumata Keita,BCG,2025-05-30,F-02
E-ID-01846,C-ID-0514,,DTP1,2025-07-11,F-02
E-ID-01847,C-ID-0514,,DTP2,2025-08-08,F-02
E-ID-01848,C-ID-0514,,DTP3,2025-08-25,F-02
E-ID-01849,C-ID-0514,,MCV1,2026-02-10,F-02
E-ID-01850,C-ID-0515,,BCG,2026-02-04,F-04
E-ID-01851,C-ID-0515,,DTP1,2026-04-03,F-04
E-ID-01852,C-ID-0515,,DTP2,2026-05-10,F-04
E-ID-01853,C-ID-0515,,DTP3,2026-06-02,F-04
E-ID-01854,C-ID-0516,,BCG,2023-10-07,F-02
E-ID-01855,C-ID-0516,,DTP1,2023-11-17,F-02
E-ID-01856,C-ID-0516,,DTP2,2023-12-28,F-02
E-ID-01857,C-ID-0517,,DTP3,2024-01-05,F-04
E-ID-01858,C-ID-0517,,MCV1,2024-06-30,F-04
E-ID-01859,C-ID-0517,,MCV2,2025-04-08,F-04
E-ID-01860,C-ID-0518,,BCG,2023-12-14,F-02
E-ID-01861,C-ID-0518,,DTP1,2024-01-04,F-02
E-ID-01862,C-ID-0518,,DTP2,2024-01-31,F-02
E-ID-01863,C-ID-0518,,DTP3,2024-03-21,F-02
E-ID-01864,C-ID-0518,,MCV1,2024-09-01,F-02
E-ID-01870,C-ID-0520,,BCG,2024-01-02,F-04
E-ID-01871,C-ID-0520,,DTP1,2024-02-08,F-04
E-ID-01872,C-ID-0520,,DTP2,2024-03-07,F-04
E-ID-01873,C-ID-0520,,DTP3,2024-04-23,F-04
E-ID-01874,C-ID-0520,,MCV1,2024-09-30,F-04
E-ID-01875,C-ID-0520,,MCV2,2025-07-09,F-04
E-ID-01876,C-ID-0521,,BCG,2025-02-13,F-01
E-ID-01877,C-ID-0521,,DTP1,2025-03-15,F-01
E-ID-01880,C-ID-0523,,BCG,2026-03-15,F-02
E-ID-01881,C-ID-0523,,DTP1,2026-04-21,F-02
E-ID-01882,C-ID-0523,,DTP3,2026-07-03,F-02
E-ID-01883,C-ID-0524,,DTP1,2024-11-02,F-01
E-ID-01884,C-ID-0524,,DTP3,2024-12-19,F-01
E-ID-01885,C-ID-0524,,MCV1,2025-06-11,F-01
E-ID-01886,C-ID-0524,,MCV2,2026-02-21,F-01
E-ID-01887,C-ID-0525,,BCG,2025-09-08,F-02
E-ID-01888,C-ID-0525,,DTP1,2025-10-16,F-02
E-ID-01889,C-ID-0525,,DTP2,2025-11-20,F-02
E-ID-01890,C-ID-0525,,DTP3,2025-12-27,F-02
E-ID-01891,C-ID-0525,,MCV1,2026-06-03,F-02
E-ID-01892,C-ID-0526,,BCG,2025-10-09,F-02
E-ID-01893,C-ID-0526,,DTP1,2025-11-06,F-02
E-ID-01894,C-ID-0527,,DTP2,2025-11-27,F-04
E-ID-01895,C-ID-0527,,MCV1,2026-07-11,F-04
E-ID-01896,C-ID-0528,,DTP1,2026-02-20,F-04
E-ID-01897,C-ID-0528,,DTP2,2026-03-16,F-04
E-ID-01898,C-ID-0529,,DTP1,2024-06-18,F-02
E-ID-01899,C-ID-0529,,DTP2,2024-06-28,F-02
E-ID-01900,C-ID-0529,,DTP3,2024-07-27,F-02
E-ID-01901,C-ID-0530,,MCV1,2025-01-20,F-04
E-ID-01902,C-ID-0530,,MCV2,2025-10-27,F-04
E-ID-01903,C-ID-0531,,BCG,2025-11-30,F-01
E-ID-01904,C-ID-0531,,DTP1,2026-01-05,F-01
E-ID-01905,C-ID-0531,,DTP2,2026-01-23,F-01
E-ID-01906,C-ID-0531,,DTP3,2026-03-09,F-01
E-ID-01907,C-ID-0531,,MCV1,2026-08-09,F-01
E-ID-01908,C-ID-0532,,DTP1,2025-10-03,F-01
E-ID-01909,C-ID-0532,,DTP2,2025-10-27,F-01
E-ID-01910,C-ID-0532,,DTP3,2025-11-09,F-01
E-ID-01911,C-ID-0532,,MCV1,2026-05-06,F-01
E-ID-01917,C-ID-0534,,BCG,2025-11-01,F-02
E-ID-01918,C-ID-0534,,DTP1,2025-12-09,F-02
E-ID-01919,C-ID-0534,,DTP2,2026-01-20,F-02
E-ID-01920,C-ID-0534,,DTP3,2026-02-10,F-02
E-ID-01921,C-ID-0534,,MCV1,2026-08-08,F-02
E-ID-01922,C-ID-0535,,BCG,2025-09-13,F-04
E-ID-01923,C-ID-0535,,DTP1,2025-11-04,F-04
E-ID-01924,C-ID-0535,,DTP2,2025-11-22,F-04
E-ID-01925,C-ID-0535,,DTP3,2025-12-23,F-04
E-ID-01926,C-ID-0536,,DTP3,2026-03-13,F-01
E-ID-01927,C-ID-0536,,MCV1,2026-08-20,F-01
E-ID-01928,C-ID-0537,,BCG,2025-09-03,F-02
E-ID-01929,C-ID-0537,,DTP1,2025-09-22,F-02
E-ID-01930,C-ID-0537,,DTP2,2025-10-30,F-02
E-ID-01931,C-ID-0537,,DTP3,2025-11-19,F-02
E-ID-01932,C-ID-0537,,MCV1,2026-05-16,F-02
E-ID-01937,C-ID-0539,,DTP1,2024-08-25,F-02
E-ID-01938,C-ID-0539,,MCV1,2025-04-16,F-02
E-ID-01939,C-ID-0539,,MCV2,2025-12-31,F-02
E-ID-01940,C-ID-0540,,BCG,2024-08-30,F-02
E-ID-01941,C-ID-0540,,DTP1,2024-10-11,F-02
E-ID-01942,C-ID-0540,,DTP3,2024-11-25,F-02
E-ID-01943,C-ID-0540,,MCV1,2025-05-17,F-02
E-ID-01944,C-ID-0541,,BCG,2023-12-16,F-04
E-ID-01945,C-ID-0541,,DTP1,2024-02-05,F-04
E-ID-01946,C-ID-0541,,DTP2,2024-02-19,F-04
E-ID-01947,C-ID-0541,,DTP3,2024-03-28,F-04
E-ID-01948,C-ID-0542,,DTP2,2025-05-21,F-01
E-ID-01949,C-ID-0542,,DTP3,2025-06-26,F-01
E-ID-01950,C-ID-0543,,BCG,2023-09-09,F-04
E-ID-01951,C-ID-0543,,DTP1,2023-11-07,F-04
E-ID-01952,C-ID-0543,,DTP3,2024-01-06,F-04
E-ID-01953,C-ID-0543,,MCV1,2024-06-30,F-04
E-ID-01954,C-ID-0543,,MCV2,2025-03-13,F-04
E-ID-01955,C-ID-0544,,BCG,2026-01-04,F-04
E-ID-01956,C-ID-0544,,DTP1,2026-03-03,F-04
E-ID-01957,C-ID-0544,,DTP2,2026-03-21,F-04
E-ID-01958,C-ID-0544,,DTP3,2026-04-25,F-04
E-ID-01959,C-ID-0545,,BCG,2024-08-16,F-04
E-ID-01960,C-ID-0545,,DTP1,2024-09-18,F-04
E-ID-01961,C-ID-0545,,DTP2,2024-10-07,F-04
E-ID-01962,C-ID-0545,,MCV2,2026-02-01,F-04
E-ID-01963,C-ID-0546,,BCG,2023-12-11,F-04
E-ID-01964,C-ID-0546,,DTP1,2024-01-14,F-04
E-ID-01965,C-ID-0546,,DTP2,2024-03-01,F-04
E-ID-01966,C-ID-0546,,DTP3,2024-03-12,F-04
E-ID-01972,C-ID-0548,,BCG,2026-02-03,F-02
E-ID-01973,C-ID-0548,,DTP1,2026-03-22,F-02
E-ID-01974,C-ID-0548,,DTP3,2026-05-08,F-02
E-ID-01975,C-ID-0549,,BCG,2025-09-22,F-01
E-ID-01976,C-ID-0549,,DTP1,2025-11-18,F-01
E-ID-01977,C-ID-0549,,DTP2,2025-12-08,F-01
E-ID-01978,C-ID-0549,,MCV1,2026-07-07,F-01
E-ID-01979,C-ID-0550,,BCG,2024-03-22,F-01
E-ID-01980,C-ID-0550,,DTP1,2024-04-19,F-01
E-ID-01981,C-ID-0550,,DTP2,2024-06-06,F-01
E-ID-01982,C-ID-0551,,DTP3,2024-06-09,F-05
E-ID-01983,C-ID-0551,,MCV1,2024-11-29,F-05
E-ID-01987,C-ID-0553,,BCG,2023-11-22,F-01
E-ID-01988,C-ID-0553,,DTP1,2023-12-14,F-01
E-ID-01989,C-ID-0553,,DTP2,2024-01-19,F-01
E-ID-01993,C-ID-0555,,BCG,2023-10-05,F-02
E-ID-01994,C-ID-0555,,DTP2,2023-12-14,F-02
E-ID-01995,C-ID-0555,,DTP3,2024-01-16,F-02
E-ID-01996,C-ID-0555,,MCV1,2024-07-07,F-02
E-ID-01997,C-ID-0555,,MCV2,2025-03-30,F-02
E-ID-01999,C-ID-0558,,BCG,2025-07-19,F-04
E-ID-02000,C-ID-0558,,DTP1,2025-08-29,F-04
E-ID-02001,C-ID-0558,,DTP2,2025-09-30,F-04
E-ID-02002,C-ID-0558,,MCV1,2026-04-05,F-04
E-ID-02003,,David Ali,BCG,2024-09-16,F-04
E-ID-02004,,David Ali,DTP1,2024-10-25,F-04
E-ID-02005,C-ID-0559,,MCV1,2025-06-12,F-04
E-ID-02006,C-ID-0560,,BCG,2024-05-25,F-04
E-ID-02007,C-ID-0560,,DTP1,2024-06-14,F-04
E-ID-02008,C-ID-0560,,DTP2,2024-07-16,F-04
E-ID-02009,C-ID-0560,,DTP3,2024-08-21,F-04
E-ID-02010,C-ID-0560,,MCV1,2025-02-24,F-04
E-ID-02011,C-ID-0560,,MCV2,2025-11-13,F-04
E-ID-02014,C-ID-0562,,DTP2,2026-06-07,F-02
E-ID-02015,C-ID-0562,,DTP3,2026-07-05,F-02
E-ID-02016,C-ID-0563,,DTP1,2025-04-26,F-04
E-ID-02017,C-ID-0563,,DTP2,2025-06-17,F-04
E-ID-02018,C-ID-0563,,MCV1,2025-12-22,F-04
E-ID-02023,C-ID-0565,,BCG,2024-07-07,F-01
E-ID-02024,C-ID-0565,,DTP1,2024-08-07,F-01
E-ID-02025,C-ID-0565,,DTP2,2024-08-30,F-01
E-ID-02026,,Sarah Sow,DTP3,2024-10-01,F-01
E-ID-02027,C-ID-0565,,MCV1,2025-03-26,F-01
E-ID-02031,C-ID-0567,,DTP1,2024-06-22,F-04
E-ID-02032,C-ID-0568,,DTP2,2024-07-25,F-02
E-ID-02036,C-ID-0570,,DTP1,2025-06-03,F-02
E-ID-02037,C-ID-0570,,DTP2,2025-06-18,F-02
E-ID-02038,C-ID-0570,,DTP3,2025-07-10,F-02
E-ID-02039,,Moussa Diallo,MCV1,2026-01-14,F-02
E-ID-02044,C-ID-0572,,BCG,2026-06-03,F-01
E-ID-02045,C-ID-0572,,DTP1,2026-07-17,F-01
E-ID-02046,C-ID-0572,,DTP2,2026-08-05,F-01
E-ID-02047,C-ID-0572,,DTP3,2026-08-21,F-01
E-ID-02052,C-ID-0574,,BCG,2025-11-22,F-02
E-ID-02053,C-ID-0574,,DTP1,2026-01-27,F-02
E-ID-02054,C-ID-0575,,DTP2,2026-02-19,F-01
E-ID-02055,C-ID-0575,,DTP3,2026-03-04,F-01
E-ID-02056,C-ID-0576,,BCG,2024-09-08,F-01
E-ID-02057,C-ID-0576,,DTP1,2024-10-23,F-01
E-ID-02058,C-ID-0576,,DTP2,2024-11-18,F-01
E-ID-02059,C-ID-0576,,DTP3,2024-12-19,F-01
E-ID-02060,C-ID-0576,,MCV1,2025-06-19,F-01
E-ID-02061,C-ID-0577,,BCG,2024-01-19,F-04
E-ID-02062,C-ID-0577,,DTP1,2024-03-05,F-04
E-ID-02063,C-ID-0577,,DTP3,2024-05-08,F-04
E-ID-02064,C-ID-0577,,MCV1,2024-10-05,F-04
E-ID-02065,C-ID-0578,,BCG,2026-01-19,F-01
E-ID-02066,C-ID-0578,,DTP1,2026-03-04,F-01
E-ID-02067,C-ID-0578,,DTP2,2026-04-02,F-01
E-ID-02068,C-ID-0578,,DTP3,2026-04-25,F-01
E-ID-02077,C-ID-0581,,BCG,2024-01-27,F-04
E-ID-02078,C-ID-0581,,DTP1,2024-03-12,F-04
E-ID-02079,C-ID-0581,,DTP2,2024-04-17,F-04
E-ID-02080,,Mariam Smith,DTP3,2024-05-03,F-04
E-ID-02081,C-ID-0581,,MCV1,2024-11-21,F-04
E-ID-02082,C-ID-0582,,BCG,2024-03-06,F-02
E-ID-02083,C-ID-0582,,DTP1,2024-04-23,F-02
E-ID-02084,C-ID-0582,,DTP2,2024-05-16,F-02
E-ID-02085,C-ID-0582,,DTP3,2024-07-05,F-02
E-ID-02086,C-ID-0582,,MCV2,2025-09-19,F-02
E-ID-02087,C-ID-0583,,BCG,2024-04-06,F-02
E-ID-02088,C-ID-0583,,DTP1,2024-05-18,F-02
E-ID-02089,C-ID-0583,,DTP2,2024-06-09,F-02
E-ID-02090,C-ID-0583,,MCV1,2025-01-02,F-02
E-ID-02091,C-ID-0584,,BCG,2026-05-02,F-04
E-ID-02092,C-ID-0584,,DTP1,2026-07-11,F-04
E-ID-02093,C-ID-0584,,DTP2,2026-07-18,F-04
E-ID-02094,C-ID-0584,,DTP3,2026-09-02,F-04
E-ID-02095,C-ID-0585,,BCG,2024-01-02,F-04
E-ID-02096,C-ID-0585,,DTP1,2024-01-17,F-04
E-ID-02097,,Muhammad Diallo,DTP2,2024-02-14,F-04
E-ID-02098,C-ID-0585,,DTP3,2024-03-27,F-04
E-ID-02099,C-ID-0585,,MCV1,2024-09-01,F-04
E-ID-02100,C-ID-0586,,BCG,2025-03-06,F-01
E-ID-02101,C-ID-0586,,DTP1,2025-04-29,F-01
E-ID-02102,C-ID-0586,,DTP2,2025-06-01,F-01
E-ID-02103,C-ID-0586,,DTP3,2025-06-11,F-01
E-ID-02104,C-ID-0586,,MCV1,2025-12-03,F-01
E-ID-02105,C-ID-0586,,MCV2,2026-09-02,F-01
E-ID-02106,C-ID-0587,,BCG,2025-09-04,F-01
E-ID-02107,C-ID-0587,,DTP1,2025-09-28,F-01
E-ID-02108,C-ID-0587,,DTP2,2025-10-24,F-01
E-ID-02109,,Kofi Toure,DTP3,2025-12-02,F-01
E-ID-02110,C-ID-0587,,MCV1,2026-05-13,F-01
E-ID-02111,C-ID-0588,,BCG,2025-01-02,F-04
E-ID-02112,C-ID-0588,,DTP1,2025-02-28,F-04
E-ID-02113,C-ID-0588,,DTP2,2025-04-05,F-04
E-ID-02114,C-ID-0588,,DTP3,2025-04-19,F-04
E-ID-02115,C-ID-0588,,MCV1,2025-10-01,F-04
E-ID-02116,C-ID-0589,,DTP3,2024-08-07,F-02
E-ID-02117,C-ID-0589,,MCV1,2025-02-05,F-02
E-ID-02118,C-ID-0589,,MCV2,2025-11-10,F-02
E-ID-02119,C-ID-0590,,DTP1,2025-02-26,F-02
E-ID-02120,C-ID-0590,,DTP2,2025-03-14,F-02
E-ID-02121,C-ID-0590,,MCV1,2025-10-13,F-02
E-ID-02122,C-ID-0591,,BCG,2024-02-09,F-04
E-ID-02123,C-ID-0591,,DTP1,2024-04-08,F-04
E-ID-02124,C-ID-0591,,DTP2,2024-04-29,F-04
E-ID-02125,C-ID-0591,,DTP3,2024-06-01,F-04
E-ID-02126,C-ID-0591,,MCV1,2024-11-21,F-04
E-ID-02127,C-ID-0591,,MCV2,2025-07-23,F-04
E-ID-02128,C-ID-0592,,BCG,2026-03-15,F-02
E-ID-02129,C-ID-0592,,DTP1,2026-04-16,F-02
E-ID-02130,C-ID-0592,,DTP2,2026-05-22,F-02
E-ID-02131,C-ID-0593,,BCG,2026-05-14,F-01
E-ID-02132,C-ID-0593,,DTP1,2026-06-17,F-01
E-ID-02133,C-ID-0593,,DTP2,2026-07-21,F-01
E-ID-02134,C-ID-0594,,BCG,2025-10-15,F-01
E-ID-02135,C-ID-0594,,DTP1,2025-11-11,F-01
E-ID-02136,C-ID-0594,,DTP2,2025-12-02,F-01
E-ID-02137,C-ID-0594,,DTP3,2026-01-27,F-01
E-ID-02138,C-ID-0594,,MCV1,2026-06-28,F-01
E-ID-02139,C-ID-0595,,BCG,2024-02-25,F-01
E-ID-02140,C-ID-0595,,DTP1,2024-04-18,F-01
E-ID-02141,C-ID-0595,,DTP2,2024-04-25,F-01
E-ID-02142,C-ID-0595,,DTP3,2024-06-02,F-01
E-ID-02143,C-ID-0595,,MCV1,2024-11-27,F-01
E-ID-02144,C-ID-0595,,MCV2,2025-08-11,F-01
E-ID-02145,C-ID-0596,,BCG,2024-11-01,F-02
E-ID-02146,C-ID-0596,,DTP1,2024-11-22,F-02
E-ID-02147,C-ID-0596,,DTP2,2025-01-10,F-02
E-ID-02148,C-ID-0596,,DTP3,2025-02-10,F-02
E-ID-02149,,Muhammad Kamara,MCV1,2025-07-19,F-02
E-ID-02150,C-ID-0597,,BCG,2025-08-22,F-02
E-ID-02151,C-ID-0597,,DTP1,2025-10-07,F-02
E-ID-02152,C-ID-0597,,DTP2,2025-10-28,F-02
E-ID-02153,C-ID-0597,,DTP3,2025-12-11,F-02
E-ID-02154,C-ID-0597,,MCV1,2026-05-20,F-02
E-ID-02155,C-ID-0598,,BCG,2024-09-10,F-01
E-ID-02156,C-ID-0598,,DTP1,2024-10-28,F-01
E-ID-02157,C-ID-0598,,DTP2,2024-11-15,F-01
E-ID-02158,C-ID-0599,,DTP3,2024-12-02,F-05
E-ID-02159,C-ID-0599,,MCV1,2025-06-09,F-05
E-ID-02163,C-ID-0601,,BCG,2024-09-16,F-04
E-ID-02164,C-ID-0601,,DTP1,2024-11-01,F-04
E-ID-02165,C-ID-0601,,DTP2,2024-11-29,F-04
E-ID-02166,C-ID-0601,,DTP3,2024-12-21,F-04
E-ID-02167,C-ID-0601,,MCV1,2025-06-22,F-04
E-ID-02168,C-ID-0601,,MCV2,2026-03-04,F-04
E-ID-02169,C-ID-0602,,BCG,2026-08-04,F-02
E-ID-02170,C-ID-0603,,BCG,2025-08-03,F-04
E-ID-02171,,Muhammad Ali,DTP1,2025-09-15,F-04
E-ID-02172,C-ID-0603,,DTP3,2025-11-03,F-04
E-ID-02173,C-ID-0603,,MCV1,2026-04-15,F-04
E-ID-02181,C-ID-0606,,BCG,2025-08-16,F-04
E-ID-02182,C-ID-0606,,DTP1,2025-09-16,F-04
E-ID-02183,C-ID-0606,,DTP3,2025-11-18,F-04
E-ID-02184,C-ID-0606,,MCV1,2026-05-24,F-04
E-ID-02185,C-ID-0607,,BCG,2023-12-03,F-01
E-ID-02186,C-ID-0607,,DTP2,2024-01-12,F-01
E-ID-02187,C-ID-0607,,DTP3,2024-02-19,F-01
E-ID-02188,C-ID-0607,,MCV1,2024-08-19,F-01
E-ID-02189,C-ID-0607,,MCV2,2025-05-25,F-01
E-ID-02190,C-ID-0608,,BCG,2025-08-10,F-01
E-ID-02191,C-ID-0608,,DTP1,2025-09-15,F-01
E-ID-02192,,Muhammad Ali,DTP2,2025-10-20,F-01
E-ID-02193,C-ID-0608,,DTP3,2025-11-04,F-01
E-ID-02194,C-ID-0608,,MCV1,2026-05-07,F-01
E-ID-02199,C-ID-0610,,BCG,2023-11-11,F-02
E-ID-02200,C-ID-0610,,DTP1,2023-12-04,F-02
E-ID-02201,C-ID-0610,,DTP3,2024-02-15,F-02
E-ID-02202,,Kofi Mensah,BCG,2026-05-12,F-04
E-ID-02203,C-ID-0611,,DTP1,2026-06-24,F-04
E-ID-02204,C-ID-0611,,DTP2,2026-07-04,F-04
E-ID-02205,C-ID-0611,,DTP3,2026-07-28,F-04
E-ID-02206,C-ID-0612,,BCG,2025-08-08,F-01
E-ID-02207,C-ID-0612,,DTP1,2025-08-26,F-01
E-ID-02208,C-ID-0612,,DTP2,2025-09-26,F-01
E-ID-02209,C-ID-0612,,DTP3,2025-10-15,F-01
E-ID-02210,C-ID-0612,,MCV1,2026-04-19,F-01
E-ID-02211,C-ID-0613,,BCG,2024-03-04,F-01
E-ID-02212,C-ID-0613,,DTP1,2024-03-31,F-01
E-ID-02213,C-ID-0613,,DTP2,2024-05-05,F-01
E-ID-02214,C-ID-0613,,DTP3,2024-05-22,F-01
E-ID-02215,C-ID-0614,,BCG,2025-07-06,F-01
E-ID-02216,,Moussa Mensah,DTP1,2025-08-01,F-01
E-ID-02217,C-ID-0614,,DTP2,2025-08-17,F-01
E-ID-02218,,Moussa Mensah,DTP3,2025-09-13,F-01
E-ID-02219,C-ID-0614,,MCV1,2026-03-16,F-01
E-ID-02220,C-ID-0615,,BCG,2025-12-15,F-04
E-ID-02221,C-ID-0615,,DTP2,2026-02-20,F-04
E-ID-02222,C-ID-0616,,BCG,2025-06-09,F-04
E-ID-02223,C-ID-0616,,DTP1,2025-07-18,F-04
E-ID-02226,C-ID-0618,,BCG,2025-02-13,F-04
E-ID-02227,C-ID-0618,,DTP1,2025-03-27,F-04
E-ID-02228,,Mariam Kamara,DTP2,2025-03-30,F-04
E-ID-02229,C-ID-0618,,DTP3,2025-05-18,F-04
E-ID-02230,,Muhammad Kamara,BCG,2024-01-02,F-01
E-ID-02231,C-ID-0619,,DTP1,2024-01-22,F-01
E-ID-02232,C-ID-0619,,MCV1,2024-09-27,F-01
E-ID-02233,C-ID-0619,,MCV2,2025-06-04,F-01
E-ID-02234,C-ID-0620,,BCG,2026-02-22,F-01
E-ID-02235,C-ID-0620,,DTP1,2026-04-12,F-01
E-ID-02236,C-ID-0620,,DTP2,2026-04-26,F-01
E-ID-02237,C-ID-0620,,DTP3,2026-05-12,F-01
E-ID-02238,C-ID-0621,,BCG,2026-01-22,F-04
E-ID-02239,C-ID-0621,,DTP1,2026-03-10,F-04
E-ID-02240,C-ID-0621,,DTP2,2026-04-03,F-04
E-ID-02241,C-ID-0621,,DTP3,2026-04-15,F-04
E-ID-02247,C-ID-0623,,BCG,2023-11-27,F-01
E-ID-02248,C-ID-0623,,DTP1,2024-01-26,F-01
E-ID-02249,C-ID-0623,,DTP2,2024-02-06,F-01
E-ID-02250,C-ID-0623,,DTP3,2024-03-03,F-01
E-ID-02251,C-ID-0623,,MCV2,2025-05-30,F-01
E-ID-02252,C-ID-0624,,BCG,2024-09-16,F-04
E-ID-02253,C-ID-0624,,DTP1,2024-10-14,F-04
E-ID-02254,C-ID-0624,,DTP2,2024-11-27,F-04
E-ID-02255,C-ID-0624,,DTP3,2024-12-04,F-04
E-ID-02256,C-ID-0624,,MCV1,2025-06-17,F-04
E-ID-02257,C-ID-0624,,MCV2,2026-03-07,F-04
E-ID-02258,C-ID-0625,,BCG,2026-04-15,F-02
E-ID-02259,C-ID-0625,,DTP1,2026-05-08,F-02
E-ID-02260,C-ID-0625,,DTP2,2026-05-27,F-02
E-ID-02261,C-ID-0625,,DTP3,2026-07-17,F-02
E-ID-02262,C-ID-0626,,BCG,2024-02-17,F-01
E-ID-02263,C-ID-0626,,DTP2,2024-04-18,F-01
E-ID-02264,C-ID-0627,,BCG,2024-08-08,F-04
E-ID-02265,,Fatoumata Kamara,DTP1,2024-09-13,F-04
E-ID-02266,C-ID-0627,,DTP2,2024-10-29,F-04
E-ID-02267,C-ID-0627,,DTP3,2024-11-02,F-04
E-ID-02268,C-ID-0627,,MCV2,2026-01-28,F-04
E-ID-02269,C-ID-0628,,BCG,2023-10-24,F-04
E-ID-02270,C-ID-0628,,DTP1,2023-12-06,F-04
E-ID-02271,C-ID-0628,,DTP2,2024-01-10,F-04
E-ID-02272,C-ID-0628,,DTP3,2024-02-02,F-04
E-ID-02273,C-ID-0628,,MCV1,2024-08-12,F-04
E-ID-02277,C-ID-0630,,BCG,2026-07-01,F-04
E-ID-02278,C-ID-0630,,DTP1,2026-08-09,F-04
E-ID-02279,C-ID-0630,,DTP2,2026-08-19,F-04
E-ID-02280,C-ID-0631,,BCG,2024-06-14,F-02
E-ID-02281,C-ID-0631,,DTP1,2024-07-26,F-02
E-ID-02282,C-ID-0631,,DTP2,2024-09-10,F-02
E-ID-02283,C-ID-0632,,DTP3,2024-09-10,F-05
E-ID-02284,C-ID-0632,,MCV1,2025-03-29,F-05
E-ID-02285,C-ID-0632,,MCV2,2025-12-17,F-05
E-ID-02286,C-ID-0633,,BCG,2026-03-17,F-02
E-ID-02287,C-ID-0633,,DTP2,2026-06-10,F-02
E-ID-02288,C-ID-0633,,DTP3,2026-06-27,F-02
E-ID-02294,C-ID-0635,,BCG,2026-05-24,F-01
E-ID-02295,C-ID-0635,,DTP1,2026-07-02,F-01
E-ID-02297,C-ID-0637,,BCG,2026-01-21,F-04
E-ID-02298,C-ID-0637,,DTP1,2026-03-01,F-04
E-ID-02299,C-ID-0638,,DTP2,2026-04-15,F-01
E-ID-02300,C-ID-0638,,DTP3,2026-05-03,F-01
E-ID-02301,C-ID-0639,,BCG,2025-09-03,F-01
E-ID-02302,C-ID-0639,,DTP1,2025-09-26,F-01
E-ID-02303,C-ID-0639,,DTP2,2025-10-16,F-01
E-ID-02304,C-ID-0639,,DTP3,2025-11-14,F-01
E-ID-02305,C-ID-0639,,MCV1,2026-05-17,F-01
E-ID-02311,C-ID-0641,,BCG,2023-10-29,F-01
E-ID-02312,C-ID-0641,,DTP1,2023-12-14,F-01
E-ID-02313,C-ID-0641,,DTP2,2024-01-10,F-01
E-ID-02314,C-ID-0641,,DTP3,2024-01-14,F-01
E-ID-02315,C-ID-0641,,MCV1,2024-07-17,F-01
E-ID-02316,C-ID-0642,,BCG,2024-10-17,F-02
E-ID-02317,C-ID-0642,,DTP1,2024-12-07,F-02
E-ID-02318,C-ID-0642,,DTP2,2025-01-19,F-02
E-ID-02319,C-ID-0642,,DTP3,2025-01-25,F-02
E-ID-02320,C-ID-0642,,MCV2,2026-04-12,F-02
E-ID-02321,C-ID-0643,,BCG,2025-06-11,F-04
E-ID-02322,C-ID-0643,,DTP1,2025-07-20,F-04
E-ID-02323,C-ID-0643,,DTP2,2025-08-27,F-04
E-ID-02324,C-ID-0643,,MCV1,2026-03-01,F-04
E-ID-02325,C-ID-0644,,BCG,2024-06-01,F-02
E-ID-02326,C-ID-0644,,DTP1,2024-07-01,F-02
E-ID-02327,C-ID-0644,,DTP2,2024-08-17,F-02
E-ID-02328,C-ID-0644,,DTP3,2024-08-30,F-02
E-ID-02329,C-ID-0644,,MCV1,2025-03-08,F-02
E-ID-02330,C-ID-0644,,MCV2,2025-11-26,F-02
E-ID-02331,C-ID-0645,,BCG,2025-11-30,F-01
E-ID-02332,C-ID-0645,,DTP1,2026-01-08,F-01
E-ID-02333,C-ID-0645,,DTP2,2026-01-19,F-01
E-ID-02334,,Elizabeth Kamara,DTP3,2026-02-25,F-01
E-ID-02335,C-ID-0645,,MCV1,2026-08-24,F-01
E-ID-02336,C-ID-0646,,BCG,2025-01-22,F-04
E-ID-02337,C-ID-0646,,DTP1,2025-03-30,F-04
E-ID-02338,C-ID-0646,,DTP2,2025-04-16,F-04
E-ID-02339,C-ID-0646,,DTP3,2025-05-06,F-04
E-ID-02340,C-ID-0646,,MCV1,2025-11-08,F-04
E-ID-02341,C-ID-0646,,MCV2,2026-07-17,F-04
E-ID-02355,C-ID-0650,,BCG,2024-07-01,F-02
E-ID-02356,C-ID-0650,,DTP1,2024-07-28,F-02
E-ID-02357,C-ID-0650,,DTP3,2024-10-13,F-02
E-ID-02358,C-ID-0650,,MCV1,2025-03-22,F-02
E-ID-02359,C-ID-0651,,BCG,2025-12-17,F-01
E-ID-02360,C-ID-0651,,DTP1,2026-01-24,F-01
E-ID-02361,C-ID-0651,,DTP2,2026-03-06,F-01
E-ID-02362,C-ID-0651,,DTP3,2026-03-17,F-01
E-ID-02363,C-ID-0652,,BCG,2026-05-18,F-04
E-ID-02364,C-ID-0652,,DTP1,2026-06-30,F-04
E-ID-02365,C-ID-0652,,DTP2,2026-08-07,F-04
E-ID-02369,C-ID-0654,,BCG,2023-10-17,F-04
E-ID-02370,C-ID-0654,,DTP2,2023-12-18,F-04
E-ID-02371,C-ID-0654,,DTP3,2024-02-03,F-04
E-ID-02372,C-ID-0654,,MCV1,2024-07-21,F-04
E-ID-02373,C-ID-0654,,MCV2,2025-04-29,F-04
E-ID-02374,C-ID-0655,,BCG,2024-10-03,F-01
E-ID-02375,C-ID-0655,,DTP1,2024-11-21,F-01
E-ID-02376,C-ID-0655,,DTP2,2024-12-20,F-01
E-ID-02377,C-ID-0655,,DTP3,2025-01-19,F-01
E-ID-02378,C-ID-0655,,MCV1,2025-06-18,F-01
E-ID-02379,C-ID-0655,,MCV2,2026-03-29,F-01
E-ID-02384,C-ID-0657,,BCG,2025-07-07,F-01
E-ID-02385,C-ID-0657,,DTP1,2025-08-12,F-01
E-ID-02386,C-ID-0658,,DTP2,2025-09-07,F-05
E-ID-02387,C-ID-0658,,MCV1,2026-04-16,F-05
E-ID-02388,C-ID-0659,,BCG,2025-04-17,F-04
E-ID-02389,C-ID-0659,,DTP1,2025-05-25,F-04
E-ID-02390,C-ID-0659,,DTP2,2025-06-26,F-04
E-ID-02391,C-ID-0659,,DTP3,2025-07-06,F-04
E-ID-02392,C-ID-0659,,MCV1,2025-12-29,F-04
E-ID-02397,C-ID-0661,,BCG,2026-07-09,F-01
E-ID-02398,C-ID-0661,,DTP1,2026-08-11,F-01
E-ID-02399,,Elizabeth Osei,BCG,2026-06-03,F-01
E-ID-02400,C-ID-0662,,DTP1,2026-07-17,F-01
E-ID-02401,C-ID-0662,,DTP3,2026-08-31,F-01
E-ID-02402,,Fatoumata Mensah,BCG,2026-04-19,F-04
E-ID-02403,C-ID-0663,,DTP3,2026-08-10,F-04
E-ID-02404,C-ID-0664,,BCG,2024-12-09,F-02
E-ID-02405,C-ID-0664,,DTP1,2025-01-03,F-02
E-ID-02406,C-ID-0664,,DTP2,2025-02-16,F-02
E-ID-02407,C-ID-0664,,DTP3,2025-03-15,F-02
E-ID-02408,C-ID-0664,,MCV1,2025-09-03,F-02
E-ID-02409,,Amina Keita,MCV2,2026-05-30,F-02
E-ID-02410,C-ID-0665,,BCG,2025-06-18,F-01
E-ID-02411,C-ID-0665,,DTP1,2025-08-10,F-01
E-ID-02412,C-ID-0665,,DTP2,2025-08-30,F-01
E-ID-02413,C-ID-0665,,MCV1,2026-03-25,F-01
E-ID-02414,C-ID-0666,,BCG,2025-11-05,F-04
E-ID-02415,C-ID-0666,,DTP1,2025-12-30,F-04
E-ID-02416,C-ID-0666,,DTP3,2026-02-06,F-04
E-ID-02417,C-ID-0666,,MCV1,2026-08-07,F-04
E-ID-02418,C-ID-0667,,BCG,2025-01-17,F-01
E-ID-02419,C-ID-0667,,DTP1,2025-03-07,F-01
E-ID-02420,C-ID-0667,,DTP2,2025-04-12,F-01
E-ID-02421,C-ID-0667,,DTP3,2025-04-10,F-01
E-ID-02422,C-ID-0667,,MCV1,2025-10-08,F-01
E-ID-02423,C-ID-0667,,MCV2,2026-07-22,F-01
E-ID-02424,C-ID-0668,,BCG,2026-03-24,F-04
E-ID-02425,C-ID-0668,,DTP1,2026-05-17,F-04
E-ID-02426,C-ID-0668,,DTP2,2026-06-28,F-04
E-ID-02427,C-ID-0668,,DTP3,2026-07-20,F-04
E-ID-02432,C-ID-0670,,BCG,2026-02-14,F-02
E-ID-02433,C-ID-0670,,DTP1,2026-03-27,F-02
E-ID-02434,C-ID-0670,,DTP2,2026-04-21,F-02
E-ID-02435,C-ID-0670,,DTP3,2026-06-04,F-02
E-ID-02436,C-ID-0671,,DTP1,2025-05-03,F-02
E-ID-02437,C-ID-0671,,DTP2,2025-06-26,F-02
E-ID-02438,C-ID-0671,,DTP3,2025-07-21,F-02
E-ID-02439,C-ID-0671,,MCV1,2025-12-20,F-02
E-ID-02440,C-ID-0672,,BCG,2024-09-02,F-04
E-ID-02441,C-ID-0672,,DTP1,2024-10-20,F-04
E-ID-02442,C-ID-0672,,DTP3,2024-12-31,F-04
E-ID-02443,C-ID-0672,,MCV1,2025-06-03,F-04
E-ID-02444,C-ID-0672,,MCV2,2026-03-17,F-04
E-ID-02445,C-ID-0673,,BCG,2026-04-17,F-04
E-ID-02446,C-ID-0673,,DTP1,2026-06-13,F-04
E-ID-02447,C-ID-0673,,DTP2,2026-06-25,F-04
E-ID-02448,C-ID-0674,,BCG,2025-10-07,F-01
E-ID-02449,C-ID-0674,,DTP1,2025-11-25,F-01
E-ID-02450,C-ID-0674,,DTP2,2025-12-15,F-01
E-ID-02451,C-ID-0674,,DTP3,2026-01-18,F-01
E-ID-02452,C-ID-0674,,MCV1,2026-06-30,F-01
E-ID-02453,C-ID-0675,,BCG,2025-05-04,F-01
E-ID-02454,C-ID-0675,,DTP1,2025-06-27,F-01
E-ID-02455,,David Smith,DTP2,2025-07-10,F-01
E-ID-02456,C-ID-0675,,DTP3,2025-08-10,F-01
E-ID-02457,C-ID-0675,,MCV1,2026-02-07,F-01
E-ID-02461,C-ID-0677,,MCV1,2025-07-09,F-01
E-ID-02462,C-ID-0677,,MCV2,2026-04-10,F-01
E-ID-02463,C-ID-0678,,BCG,2025-07-03,F-02
E-ID-02464,C-ID-0678,,DTP1,2025-08-11,F-02
E-ID-02465,C-ID-0678,,DTP3,2025-10-21,F-02
E-ID-02466,C-ID-0678,,MCV1,2026-03-26,F-02
E-ID-02467,C-ID-0679,,DTP1,2025-11-11,F-04
E-ID-02468,C-ID-0679,,DTP3,2025-12-31,F-04
E-ID-02471,C-ID-0681,,DTP1,2025-12-08,F-01
E-ID-02472,C-ID-0681,,DTP2,2025-12-12,F-01
E-ID-02473,C-ID-0681,,MCV1,2026-06-26,F-01
E-ID-02474,C-ID-0682,,BCG,2025-02-11,F-02
E-ID-02475,C-ID-0682,,DTP1,2025-04-04,F-02
E-ID-02480,C-ID-0685,,BCG,2023-12-25,F-04
E-ID-02481,C-ID-0685,,DTP1,2024-02-25,F-04
E-ID-02482,C-ID-0685,,DTP2,2024-03-10,F-04
E-ID-02483,C-ID-0685,,MCV1,2024-09-20,F-04
E-ID-02484,C-ID-0685,,MCV2,2025-06-18,F-04
E-ID-02485,C-ID-0686,,BCG,2025-09-26,F-02
E-ID-02486,C-ID-0686,,DTP1,2025-11-12,F-02
E-ID-02487,C-ID-0686,,DTP2,2025-11-24,F-02
E-ID-02488,C-ID-0686,,DTP3,2025-12-12,F-02
E-ID-02489,C-ID-0686,,MCV1,2026-06-30,F-02
E-ID-02490,C-ID-0687,,BCG,2025-06-01,F-01
E-ID-02491,C-ID-0687,,DTP3,2025-08-26,F-01
E-ID-02492,C-ID-0687,,MCV1,2026-02-25,F-01
E-ID-02493,C-ID-0688,,BCG,2023-11-13,F-02
E-ID-02494,C-ID-0688,,DTP1,2023-12-30,F-02
E-ID-02495,C-ID-0688,,DTP3,2024-02-15,F-02
E-ID-02496,C-ID-0688,,MCV1,2024-08-18,F-02
E-ID-02497,C-ID-0688,,MCV2,2025-05-13,F-02
E-ID-02498,C-ID-0689,,BCG,2024-07-06,F-01
E-ID-02499,,John Smith,DTP1,2024-08-26,F-01
E-ID-02500,C-ID-0689,,DTP2,2024-09-16,F-01
E-ID-02501,C-ID-0689,,DTP3,2024-10-09,F-01
E-ID-02502,,John Smith,MCV1,2025-04-12,F-01
E-ID-02503,C-ID-0689,,MCV2,2025-12-20,F-01
E-ID-02513,C-ID-0692,,BCG,2025-01-07,F-02
E-ID-02514,C-ID-0692,,DTP1,2025-03-02,F-02
E-ID-02515,C-ID-0692,,DTP2,2025-03-31,F-02
E-ID-02516,C-ID-0692,,MCV1,2025-10-11,F-02
E-ID-02517,C-ID-0692,,MCV2,2026-07-20,F-02
E-ID-02518,C-ID-0693,,BCG,2025-11-17,F-01
E-ID-02519,C-ID-0693,,DTP1,2025-12-13,F-01
E-ID-02520,C-ID-0693,,DTP2,2026-01-01,F-01
E-ID-02521,C-ID-0693,,DTP3,2026-02-23,F-01
E-ID-02522,C-ID-0694,,BCG,2025-08-29,F-04
E-ID-02523,,Sarah Ali,DTP1,2025-09-15,F-04
E-ID-02524,C-ID-0694,,DTP2,2025-10-17,F-04
E-ID-02525,C-ID-0694,,DTP3,2025-11-29,F-04
E-ID-02526,C-ID-0694,,MCV1,2026-05-25,F-04
E-ID-02527,C-ID-0695,,BCG,2024-02-08,F-04
E-ID-02528,C-ID-0695,,DTP1,2024-03-26,F-04
E-ID-02529,C-ID-0696,,DTP2,2024-05-02,F-05
E-ID-02530,C-ID-0696,,DTP3,2024-05-23,F-05
E-ID-02531,C-ID-0697,,BCG,2024-10-19,F-01
E-ID-02532,C-ID-0697,,DTP1,2024-12-01,F-01
E-ID-02533,C-ID-0697,,DTP2,2024-12-24,F-01
E-ID-02534,C-ID-0698,,DTP3,2025-02-07,F-05
E-ID-02535,C-ID-0698,,MCV1,2025-08-07,F-05
E-ID-02536,C-ID-0698,,MCV2,2026-05-03,F-05
E-ID-02537,C-ID-0699,,BCG,2024-02-09,F-04
E-ID-02538,C-ID-0699,,DTP1,2024-03-26,F-04
E-ID-02539,C-ID-0699,,DTP2,2024-04-22,F-04
E-ID-02540,,David Mensah,DTP3,2024-05-27,F-04
E-ID-02541,C-ID-0700,,BCG,2024-07-18,F-01
E-ID-02542,C-ID-0700,,DTP1,2024-08-23,F-01
E-ID-02543,C-ID-0700,,DTP2,2024-09-17,F-01
E-ID-02544,C-ID-0700,,DTP3,2024-10-05,F-01
E-ID-02545,C-ID-0701,,BCG,2025-10-01,F-01
E-ID-02546,C-ID-0701,,DTP1,2025-11-16,F-01
E-ID-02547,C-ID-0701,,DTP2,2025-12-01,F-01
E-ID-02548,C-ID-0701,,DTP3,2026-01-14,F-01
E-ID-02549,C-ID-0701,,MCV1,2026-07-02,F-01
E-ID-02550,C-ID-0702,,DTP1,2024-04-13,F-04
E-ID-02551,C-ID-0703,,MCV1,2024-11-27,F-01
E-ID-02552,C-ID-0704,,BCG,2025-03-13,F-02
E-ID-02553,C-ID-0704,,DTP1,2025-04-28,F-02
E-ID-02554,C-ID-0704,,DTP2,2025-06-08,F-02
E-ID-02555,C-ID-0704,,DTP3,2025-07-09,F-02
E-ID-02556,C-ID-0704,,MCV1,2025-12-02,F-02
E-ID-02557,C-ID-0705,,BCG,2023-11-08,F-02
E-ID-02558,C-ID-0705,,DTP1,2023-12-28,F-02
E-ID-02559,C-ID-0705,,DTP2,2024-01-14,F-02
E-ID-02560,C-ID-0705,,DTP3,2024-02-11,F-02
E-ID-02561,C-ID-0705,,MCV1,2024-08-23,F-02
E-ID-02565,C-ID-0707,,BCG,2025-06-09,F-01
E-ID-02566,C-ID-0707,,DTP3,2025-10-11,F-01
E-ID-02567,C-ID-0707,,MCV1,2026-03-17,F-01
E-ID-02568,C-ID-0708,,BCG,2026-06-16,F-02
E-ID-02569,C-ID-0709,,DTP1,2026-08-05,F-05
E-ID-02574,C-ID-0711,,DTP1,2025-10-02,F-02
E-ID-02575,C-ID-0711,,DTP2,2025-11-01,F-02
E-ID-02576,C-ID-0711,,MCV1,2026-05-30,F-02
E-ID-02579,C-ID-0713,,MCV1,2025-07-18,F-04
E-ID-02580,C-ID-0714,,BCG,2025-01-15,F-01
E-ID-02581,C-ID-0714,,DTP2,2025-03-07,F-01
E-ID-02582,C-ID-0714,,DTP3,2025-04-15,F-01
E-ID-02583,C-ID-0715,,MCV1,2025-10-02,F-02
E-ID-02584,C-ID-0715,,MCV2,2026-06-22,F-02
E-ID-02585,C-ID-0716,,BCG,2025-06-12,F-02
E-ID-02586,C-ID-0716,,DTP1,2025-07-15,F-02
E-ID-02587,C-ID-0716,,DTP2,2025-08-28,F-02
E-ID-02588,C-ID-0716,,DTP3,2025-09-12,F-02
E-ID-02589,C-ID-0716,,MCV1,2026-03-19,F-02
E-ID-02590,C-ID-0717,,BCG,2023-12-12,F-01
E-ID-02591,C-ID-0717,,DTP1,2024-01-27,F-01
E-ID-02592,C-ID-0717,,DTP2,2024-02-21,F-01
E-ID-02593,C-ID-0717,,DTP3,2024-03-01,F-01
E-ID-02594,C-ID-0717,,MCV1,2024-09-09,F-01
E-ID-02595,,Aisha Toure,BCG,2025-03-02,F-04
E-ID-02596,C-ID-0718,,DTP2,2025-05-28,F-04
E-ID-02597,C-ID-0718,,MCV1,2025-12-02,F-04
E-ID-02598,C-ID-0718,,MCV2,2026-08-20,F-04
E-ID-02599,C-ID-0719,,BCG,2023-11-17,F-04
E-ID-02600,C-ID-0719,,DTP2,2024-01-12,F-04
E-ID-02601,C-ID-0719,,DTP3,2024-02-03,F-04
E-ID-02602,C-ID-0719,,MCV1,2024-08-13,F-04
E-ID-02603,C-ID-0720,,BCG,2025-04-29,F-04
E-ID-02604,C-ID-0720,,DTP1,2025-06-25,F-04
E-ID-02605,C-ID-0720,,DTP2,2025-07-22,F-04
E-ID-02606,C-ID-0720,,DTP3,2025-08-06,F-04
E-ID-02607,C-ID-0720,,MCV1,2026-02-01,F-04
E-ID-02608,,Muhammad Johnson,BCG,2025-07-03,F-01
E-ID-02609,C-ID-0721,,DTP1,2025-08-12,F-01
E-ID-02610,C-ID-0721,,DTP2,2025-09-14,F-01
E-ID-02611,C-ID-0721,,DTP3,2025-09-30,F-01
E-ID-02612,C-ID-0721,,MCV1,2026-03-26,F-01
E-ID-02613,,Kofi Keita,BCG,2025-06-10,F-01
E-ID-02614,C-ID-0722,,DTP1,2025-07-13,F-01
E-ID-02615,C-ID-0722,,DTP2,2025-08-22,F-01
E-ID-02616,C-ID-0722,,DTP3,2025-09-19,F-01
E-ID-02617,C-ID-0722,,MCV1,2026-03-08,F-01
E-ID-02618,C-ID-0723,,BCG,2024-12-04,F-02
E-ID-02619,C-ID-0723,,DTP3,2025-03-27,F-02
E-ID-02620,C-ID-0723,,MCV2,2026-06-09,F-02
E-ID-02621,C-ID-0724,,BCG,2024-06-08,F-04
E-ID-02622,C-ID-0724,,DTP1,2024-07-17,F-04
E-ID-02623,C-ID-0725,,DTP2,2024-08-21,F-02
E-ID-02624,C-ID-0725,,MCV2,2025-11-11,F-02
E-ID-02625,C-ID-0726,,DTP1,2024-01-28,F-01
E-ID-02626,C-ID-0726,,DTP2,2024-03-06,F-01
E-ID-02627,C-ID-0726,,DTP3,2024-04-01,F-01
E-ID-02628,C-ID-0726,,MCV1,2024-09-17,F-01
E-ID-02629,C-ID-0726,,MCV2,2025-06-11,F-01
E-ID-02630,C-ID-0727,,BCG,2024-10-17,F-01
E-ID-02631,C-ID-0727,,DTP1,2024-11-27,F-01
E-ID-02632,C-ID-0727,,DTP2,2024-12-28,F-01
E-ID-02633,C-ID-0727,,DTP3,2025-01-20,F-01
E-ID-02634,C-ID-0727,,MCV1,2025-07-10,F-01
E-ID-02635,C-ID-0727,,MCV2,2026-04-11,F-01
E-ID-02636,C-ID-0728,,BCG,2024-11-17,F-01
E-ID-02637,C-ID-0728,,DTP1,2024-12-30,F-01
E-ID-02638,C-ID-0728,,DTP3,2025-03-05,F-01
E-ID-02639,C-ID-0728,,MCV1,2025-07-26,F-01
E-ID-02640,C-ID-0729,,BCG,2026-04-02,F-01
E-ID-02641,,Samuel Keita,DTP1,2026-05-26,F-01
E-ID-02642,C-ID-0729,,DTP2,2026-07-02,F-01
E-ID-02643,C-ID-0729,,DTP3,2026-07-14,F-01
E-ID-02644,C-ID-0730,,BCG,2024-06-11,F-01
E-ID-02645,C-ID-0730,,DTP1,2024-08-01,F-01
E-ID-02646,C-ID-0730,,DTP2,2024-09-03,F-01
E-ID-02647,C-ID-0730,,DTP3,2024-09-23,F-01
E-ID-02648,C-ID-0730,,MCV1,2025-03-14,F-01
E-ID-02649,C-ID-0731,,BCG,2024-05-06,F-01
E-ID-02650,C-ID-0731,,DTP1,2024-06-18,F-01
E-ID-02651,C-ID-0731,,DTP2,2024-07-05,F-01
E-ID-02652,C-ID-0731,,MCV1,2025-01-25,F-01
E-ID-02653,C-ID-0731,,MCV2,2025-10-28,F-01
E-ID-02659,C-ID-0733,,BCG,2023-10-12,F-01
E-ID-02660,C-ID-0733,,DTP1,2023-12-08,F-01
E-ID-02661,C-ID-0733,,DTP2,2023-12-24,F-01
E-ID-02662,C-ID-0734,,DTP1,2024-12-24,F-02
E-ID-02663,C-ID-0734,,DTP2,2025-01-27,F-02
E-ID-02664,C-ID-0735,,MCV1,2025-08-23,F-04
E-ID-02665,C-ID-0735,,MCV2,2026-05-20,F-04
E-ID-02666,C-ID-0736,,BCG,2026-06-06,F-04
E-ID-02667,C-ID-0736,,DTP1,2026-07-07,F-04
E-ID-02668,C-ID-0736,,DTP2,2026-08-04,F-04
E-ID-02669,C-ID-0737,,BCG,2026-02-22,F-04
E-ID-02670,C-ID-0737,,DTP2,2026-04-30,F-04
E-ID-02671,C-ID-0737,,DTP3,2026-05-30,F-04
E-ID-02672,C-ID-0738,,BCG,2024-11-18,F-01
E-ID-02673,C-ID-0738,,DTP1,2025-01-16,F-01
E-ID-02674,C-ID-0738,,DTP2,2025-02-11,F-01
E-ID-02675,C-ID-0738,,MCV1,2025-08-20,F-01
E-ID-02681,C-ID-0740,,DTP1,2025-11-06,F-04
E-ID-02682,C-ID-0740,,DTP2,2025-12-22,F-04
E-ID-02683,C-ID-0740,,DTP3,2025-12-25,F-04
E-ID-02684,C-ID-0740,,MCV1,2026-07-15,F-04
E-ID-02685,C-ID-0741,,BCG,2024-11-12,F-01
E-ID-02686,C-ID-0741,,DTP1,2024-12-18,F-01
E-ID-02687,C-ID-0741,,DTP2,2025-01-18,F-01
E-ID-02688,C-ID-0741,,MCV1,2025-07-25,F-01
E-ID-02689,C-ID-0742,,BCG,2026-04-04,F-04
E-ID-02690,C-ID-0742,,DTP1,2026-05-23,F-04
E-ID-02691,C-ID-0742,,DTP3,2026-07-12,F-04
E-ID-02692,C-ID-0743,,BCG,2023-12-28,F-04
E-ID-02693,C-ID-0743,,DTP1,2024-02-04,F-04
E-ID-02694,C-ID-0743,,DTP2,2024-03-06,F-04
E-ID-02695,C-ID-0743,,MCV2,2025-06-19,F-04
E-ID-02696,,David Smith,BCG,2025-08-28,F-01
E-ID-02697,C-ID-0744,,DTP1,2025-10-13,F-01
E-ID-02698,C-ID-0744,,DTP3,2025-12-06,F-01
E-ID-02699,C-ID-0744,,MCV1,2026-05-06,F-01
E-ID-02705,C-ID-0746,,BCG,2026-02-18,F-04
E-ID-02706,C-ID-0746,,DTP3,2026-05-14,F-04
E-ID-02707,C-ID-0747,,BCG,2025-05-07,F-01
E-ID-02708,C-ID-0747,,DTP1,2025-06-30,F-01
E-ID-02709,C-ID-0747,,DTP2,2025-07-27,F-01
E-ID-02710,C-ID-0747,,DTP3,2025-08-16,F-01
E-ID-02711,C-ID-0747,,MCV1,2026-02-13,F-01
E-ID-02716,C-ID-0749,,BCG,2024-09-17,F-02
E-ID-02717,C-ID-0749,,DTP2,2024-11-14,F-02
E-ID-02718,C-ID-0749,,DTP3,2024-12-15,F-02
E-ID-02719,C-ID-0749,,MCV1,2025-05-18,F-02
E-ID-02720,C-ID-0750,,BCG,2025-12-04,F-02
E-ID-02721,C-ID-0750,,DTP1,2026-01-22,F-02
E-ID-02722,C-ID-0750,,DTP2,2026-02-07,F-02
E-ID-02723,C-ID-0750,,DTP3,2026-03-22,F-02
E-ID-02724,C-ID-0751,,DTP1,2025-01-24,F-01
E-ID-02725,C-ID-0751,,DTP3,2025-03-31,F-01
E-ID-02726,C-ID-0751,,MCV1,2025-09-11,F-01
E-ID-02727,C-ID-0751,,MCV2,2026-06-13,F-01
E-ID-02728,C-ID-0752,,BCG,2025-09-19,F-01
E-ID-02729,C-ID-0752,,DTP1,2025-10-29,F-01
E-ID-02730,C-ID-0752,,DTP2,2025-12-10,F-01
E-ID-02731,C-ID-0752,,DTP3,2025-12-27,F-01
E-ID-02732,C-ID-0752,,MCV1,2026-06-19,F-01
E-ID-02733,C-ID-0753,,DTP1,2024-04-14,F-01
E-ID-02734,C-ID-0753,,DTP3,2024-07-03,F-01
E-ID-02735,C-ID-0753,,MCV1,2024-11-26,F-01
E-ID-02736,C-ID-0753,,MCV2,2025-08-23,F-01
E-ID-02737,C-ID-0754,,DTP1,2024-01-25,F-05
E-ID-02738,C-ID-0754,,DTP2,2024-02-17,F-05
E-ID-02739,C-ID-0754,,DTP3,2024-03-13,F-05
E-ID-02740,C-ID-0754,,MCV1,2024-09-06,F-05
E-ID-02741,C-ID-0754,,MCV2,2025-05-10,F-05
E-ID-02745,C-ID-0756,,DTP3,2024-05-27,F-04
E-ID-02746,C-ID-0756,,MCV1,2024-11-14,F-04
E-ID-02747,C-ID-0757,,BCG,2024-07-02,F-01
E-ID-02748,,Samuel Mensah,DTP1,2024-08-05,F-01
E-ID-02749,C-ID-0757,,DTP2,2024-08-30,F-01
E-ID-02750,C-ID-0757,,MCV1,2025-04-04,F-01
E-ID-02751,C-ID-0757,,MCV2,2025-12-24,F-01
E-ID-02752,,David Diallo,BCG,2026-08-07,F-04
E-ID-02753,C-ID-0759,,DTP1,2024-03-16,F-02
E-ID-02754,C-ID-0759,,DTP2,2024-04-22,F-02
E-ID-02755,C-ID-0759,,DTP3,2024-06-08,F-02
E-ID-02756,C-ID-0759,,MCV1,2024-11-10,F-02
E-ID-02757,C-ID-0760,,DTP1,2024-04-29,F-04
E-ID-02758,C-ID-0760,,DTP2,2024-05-25,F-04
E-ID-02759,C-ID-0760,,DTP3,2024-06-16,F-04
E-ID-02760,C-ID-0760,,MCV1,2024-12-15,F-04
E-ID-02764,C-ID-0762,,BCG,2025-12-26,F-01
E-ID-02765,,Muhammad Ali,DTP1,2026-03-06,F-01
E-ID-02766,C-ID-0762,,DTP2,2026-04-04,F-01
E-ID-02767,C-ID-0763,,BCG,2024-11-23,F-01
E-ID-02768,C-ID-0763,,DTP1,2024-12-14,F-01
E-ID-02769,C-ID-0763,,DTP2,2025-01-23,F-01
E-ID-02770,C-ID-0763,,DTP3,2025-02-15,F-01
E-ID-02771,C-ID-0763,,MCV1,2025-07-24,F-01
E-ID-02772,C-ID-0763,,MCV2,2026-05-06,F-01
E-ID-02773,,Joy Diallo,BCG,2023-12-28,F-01
E-ID-02774,C-ID-0764,,MCV1,2024-09-15,F-01
E-ID-02779,C-ID-0766,,BCG,2023-11-16,F-02
E-ID-02780,C-ID-0767,,BCG,2024-03-22,F-02
E-ID-02781,C-ID-0767,,DTP1,2024-05-01,F-02
E-ID-02782,C-ID-0767,,DTP2,2024-06-06,F-02
E-ID-02783,C-ID-0767,,MCV1,2025-01-04,F-02
E-ID-02784,C-ID-0767,,MCV2,2025-09-21,F-02
E-ID-02785,,Joy Johnson,BCG,2024-08-30,F-01
E-ID-02786,C-ID-0768,,DTP1,2024-09-30,F-01
E-ID-02787,C-ID-0768,,DTP2,2024-11-11,F-01
E-ID-02788,C-ID-0768,,DTP3,2024-12-15,F-01
E-ID-02789,C-ID-0768,,MCV1,2025-05-18,F-01
E-ID-02790,,Joy Johnson,MCV2,2026-02-02,F-01
E-ID-02791,C-ID-0769,,BCG,2023-10-30,F-01
E-ID-02792,C-ID-0769,,DTP1,2023-12-12,F-01
E-ID-02793,C-ID-0769,,DTP2,2024-01-04,F-01
E-ID-02794,C-ID-0770,,DTP3,2024-02-14,F-02
E-ID-02795,C-ID-0770,,MCV1,2024-08-03,F-02
E-ID-02796,C-ID-0771,,BCG,2023-12-18,F-02
E-ID-02797,C-ID-0771,,DTP1,2024-02-01,F-02
E-ID-02798,C-ID-0771,,DTP2,2024-02-27,F-02
E-ID-02799,C-ID-0771,,DTP3,2024-03-26,F-02
E-ID-02800,C-ID-0771,,MCV1,2024-08-22,F-02
E-ID-02806,C-ID-0773,,BCG,2024-11-22,F-01
E-ID-02807,C-ID-0773,,DTP1,2024-12-22,F-01
E-ID-02808,C-ID-0773,,DTP2,2025-02-04,F-01
E-ID-02809,C-ID-0773,,DTP3,2025-03-12,F-01
E-ID-02810,C-ID-0773,,MCV1,2025-08-16,F-01
E-ID-02811,C-ID-0774,,BCG,2024-01-12,F-05
E-ID-02812,C-ID-0774,,DTP1,2024-02-22,F-05
E-ID-02813,C-ID-0774,,DTP2,2024-03-05,F-05
E-ID-02814,C-ID-0774,,DTP3,2024-04-15,F-05
E-ID-02815,C-ID-0774,,MCV1,2024-10-14,F-05
E-ID-02816,C-ID-0774,,MCV2,2025-07-10,F-05
E-ID-02817,C-ID-0775,,BCG,2025-09-27,F-04
E-ID-02818,,Mariam Sow,DTP1,2025-11-06,F-04
E-ID-02819,C-ID-0775,,DTP2,2025-12-02,F-04
E-ID-02820,C-ID-0775,,MCV1,2026-05-30,F-04
E-ID-02828,C-ID-0778,,DTP1,2025-02-19,F-02
E-ID-02829,,Kwame Sow,DTP2,2025-04-01,F-02
E-ID-02830,C-ID-0778,,DTP3,2025-05-12,F-02
E-ID-02835,C-ID-0780,,BCG,2025-08-22,F-01
E-ID-02836,C-ID-0780,,DTP1,2025-09-17,F-01
E-ID-02837,C-ID-0780,,DTP3,2025-11-12,F-01
E-ID-02838,C-ID-0780,,MCV1,2026-05-03,F-01
E-ID-02839,C-ID-0781,,DTP1,2025-11-27,F-01
E-ID-02840,C-ID-0781,,DTP2,2025-12-26,F-01
E-ID-02841,C-ID-0781,,DTP3,2026-01-18,F-01
E-ID-02842,C-ID-0781,,MCV1,2026-07-19,F-01
E-ID-02843,C-ID-0782,,BCG,2025-06-05,F-01
E-ID-02844,C-ID-0782,,DTP1,2025-07-25,F-01
E-ID-02845,C-ID-0783,,BCG,2025-09-13,F-05
E-ID-02846,C-ID-0783,,DTP1,2025-10-25,F-05
E-ID-02847,C-ID-0783,,DTP3,2025-12-07,F-05
E-ID-02848,C-ID-0783,,MCV1,2026-05-26,F-05
E-ID-02849,C-ID-0784,,BCG,2024-06-26,F-02
E-ID-02850,C-ID-0784,,DTP1,2024-08-23,F-02
E-ID-02851,C-ID-0784,,DTP3,2024-10-15,F-02
E-ID-02852,C-ID-0784,,MCV1,2025-04-09,F-02
E-ID-02853,C-ID-0784,,MCV2,2025-12-31,F-02
E-ID-02858,C-ID-0786,,BCG,2024-09-09,F-04
E-ID-02859,C-ID-0786,,DTP3,2024-11-24,F-04
E-ID-02860,C-ID-0786,,MCV2,2026-02-15,F-04
E-ID-02861,C-ID-0787,,BCG,2026-01-27,F-04
E-ID-02862,C-ID-0787,,DTP1,2026-03-07,F-04
E-ID-02863,C-ID-0787,,DTP2,2026-04-03,F-04
E-ID-02864,C-ID-0787,,DTP3,2026-05-18,F-04
E-ID-02868,C-ID-0789,,DTP3,2025-10-14,F-04
E-ID-02869,C-ID-0789,,MCV1,2026-04-29,F-04
E-ID-02870,C-ID-0790,,BCG,2026-07-24,F-04
E-ID-02871,C-ID-0792,,BCG,2024-08-18,F-01
E-ID-02872,C-ID-0792,,DTP1,2024-10-03,F-01
E-ID-02873,C-ID-0792,,DTP2,2024-11-05,F-01
E-ID-02874,C-ID-0792,,DTP3,2024-11-27,F-01
E-ID-02875,C-ID-0793,,BCG,2026-01-31,F-04
E-ID-02876,C-ID-0793,,DTP1,2026-04-08,F-04
E-ID-02877,C-ID-0793,,DTP2,2026-04-28,F-04
E-ID-02878,C-ID-0793,,DTP3,2026-05-15,F-04
E-ID-02879,C-ID-0794,,BCG,2026-02-13,F-04
E-ID-02880,C-ID-0794,,DTP1,2026-03-27,F-04
E-ID-02881,C-ID-0795,,DTP2,2026-05-18,F-02
E-ID-02882,C-ID-0796,,DTP1,2025-01-31,F-01
E-ID-02883,C-ID-0796,,DTP2,2025-03-03,F-01
E-ID-02884,C-ID-0797,,DTP3,2025-04-11,F-02
E-ID-02885,C-ID-0797,,MCV1,2025-09-22,F-02
E-ID-02886,C-ID-0798,,BCG,2025-03-18,F-01
E-ID-02887,C-ID-0798,,DTP1,2025-05-07,F-01
E-ID-02888,C-ID-0798,,DTP3,2025-07-01,F-01
E-ID-02889,C-ID-0798,,MCV1,2025-11-26,F-01
E-ID-02890,C-ID-0799,,BCG,2024-10-25,F-01
E-ID-02891,C-ID-0799,,DTP1,2024-11-13,F-01
E-ID-02892,C-ID-0799,,DTP3,2024-12-31,F-01
E-ID-02893,C-ID-0799,,MCV1,2025-06-30,F-01
E-ID-02894,C-ID-0799,,MCV2,2026-04-01,F-01
E-ID-02899,C-ID-0801,,BCG,2024-04-04,F-02
E-ID-02900,C-ID-0801,,DTP1,2024-05-10,F-02
E-ID-02901,C-ID-0801,,DTP2,2024-06-14,F-02
E-ID-02902,C-ID-0802,,DTP3,2024-06-23,F-05
E-ID-02903,C-ID-0802,,MCV1,2024-12-22,F-05
E-ID-02904,C-ID-0802,,MCV2,2025-09-20,F-05
E-ID-02905,C-ID-0803,,BCG,2026-06-04,F-04
E-ID-02906,C-ID-0803,,DTP1,2026-07-14,F-04
E-ID-02907,C-ID-0803,,DTP2,2026-09-04,F-04
E-ID-02912,C-ID-0805,,BCG,2024-10-05,F-01
E-ID-02913,C-ID-0805,,DTP1,2024-11-28,F-01
E-ID-02914,C-ID-0805,,DTP2,2024-12-18,F-01
E-ID-02915,C-ID-0806,,BCG,2026-03-23,F-01
E-ID-02916,C-ID-0806,,DTP1,2026-05-14,F-01
E-ID-02917,C-ID-0806,,DTP3,2026-07-21,F-01
E-ID-02918,C-ID-0807,,BCG,2024-08-07,F-01
E-ID-02919,C-ID-0807,,DTP2,2024-10-16,F-01
E-ID-02920,C-ID-0807,,DTP3,2024-11-28,F-01
E-ID-02921,C-ID-0807,,MCV1,2025-05-21,F-01
E-ID-02922,C-ID-0808,,BCG,2024-09-30,F-04
E-ID-02923,C-ID-0808,,DTP1,2024-11-15,F-04
E-ID-02924,C-ID-0808,,DTP3,2024-12-26,F-04
E-ID-02925,C-ID-0808,,MCV1,2025-07-03,F-04
E-ID-02926,C-ID-0809,,BCG,2026-06-03,F-01
E-ID-02927,C-ID-0809,,DTP1,2026-07-28,F-01
E-ID-02928,C-ID-0809,,DTP2,2026-08-12,F-01
E-ID-02929,C-ID-0810,,BCG,2023-11-18,F-02
E-ID-02930,C-ID-0810,,DTP1,2023-12-28,F-02
E-ID-02931,C-ID-0810,,DTP2,2024-02-21,F-02
E-ID-02932,C-ID-0810,,MCV1,2024-09-06,F-02
E-ID-02933,C-ID-0810,,MCV2,2025-06-05,F-02
E-ID-02934,C-ID-0811,,DTP1,2025-08-22,F-04
E-ID-02935,C-ID-0811,,DTP3,2025-10-15,F-04
E-ID-02936,C-ID-0811,,MCV1,2026-05-02,F-04
E-ID-02942,C-ID-0813,,BCG,2024-09-28,F-01
E-ID-02943,C-ID-0813,,DTP1,2024-11-24,F-01
E-ID-02944,C-ID-0813,,DTP2,2024-11-28,F-01
E-ID-02945,C-ID-0813,,DTP3,2025-01-10,F-01
E-ID-02946,C-ID-0813,,MCV1,2025-06-19,F-01
E-ID-02947,C-ID-0814,,DTP2,2025-12-18,F-02
E-ID-02948,C-ID-0814,,MCV1,2026-07-03,F-02
E-ID-02949,C-ID-0815,,BCG,2023-12-28,F-01
E-ID-02950,C-ID-0815,,DTP1,2024-02-10,F-01
E-ID-02951,C-ID-0815,,DTP2,2024-02-23,F-01
E-ID-02952,C-ID-0815,,DTP3,2024-04-17,F-01
E-ID-02953,C-ID-0815,,MCV1,2024-09-24,F-01
E-ID-02954,C-ID-0815,,MCV2,2025-06-12,F-01
E-ID-02966,C-ID-0819,,BCG,2025-08-17,F-02
E-ID-02967,C-ID-0819,,DTP1,2025-10-15,F-02
E-ID-02968,C-ID-0819,,DTP2,2025-10-30,F-02
E-ID-02969,C-ID-0819,,DTP3,2025-11-30,F-02
E-ID-02970,C-ID-0819,,MCV1,2026-05-21,F-02
E-ID-02971,C-ID-0820,,DTP2,2024-09-28,F-02
E-ID-02972,C-ID-0820,,MCV1,2025-04-13,F-02
E-ID-02973,C-ID-0821,,BCG,2026-01-28,F-01
E-ID-02974,C-ID-0821,,DTP1,2026-03-05,F-01
E-ID-02975,C-ID-0821,,DTP2,2026-04-18,F-01
E-ID-02976,C-ID-0821,,DTP3,2026-05-13,F-01
E-ID-02977,C-ID-0822,,BCG,2026-08-11,F-01
E-ID-02978,C-ID-0823,,DTP1,2025-08-14,F-01
E-ID-02979,C-ID-0823,,DTP2,2025-08-28,F-01
E-ID-02980,C-ID-0823,,DTP3,2025-10-14,F-01
E-ID-02981,,Aisha Johnson,MCV1,2026-03-19,F-01
E-ID-02985,C-ID-0825,,BCG,2024-09-16,F-04
E-ID-02986,C-ID-0825,,DTP1,2024-11-04,F-04
E-ID-02987,C-ID-0825,,DTP2,2024-11-10,F-04
E-ID-02988,C-ID-0825,,DTP3,2024-12-15,F-04
E-ID-02989,C-ID-0825,,MCV1,2025-05-23,F-04
E-ID-02991,C-ID-0828,,BCG,2026-04-21,F-04
E-ID-02992,C-ID-0828,,DTP1,2026-06-26,F-04
E-ID-02993,C-ID-0829,,DTP2,2026-07-06,F-02
E-ID-02994,C-ID-0829,,DTP3,2026-08-07,F-02
E-ID-02995,C-ID-0830,,BCG,2026-05-29,F-02
E-ID-02996,C-ID-0830,,DTP1,2026-07-15,F-02
E-ID-02997,C-ID-0830,,DTP2,2026-07-21,F-02
E-ID-02998,C-ID-0830,,DTP3,2026-08-16,F-02
E-ID-02999,,Mary Smith,BCG,2024-10-02,F-01
E-ID-03000,C-ID-0831,,DTP2,2024-12-04,F-01
E-ID-03001,C-ID-0831,,DTP3,2025-01-27,F-01
E-ID-03002,C-ID-0831,,MCV2,2026-04-11,F-01
E-ID-03003,C-ID-0832,,BCG,2025-09-02,F-04
E-ID-03004,C-ID-0832,,DTP1,2025-09-25,F-04
E-ID-03005,,Amina Mensah,DTP2,2025-10-24,F-04
E-ID-03006,C-ID-0832,,DTP3,2025-12-10,F-04
E-ID-03007,C-ID-0833,,BCG,2025-05-05,F-01
E-ID-03008,C-ID-0833,,DTP2,2025-07-16,F-01
E-ID-03009,C-ID-0833,,DTP3,2025-07-25,F-01
E-ID-03010,C-ID-0833,,MCV1,2026-01-09,F-01
E-ID-03019,C-ID-0836,,BCG,2025-06-19,F-02
E-ID-03020,C-ID-0836,,DTP1,2025-07-08,F-02
E-ID-03021,C-ID-0836,,DTP2,2025-08-21,F-02
E-ID-03022,C-ID-0836,,MCV1,2026-03-14,F-02
E-ID-03023,C-ID-0837,,BCG,2025-07-13,F-02
E-ID-03024,C-ID-0837,,DTP1,2025-09-05,F-02
E-ID-03025,C-ID-0837,,DTP3,2025-10-24,F-02
E-ID-03026,C-ID-0837,,MCV1,2026-04-10,F-02
E-ID-03031,C-ID-0839,,BCG,2024-09-12,F-01
E-ID-03032,C-ID-0839,,DTP1,2024-10-16,F-01
E-ID-03033,C-ID-0839,,DTP2,2024-11-26,F-01
E-ID-03034,C-ID-0839,,DTP3,2025-01-01,F-01
E-ID-03035,C-ID-0839,,MCV1,2025-06-23,F-01
E-ID-03036,C-ID-0840,,BCG,2025-05-18,F-04
E-ID-03037,C-ID-0840,,DTP2,2025-07-25,F-04
E-ID-03038,C-ID-0840,,DTP3,2025-08-09,F-04
E-ID-03039,C-ID-0840,,MCV1,2026-02-16,F-04
E-ID-03040,C-ID-0841,,DTP1,2024-03-03,F-02
E-ID-03041,,Mary Toure,DTP2,2024-03-14,F-02
E-ID-03042,C-ID-0841,,DTP3,2024-05-02,F-02
E-ID-03043,C-ID-0841,,MCV2,2025-07-18,F-02
E-ID-03044,C-ID-0842,,BCG,2024-03-12,F-04
E-ID-03045,C-ID-0842,,DTP1,2024-05-05,F-04
E-ID-03046,C-ID-0842,,DTP2,2024-05-26,F-04
E-ID-03047,C-ID-0842,,MCV1,2024-12-13,F-04
E-ID-03048,C-ID-0842,,MCV2,2025-09-13,F-04
E-ID-03051,C-ID-0844,,DTP1,2024-02-07,F-04
E-ID-03052,C-ID-0844,,DTP2,2024-02-11,F-04
E-ID-03053,C-ID-0844,,DTP3,2024-03-30,F-04
E-ID-03054,C-ID-0844,,MCV1,2024-09-24,F-04
E-ID-03055,C-ID-0844,,MCV2,2025-05-26,F-04
E-ID-03056,C-ID-0845,,BCG,2024-05-09,F-02
E-ID-03057,,David Ali,DTP2,2024-07-17,F-02
E-ID-03058,C-ID-0845,,DTP3,2024-08-15,F-02
E-ID-03059,C-ID-0845,,MCV1,2025-02-11,F-02
E-ID-03060,C-ID-0846,,BCG,2023-12-29,F-01
E-ID-03061,C-ID-0846,,DTP1,2024-01-12,F-01
E-ID-03062,C-ID-0846,,DTP2,2024-02-21,F-01
E-ID-03063,C-ID-0846,,DTP3,2024-03-15,F-01
E-ID-03064,C-ID-0846,,MCV1,2024-09-08,F-01
E-ID-03065,C-ID-0846,,MCV2,2025-05-30,F-01
E-ID-03066,C-ID-0847,,BCG,2024-02-15,F-02
E-ID-03067,C-ID-0847,,DTP1,2024-03-07,F-02
E-ID-03068,C-ID-0847,,DTP2,2024-04-16,F-02
E-ID-03069,,Elizabeth Toure,DTP3,2024-05-08,F-02
E-ID-03070,C-ID-0847,,MCV1,2024-11-10,F-02
E-ID-03071,C-ID-0847,,MCV2,2025-08-01,F-02
E-ID-03072,C-ID-0848,,BCG,2026-09-04,F-02
E-ID-03073,C-ID-0850,,BCG,2024-04-17,F-01
E-ID-03074,C-ID-0850,,DTP1,2024-05-13,F-01
E-ID-03075,C-ID-0850,,DTP2,2024-05-30,F-01
E-ID-03076,C-ID-0850,,DTP3,2024-07-23,F-01
E-ID-03077,C-ID-0850,,MCV1,2024-12-18,F-01
E-ID-03078,C-ID-0850,,MCV2,2025-09-08,F-01
E-ID-03081,C-ID-0852,,DTP3,2026-08-11,F-02
E-ID-03082,C-ID-0853,,BCG,2024-07-24,F-04
E-ID-03083,C-ID-0853,,DTP1,2024-09-09,F-04
E-ID-03084,C-ID-0853,,DTP2,2024-10-22,F-04
E-ID-03085,C-ID-0853,,DTP3,2024-10-29,F-04
E-ID-03086,C-ID-0853,,MCV1,2025-04-30,F-04
E-ID-03087,C-ID-0853,,MCV2,2026-01-24,F-04
E-ID-03088,C-ID-0854,,BCG,2026-03-30,F-01
E-ID-03089,C-ID-0854,,DTP1,2026-05-13,F-01
E-ID-03090,C-ID-0854,,DTP2,2026-06-29,F-01
E-ID-03091,C-ID-0855,,BCG,2026-01-16,F-04
E-ID-03092,C-ID-0855,,DTP2,2026-03-05,F-04
E-ID-03093,C-ID-0855,,DTP3,2026-04-12,F-04
E-ID-03094,C-ID-0856,,BCG,2025-02-28,F-04
E-ID-03095,C-ID-0856,,DTP1,2025-03-23,F-04
E-ID-03096,,Ali Keita,MCV1,2025-12-01,F-04
E-ID-03097,C-ID-0856,,MCV2,2026-08-17,F-04
E-ID-03098,C-ID-0857,,BCG,2024-09-25,F-01
E-ID-03099,C-ID-0857,,DTP1,2024-10-25,F-01
E-ID-03100,C-ID-0857,,DTP2,2024-12-05,F-01
E-ID-03101,C-ID-0857,,DTP3,2024-12-21,F-01
E-ID-03102,C-ID-0857,,MCV2,2026-02-24,F-01
E-ID-03103,C-ID-0858,,BCG,2024-12-19,F-02
E-ID-03104,C-ID-0858,,DTP1,2025-02-10,F-02
E-ID-03105,,Moussa Ali,DTP2,2025-03-24,F-02
E-ID-03106,C-ID-0858,,MCV1,2025-09-14,F-02
E-ID-03107,C-ID-0858,,MCV2,2026-07-03,F-02
E-ID-03108,C-ID-0859,,BCG,2026-03-20,F-01
E-ID-03109,C-ID-0859,,DTP1,2026-04-10,F-01
E-ID-03110,C-ID-0859,,DTP2,2026-05-28,F-01
E-ID-03111,C-ID-0859,,DTP3,2026-06-08,F-01
E-ID-03112,C-ID-0860,,BCG,2025-01-19,F-02
E-ID-03113,C-ID-0860,,DTP1,2025-03-27,F-02
E-ID-03114,C-ID-0860,,DTP2,2025-04-15,F-02
E-ID-03115,C-ID-0860,,DTP3,2025-05-04,F-02
E-ID-03116,C-ID-0860,,MCV2,2026-07-22,F-02
E-ID-03117,C-ID-0861,,BCG,2026-07-09,F-02
E-ID-03118,C-ID-0861,,DTP1,2026-08-27,F-02
E-ID-03119,C-ID-0862,,DTP1,2024-03-31,F-04
E-ID-03120,C-ID-0862,,DTP2,2024-05-12,F-04
E-ID-03121,C-ID-0863,,MCV1,2024-11-21,F-02
E-ID-03122,C-ID-0863,,MCV2,2025-08-27,F-02
E-ID-03123,C-ID-0864,,BCG,2023-09-30,F-04
E-ID-03124,C-ID-0864,,DTP1,2023-10-19,F-04
E-ID-03125,C-ID-0864,,DTP2,2023-11-22,F-04
E-ID-03126,C-ID-0865,,DTP3,2023-12-14,F-02
E-ID-03127,C-ID-0865,,MCV1,2024-06-23,F-02
E-ID-03128,C-ID-0866,,BCG,2024-02-22,F-01
E-ID-03129,C-ID-0866,,DTP1,2024-03-24,F-01
E-ID-03130,C-ID-0866,,DTP2,2024-04-29,F-01
E-ID-03131,,Mariam Johnson,DTP3,2024-06-03,F-01
E-ID-03132,C-ID-0866,,MCV1,2024-11-13,F-01
E-ID-03133,C-ID-0866,,MCV2,2025-08-08,F-01
E-ID-03137,C-ID-0868,,DTP3,2025-09-04,F-01
E-ID-03138,C-ID-0868,,MCV1,2026-01-25,F-01
E-ID-03139,C-ID-0869,,BCG,2024-02-03,F-04
E-ID-03140,C-ID-0869,,DTP1,2024-03-02,F-04
E-ID-03141,C-ID-0869,,DTP2,2024-04-18,F-04
E-ID-03142,C-ID-0869,,DTP3,2024-04-23,F-04
E-ID-03143,C-ID-0869,,MCV1,2024-11-01,F-04
E-ID-03144,C-ID-0869,,MCV2,2025-07-14,F-04
E-ID-03145,,Fatoumata Osei,BCG,2025-10-07,F-02
E-ID-03146,C-ID-0870,,DTP1,2025-11-11,F-02
E-ID-03147,C-ID-0870,,DTP2,2025-12-07,F-02
E-ID-03148,C-ID-0870,,MCV1,2026-06-23,F-02
E-ID-03149,C-ID-0871,,BCG,2025-03-14,F-01
E-ID-03150,C-ID-0871,,DTP1,2025-04-17,F-01
E-ID-03151,C-ID-0871,,DTP2,2025-05-02,F-01
E-ID-03152,C-ID-0871,,DTP3,2025-05-31,F-01
E-ID-03153,C-ID-0871,,MCV1,2025-12-16,F-01
E-ID-03159,C-ID-0873,,BCG,2023-11-01,F-02
E-ID-03160,C-ID-0873,,DTP1,2023-12-17,F-02
E-ID-03161,C-ID-0873,,MCV1,2024-07-18,F-02
E-ID-03162,C-ID-0874,,BCG,2024-10-05,F-04
E-ID-03163,,Muhammad Ali,DTP1,2024-11-28,F-04
E-ID-03164,C-ID-0874,,DTP2,2024-12-06,F-04
E-ID-03165,C-ID-0874,,DTP3,2025-01-29,F-04
E-ID-03166,C-ID-0874,,MCV1,2025-07-09,F-04
E-ID-03167,C-ID-0874,,MCV2,2026-03-28,F-04
E-ID-03168,C-ID-0875,,BCG,2024-03-15,F-04
E-ID-03169,C-ID-0875,,DTP1,2024-04-22,F-04
E-ID-03170,C-ID-0875,,DTP2,2024-05-03,F-04
E-ID-03171,C-ID-0876,,DTP3,2024-06-14,F-02
E-ID-03172,C-ID-0876,,MCV1,2024-11-21,F-02
E-ID-03173,C-ID-0876,,MCV2,2025-08-30,F-02
E-ID-03174,C-ID-0877,,BCG,2025-12-11,F-01
E-ID-03175,C-ID-0877,,DTP1,2026-02-12,F-01
E-ID-03176,C-ID-0877,,DTP2,2026-02-20,F-01
E-ID-03177,C-ID-0877,,DTP3,2026-04-05,F-01
E-ID-03178,C-ID-0878,,BCG,2024-10-15,F-01
E-ID-03179,,Moussa Keita,DTP1,2024-11-18,F-01
E-ID-03180,C-ID-0878,,DTP2,2024-12-18,F-01
E-ID-03181,C-ID-0878,,DTP3,2025-01-24,F-01
E-ID-03182,,Moussa Keita,MCV1,2025-07-30,F-01
E-ID-03183,C-ID-0878,,MCV2,2026-04-06,F-01
E-ID-03184,C-ID-0879,,BCG,2025-01-15,F-04
E-ID-03185,C-ID-0879,,DTP2,2025-04-03,F-04
E-ID-03186,C-ID-0879,,DTP3,2025-05-03,F-04
E-ID-03187,,Samuel Ali,MCV1,2025-10-16,F-04
E-ID-03188,C-ID-0880,,BCG,2025-07-13,F-01
E-ID-03189,C-ID-0880,,DTP1,2025-08-25,F-01
E-ID-03190,C-ID-0880,,DTP3,2025-10-30,F-01
E-ID-03191,,Sarah Ali,MCV1,2026-03-31,F-01
E-ID-03197,C-ID-0882,,BCG,2024-11-21,F-01
E-ID-03198,C-ID-0882,,DTP1,2025-01-18,F-01
E-ID-03199,C-ID-0882,,DTP2,2025-02-18,F-01
E-ID-03200,C-ID-0882,,DTP3,2025-02-26,F-01
E-ID-03204,C-ID-0884,,MCV1,2024-11-08,F-02
E-ID-03205,C-ID-0884,,MCV2,2025-08-11,F-02
E-ID-03206,C-ID-0885,,BCG,2026-03-11,F-04
E-ID-03207,C-ID-0885,,DTP1,2026-04-09,F-04
E-ID-03208,,Aisha Osei,DTP3,2026-05-30,F-04
E-ID-03209,C-ID-0886,,BCG,2024-07-11,F-04
E-ID-03210,C-ID-0886,,DTP1,2024-08-14,F-04
E-ID-03211,C-ID-0886,,DTP3,2024-10-23,F-04
E-ID-03212,C-ID-0886,,MCV1,2025-04-15,F-04
E-ID-03213,C-ID-0887,,BCG,2024-01-23,F-01
E-ID-03214,C-ID-0887,,DTP1,2024-02-14,F-01
E-ID-03215,C-ID-0887,,DTP3,2024-05-07,F-01
E-ID-03216,C-ID-0887,,MCV1,2024-10-07,F-01
E-ID-03217,C-ID-0888,,BCG,2023-11-19,F-02
E-ID-03218,C-ID-0888,,DTP1,2024-01-17,F-02
E-ID-03219,C-ID-0888,,DTP2,2024-01-16,F-02
E-ID-03220,C-ID-0889,,DTP3,2024-03-03,F-04
E-ID-03221,C-ID-0889,,MCV1,2024-08-15,F-04
E-ID-03222,C-ID-0890,,BCG,2025-05-13,F-04
E-ID-03223,C-ID-0890,,DTP1,2025-06-15,F-04
E-ID-03224,C-ID-0890,,DTP2,2025-07-14,F-04
E-ID-03225,C-ID-0890,,MCV1,2026-02-06,F-04
E-ID-03226,C-ID-0891,,BCG,2025-12-25,F-01
E-ID-03227,C-ID-0892,,DTP3,2026-04-01,F-04
E-ID-03228,C-ID-0893,,BCG,2026-06-10,F-04
E-ID-03229,C-ID-0894,,BCG,2023-11-30,F-04
E-ID-03230,C-ID-0894,,DTP1,2024-01-14,F-04
E-ID-03231,C-ID-0894,,DTP2,2024-03-03,F-04
E-ID-03232,C-ID-0894,,DTP3,2024-03-20,F-04
E-ID-03233,C-ID-0894,,MCV1,2024-08-22,F-04
E-ID-03240,C-ID-0897,,BCG,2026-05-01,F-01
E-ID-03241,C-ID-0897,,DTP1,2026-07-10,F-01
E-ID-03242,C-ID-0897,,DTP2,2026-07-16,F-01
E-ID-03243,C-ID-0897,,DTP3,2026-08-28,F-01
E-ID-03244,C-ID-0898,,BCG,2026-02-20,F-02
E-ID-03245,C-ID-0898,,DTP1,2026-03-29,F-02
E-ID-03246,C-ID-0898,,DTP2,2026-05-02,F-02
E-ID-03247,C-ID-0898,,DTP3,2026-05-25,F-02
E-ID-03248,C-ID-0899,,BCG,2024-07-26,F-02
E-ID-03249,C-ID-0899,,DTP2,2024-10-21,F-02
E-ID-03250,C-ID-0899,,MCV1,2025-05-21,F-02
E-ID-03256,C-ID-0901,,BCG,2025-05-29,F-02
E-ID-03257,C-ID-0901,,DTP1,2025-07-15,F-02
E-ID-03258,C-ID-0901,,DTP2,2025-08-18,F-02
E-ID-03259,C-ID-0901,,DTP3,2025-09-05,F-02
E-ID-03260,C-ID-0901,,MCV1,2026-02-23,F-02
E-ID-03263,C-ID-0903,,BCG,2024-09-10,F-01
E-ID-03264,C-ID-0903,,DTP1,2024-11-03,F-01
E-ID-03265,C-ID-0903,,DTP2,2024-11-20,F-01
E-ID-03266,C-ID-0903,,DTP3,2024-12-03,F-01
E-ID-03267,C-ID-0903,,MCV1,2025-05-31,F-01
E-ID-03268,C-ID-0904,,BCG,2024-09-23,F-01
E-ID-03269,C-ID-0904,,DTP2,2024-11-15,F-01
E-ID-03270,C-ID-0904,,DTP3,2025-01-10,F-01
E-ID-03271,C-ID-0905,,BCG,2025-11-06,F-04
E-ID-03272,C-ID-0905,,DTP1,2025-12-23,F-04
E-ID-03273,C-ID-0905,,DTP2,2026-01-22,F-04
E-ID-03274,C-ID-0905,,DTP3,2026-02-20,F-04
E-ID-03275,C-ID-0905,,MCV1,2026-08-11,F-04
E-ID-03276,C-ID-0906,,BCG,2025-12-24,F-02
E-ID-03277,C-ID-0906,,DTP1,2026-03-01,F-02
E-ID-03278,C-ID-0906,,DTP2,2026-03-17,F-02
E-ID-03279,C-ID-0906,,DTP3,2026-04-14,F-02
E-ID-03280,C-ID-0907,,BCG,2025-12-30,F-04
E-ID-03281,C-ID-0907,,DTP1,2026-02-26,F-04
E-ID-03282,C-ID-0907,,DTP2,2026-03-14,F-04
E-ID-03283,C-ID-0907,,DTP3,2026-04-27,F-04
E-ID-03284,C-ID-0908,,BCG,2026-05-21,F-04
E-ID-03285,C-ID-0908,,DTP1,2026-07-01,F-04
E-ID-03286,C-ID-0908,,DTP2,2026-08-13,F-04
E-ID-03287,C-ID-0909,,BCG,2025-07-04,F-04
E-ID-03288,C-ID-0909,,DTP1,2025-07-31,F-04
E-ID-03289,C-ID-0909,,DTP2,2025-09-13,F-04
E-ID-03290,C-ID-0909,,DTP3,2025-10-12,F-04
E-ID-03291,C-ID-0910,,BCG,2025-11-02,F-02
E-ID-03292,C-ID-0910,,DTP1,2025-12-19,F-02
E-ID-03293,C-ID-0910,,DTP2,2026-01-14,F-02
E-ID-03294,C-ID-0910,,DTP3,2026-01-18,F-02
E-ID-03295,,Fatoumata Ali,DTP1,2025-05-25,F-01
E-ID-03296,,Fatoumata Ali,DTP2,2025-06-09,F-01
E-ID-03297,C-ID-0911,,DTP3,2025-07-14,F-01
E-ID-03298,C-ID-0911,,MCV1,2026-01-05,F-01
E-ID-03299,C-ID-0912,,BCG,2025-05-26,F-01
E-ID-03300,C-ID-0912,,DTP1,2025-07-03,F-01
E-ID-03301,C-ID-0912,,DTP3,2025-08-25,F-01
E-ID-03302,C-ID-0912,,MCV1,2026-02-16,F-01
E-ID-03303,,David Diallo,BCG,2024-01-04,F-02
E-ID-03304,C-ID-0913,,DTP1,2024-01-21,F-02
E-ID-03305,C-ID-0913,,DTP2,2024-03-01,F-02
E-ID-03306,C-ID-0913,,MCV1,2024-09-14,F-02
E-ID-03309,C-ID-0915,,DTP2,2024-10-28,F-02
E-ID-03310,C-ID-0915,,DTP3,2024-12-04,F-02
E-ID-03313,C-ID-0917,,DTP2,2026-02-15,F-01
E-ID-03314,C-ID-0917,,DTP3,2026-03-26,F-01
E-ID-03315,C-ID-0918,,BCG,2026-06-02,F-02
E-ID-03316,C-ID-0918,,DTP1,2026-07-09,F-02
E-ID-03318,C-ID-0920,,DTP1,2024-12-18,F-02
E-ID-03319,C-ID-0920,,DTP2,2025-02-14,F-02
E-ID-03320,C-ID-0920,,DTP3,2025-03-12,F-02
E-ID-03327,C-ID-0923,,BCG,2024-06-02,F-01
E-ID-03328,C-ID-0923,,DTP1,2024-07-07,F-01
E-ID-03329,C-ID-0923,,DTP2,2024-08-17,F-01
E-ID-03330,C-ID-0923,,MCV1,2025-02-24,F-01
E-ID-03331,C-ID-0923,,MCV2,2025-11-29,F-01
E-ID-03332,C-ID-0924,,BCG,2024-06-05,F-04
E-ID-03333,C-ID-0924,,DTP1,2024-06-19,F-04
E-ID-03334,C-ID-0924,,DTP3,2024-08-30,F-04
E-ID-03335,C-ID-0924,,MCV1,2025-02-10,F-04
E-ID-03336,,David Keita,BCG,2024-10-12,F-04
E-ID-03337,C-ID-0925,,DTP1,2024-11-16,F-04
E-ID-03338,C-ID-0925,,DTP2,2024-12-09,F-04
E-ID-03339,C-ID-0925,,DTP3,2025-01-04,F-04
E-ID-03340,C-ID-0925,,MCV1,2025-07-07,F-04
E-ID-03341,C-ID-0925,,MCV2,2026-04-02,F-04
E-ID-03342,C-ID-0926,,BCG,2025-01-23,F-01
E-ID-03343,C-ID-0926,,DTP1,2025-03-09,F-01
E-ID-03344,C-ID-0926,,DTP2,2025-03-28,F-01
E-ID-03345,C-ID-0926,,MCV1,2025-10-25,F-01
E-ID-03346,C-ID-0926,,MCV2,2026-07-07,F-01
E-ID-03352,C-ID-0928,,BCG,2025-03-19,F-04
E-ID-03353,C-ID-0928,,DTP1,2025-05-17,F-04
E-ID-03354,C-ID-0928,,DTP2,2025-06-18,F-04
E-ID-03355,C-ID-0928,,DTP3,2025-06-22,F-04
E-ID-03356,,Moussa Mensah,MCV1,2025-12-29,F-04
E-ID-03359,C-ID-0930,,DTP2,2026-06-11,F-01
E-ID-03360,C-ID-0930,,DTP3,2026-07-12,F-01
E-ID-03361,C-ID-0931,,BCG,2025-10-10,F-01
E-ID-03362,,John Toure,DTP1,2025-11-12,F-01
E-ID-03363,C-ID-0931,,DTP2,2025-12-08,F-01
E-ID-03364,C-ID-0931,,DTP3,2026-01-21,F-01
E-ID-03365,C-ID-0931,,MCV1,2026-06-27,F-01
E-ID-03366,C-ID-0932,,BCG,2024-01-04,F-04
E-ID-03367,C-ID-0932,,DTP2,2024-03-20,F-04
E-ID-03368,C-ID-0932,,DTP3,2024-05-01,F-04
E-ID-03369,C-ID-0932,,MCV1,2024-10-20,F-04
E-ID-03370,C-ID-0933,,BCG,2024-09-08,F-04
E-ID-03371,C-ID-0933,,DTP1,2024-10-19,F-04
E-ID-03372,C-ID-0933,,DTP2,2024-11-25,F-04
E-ID-03373,C-ID-0933,,DTP3,2024-12-26,F-04
E-ID-03374,C-ID-0933,,MCV1,2025-06-07,F-04
E-ID-03375,,Esther Ali,MCV2,2026-03-21,F-04
E-ID-03376,C-ID-0934,,BCG,2024-02-16,F-01
E-ID-03377,C-ID-0934,,DTP1,2024-03-27,F-01
E-ID-03378,C-ID-0934,,DTP2,2024-04-13,F-01
E-ID-03379,C-ID-0935,,DTP3,2024-05-09,F-04
E-ID-03380,C-ID-0935,,MCV1,2024-11-05,F-04
E-ID-03381,C-ID-0935,,MCV2,2025-07-22,F-04
E-ID-03382,C-ID-0936,,BCG,2025-08-10,F-01
E-ID-03383,C-ID-0936,,DTP1,2025-10-11,F-01
E-ID-03384,C-ID-0936,,DTP2,2025-11-03,F-01
E-ID-03385,C-ID-0936,,DTP3,2025-12-13,F-01
E-ID-03386,C-ID-0937,,BCG,2024-11-13,F-04
E-ID-03387,C-ID-0937,,DTP3,2025-02-26,F-04
E-ID-03388,C-ID-0938,,MCV1,2025-08-08,F-01
E-ID-03389,C-ID-0938,,MCV2,2026-05-11,F-01
E-ID-03390,C-ID-0939,,BCG,2024-01-08,F-04
E-ID-03391,C-ID-0939,,DTP1,2024-02-23,F-04
E-ID-03392,C-ID-0939,,DTP2,2024-03-18,F-04
E-ID-03393,C-ID-0939,,DTP3,2024-04-10,F-04
E-ID-03394,C-ID-0939,,MCV1,2024-10-07,F-04
E-ID-03395,C-ID-0939,,MCV2,2025-06-26,F-04
E-ID-03396,C-ID-0940,,DTP1,2024-08-10,F-02
E-ID-03397,C-ID-0940,,DTP2,2024-09-26,F-02
E-ID-03398,C-ID-0940,,DTP3,2024-10-20,F-02
E-ID-03399,C-ID-0940,,MCV1,2025-03-28,F-02
E-ID-03400,C-ID-0941,,BCG,2026-05-31,F-01
E-ID-03401,C-ID-0941,,DTP1,2026-07-14,F-01
E-ID-03402,C-ID-0941,,DTP2,2026-07-27,F-01
E-ID-03403,C-ID-0941,,DTP3,2026-09-02,F-01
E-ID-03404,C-ID-0942,,BCG,2024-06-30,F-01
E-ID-03405,C-ID-0942,,DTP1,2024-08-18,F-01
E-ID-03406,C-ID-0942,,DTP3,2024-10-23,F-01
E-ID-03407,C-ID-0942,,MCV1,2025-04-03,F-01
E-ID-03408,C-ID-0943,,BCG,2025-04-07,F-05
E-ID-03409,C-ID-0943,,DTP1,2025-05-29,F-05
E-ID-03410,C-ID-0943,,DTP2,2025-06-09,F-05
E-ID-03411,C-ID-0943,,DTP3,2025-07-09,F-05
E-ID-03412,C-ID-0943,,MCV1,2025-12-21,F-05
E-ID-03413,C-ID-0944,,BCG,2024-11-21,F-04
E-ID-03414,C-ID-0944,,DTP1,2025-01-18,F-04
E-ID-03415,C-ID-0944,,DTP2,2025-02-26,F-04
E-ID-03416,C-ID-0944,,MCV1,2025-08-18,F-04
E-ID-03417,,Elizabeth Mensah,MCV2,2026-05-26,F-04
E-ID-03418,C-ID-0945,,BCG,2024-01-27,F-02
E-ID-03419,,Ibrahim Keita,DTP1,2024-03-17,F-02
E-ID-03420,C-ID-0945,,DTP2,2024-04-11,F-02
E-ID-03421,C-ID-0945,,DTP3,2024-04-23,F-02
E-ID-03422,C-ID-0946,,BCG,2026-07-08,F-01
E-ID-03423,C-ID-0946,,DTP1,2026-08-30,F-01
E-ID-03428,C-ID-0948,,DTP1,2024-11-10,F-04
E-ID-03429,C-ID-0948,,DTP2,2024-11-27,F-04
E-ID-03430,C-ID-0948,,DTP3,2025-01-15,F-04
E-ID-03431,C-ID-0948,,MCV1,2025-06-16,F-04
E-ID-03432,C-ID-0948,,MCV2,2026-03-11,F-04
E-ID-03433,C-ID-0949,,BCG,2026-04-03,F-04
E-ID-03434,C-ID-0949,,DTP1,2026-04-23,F-04
E-ID-03435,C-ID-0950,,DTP2,2026-05-25,F-05
E-ID-03436,C-ID-0951,,BCG,2024-05-16,F-04
E-ID-03437,C-ID-0951,,DTP1,2024-06-29,F-04
E-ID-03438,C-ID-0951,,DTP2,2024-08-02,F-04
E-ID-03439,C-ID-0951,,DTP3,2024-09-01,F-04
E-ID-03440,C-ID-0951,,MCV1,2025-02-18,F-04
E-ID-03441,C-ID-0952,,BCG,2024-10-11,F-04
E-ID-03442,C-ID-0952,,DTP1,2024-11-03,F-04
E-ID-03443,C-ID-0952,,DTP2,2024-12-06,F-04
E-ID-03444,C-ID-0952,,DTP3,2025-01-09,F-04
E-ID-03445,C-ID-0952,,MCV1,2025-07-08,F-04
E-ID-03446,C-ID-0952,,MCV2,2026-03-26,F-04
E-ID-03449,C-ID-0954,,DTP2,2026-05-17,F-04
E-ID-03450,C-ID-0954,,DTP3,2026-06-28,F-04
E-ID-03451,C-ID-0955,,BCG,2025-06-29,F-04
E-ID-03452,C-ID-0955,,DTP3,2025-10-11,F-04
E-ID-03453,C-ID-0956,,MCV1,2026-03-28,F-01
E-ID-03456,C-ID-0958,,DTP3,2023-12-24,F-02
E-ID-03457,C-ID-0959,,DTP1,2024-04-18,F-02
E-ID-03458,C-ID-0959,,DTP3,2024-06-22,F-02
E-ID-03459,C-ID-0959,,MCV1,2024-12-13,F-02
E-ID-03460,C-ID-0959,,MCV2,2025-08-31,F-02
E-ID-03461,C-ID-0960,,BCG,2024-01-16,F-04
E-ID-03462,C-ID-0960,,DTP1,2024-02-14,F-04
E-ID-03463,C-ID-0960,,DTP3,2024-04-24,F-04
E-ID-03464,C-ID-0960,,MCV1,2024-10-13,F-04
E-ID-03465,C-ID-0960,,MCV2,2025-07-05,F-04
E-ID-03466,C-ID-0961,,BCG,2026-04-03,F-02
E-ID-03467,,Aisha Smith,DTP1,2026-06-02,F-02
E-ID-03468,C-ID-0961,,DTP3,2026-07-31,F-02
E-ID-03469,C-ID-0962,,BCG,2025-04-14,F-01
E-ID-03470,C-ID-0962,,DTP1,2025-05-30,F-01
E-ID-03471,C-ID-0962,,DTP2,2025-06-22,F-01
E-ID-03472,C-ID-0962,,MCV1,2026-01-11,F-01
E-ID-03473,C-ID-0963,,BCG,2024-12-01,F-01
E-ID-03474,C-ID-0963,,DTP1,2024-12-21,F-01
E-ID-03475,C-ID-0963,,DTP2,2025-02-06,F-01
E-ID-03476,C-ID-0963,,DTP3,2025-02-24,F-01
E-ID-03477,C-ID-0963,,MCV1,2025-08-13,F-01
E-ID-03478,C-ID-0963,,MCV2,2026-05-22,F-01
E-ID-03483,C-ID-0965,,BCG,2026-06-07,F-01
E-ID-03484,C-ID-0965,,DTP2,2026-08-07,F-01
E-ID-03485,C-ID-0966,,BCG,2024-12-23,F-01
E-ID-03486,C-ID-0966,,DTP1,2025-01-23,F-01
E-ID-03487,C-ID-0966,,DTP3,2025-03-19,F-01
E-ID-03488,C-ID-0966,,MCV2,2026-06-11,F-01
E-ID-03489,C-ID-0967,,BCG,2025-05-09,F-01
E-ID-03490,C-ID-0967,,DTP1,2025-05-29,F-01
E-ID-03491,C-ID-0967,,DTP2,2025-06-19,F-01
E-ID-03492,C-ID-0967,,DTP3,2025-07-26,F-01
E-ID-03493,C-ID-0967,,MCV1,2026-02-01,F-01
E-ID-03494,C-ID-0968,,BCG,2025-03-22,F-04
E-ID-03495,,Ibrahim Toure,DTP1,2025-04-27,F-04
E-ID-03496,C-ID-0968,,DTP2,2025-05-20,F-04
E-ID-03497,C-ID-0968,,DTP3,2025-06-29,F-04
E-ID-03498,C-ID-0968,,MCV1,2025-12-27,F-04
E-ID-03499,C-ID-0969,,BCG,2024-10-26,F-01
E-ID-03500,C-ID-0969,,DTP1,2024-11-29,F-01
E-ID-03501,C-ID-0969,,DTP2,2024-12-16,F-01
E-ID-03502,C-ID-0969,,MCV1,2025-07-23,F-01
E-ID-03503,C-ID-0970,,BCG,2026-01-01,F-01
E-ID-03504,C-ID-0970,,DTP1,2026-03-02,F-01
E-ID-03505,C-ID-0971,,DTP2,2026-03-25,F-02
E-ID-03506,C-ID-0971,,DTP3,2026-04-19,F-02
E-ID-03507,C-ID-0972,,BCG,2026-04-17,F-04
E-ID-03508,C-ID-0972,,DTP1,2026-06-17,F-04
E-ID-03509,C-ID-0972,,DTP2,2026-06-28,F-04
E-ID-03510,C-ID-0973,,BCG,2023-12-19,F-01
E-ID-03511,C-ID-0973,,DTP1,2024-01-27,F-01
E-ID-03512,C-ID-0973,,DTP2,2024-02-25,F-01
E-ID-03513,C-ID-0974,,MCV1,2024-10-01,F-02
E-ID-03514,C-ID-0974,,MCV2,2025-05-31,F-02
E-ID-03515,C-ID-0975,,BCG,2026-07-13,F-02
E-ID-03516,C-ID-0975,,DTP1,2026-08-27,F-02
E-ID-03522,C-ID-0977,,BCG,2024-02-21,F-04
E-ID-03523,C-ID-0977,,DTP1,2024-04-02,F-04
E-ID-03524,C-ID-0977,,DTP2,2024-04-27,F-04
E-ID-03525,C-ID-0977,,DTP3,2024-06-07,F-04
E-ID-03526,C-ID-0977,,MCV1,2024-11-27,F-04
E-ID-03527,C-ID-0977,,MCV2,2025-08-11,F-04
E-ID-03528,C-ID-0978,,BCG,2024-12-18,F-01
E-ID-03529,C-ID-0978,,DTP1,2025-02-09,F-01
E-ID-03530,C-ID-0978,,DTP2,2025-03-07,F-01
E-ID-03531,C-ID-0978,,MCV1,2025-09-23,F-01
E-ID-03532,C-ID-0978,,MCV2,2026-06-06,F-01
E-ID-03533,C-ID-0979,,BCG,2025-02-21,F-02
E-ID-03534,C-ID-0979,,DTP1,2025-03-09,F-02
E-ID-03535,C-ID-0979,,DTP2,2025-04-29,F-02
E-ID-03536,C-ID-0979,,DTP3,2025-05-27,F-02
E-ID-03537,C-ID-0979,,MCV2,2026-07-25,F-02
E-ID-03538,C-ID-0980,,BCG,2026-01-16,F-02
E-ID-03539,C-ID-0980,,DTP1,2026-02-26,F-02
E-ID-03540,C-ID-0980,,DTP2,2026-04-11,F-02
E-ID-03541,C-ID-0980,,DTP3,2026-05-16,F-02
E-ID-03544,C-ID-0982,,DTP3,2025-01-25,F-02
E-ID-03545,C-ID-0982,,MCV2,2026-04-24,F-02
E-ID-03546,C-ID-0984,,BCG,2025-12-26,F-04
E-ID-03547,C-ID-0984,,DTP1,2026-02-06,F-04
E-ID-03548,C-ID-0984,,DTP2,2026-03-28,F-04
E-ID-03549,C-ID-0984,,DTP3,2026-04-03,F-04
E-ID-03550,C-ID-0985,,BCG,2024-02-12,F-02
E-ID-03551,C-ID-0985,,DTP1,2024-03-30,F-02
E-ID-03552,C-ID-0985,,DTP2,2024-04-21,F-02
E-ID-03553,C-ID-0985,,MCV1,2024-10-21,F-02
E-ID-03554,C-ID-0985,,MCV2,2025-07-23,F-02
E-ID-03555,C-ID-0986,,BCG,2024-10-22,F-04
E-ID-03556,C-ID-0986,,DTP1,2024-12-02,F-04
E-ID-03557,,Kwame Osei,DTP2,2024-12-15,F-04
E-ID-03558,C-ID-0986,,DTP3,2025-01-16,F-04
E-ID-03559,C-ID-0986,,MCV1,2025-07-06,F-04
E-ID-03560,C-ID-0987,,BCG,2024-07-15,F-01
E-ID-03561,C-ID-0987,,DTP1,2024-08-24,F-01
E-ID-03562,C-ID-0987,,DTP2,2024-09-17,F-01
E-ID-03563,C-ID-0987,,DTP3,2024-10-06,F-01
E-ID-03564,C-ID-0987,,MCV1,2025-04-13,F-01
E-ID-03565,,Mariam Osei,MCV2,2026-01-06,F-01
E-ID-03566,C-ID-0988,,BCG,2026-02-07,F-01
E-ID-03567,C-ID-0988,,DTP1,2026-03-31,F-01
E-ID-03568,C-ID-0988,,DTP2,2026-04-25,F-01
E-ID-03569,C-ID-0988,,DTP3,2026-06-08,F-01
E-ID-03576,C-ID-0990,,BCG,2026-01-05,F-02
E-ID-03577,C-ID-0990,,DTP1,2026-02-13,F-02
E-ID-03578,C-ID-0990,,DTP2,2026-03-18,F-02
E-ID-03579,C-ID-0990,,DTP3,2026-04-02,F-02
E-ID-03580,,Esther Johnson,BCG,2025-05-06,F-02
E-ID-03581,C-ID-0991,,DTP1,2025-07-04,F-02
E-ID-03582,C-ID-0991,,MCV1,2026-02-26,F-02
E-ID-03592,C-ID-0994,,DTP1,2025-05-09,F-04
E-ID-03593,C-ID-0994,,DTP2,2025-06-08,F-04
E-ID-03594,C-ID-0994,,DTP3,2025-06-28,F-04
E-ID-03595,C-ID-0994,,MCV1,2025-12-24,F-04
E-ID-03596,C-ID-0995,,DTP1,2025-12-23,F-04
E-ID-03597,C-ID-0996,,MCV1,2026-08-05,F-02
E-ID-03598,C-ID-0997,,BCG,2025-03-30,F-01
E-ID-03599,C-ID-0997,,DTP1,2025-05-01,F-01
E-ID-03600,C-ID-0997,,DTP3,2025-06-15,F-01
E-ID-03601,C-ID-0997,,MCV1,2025-12-11,F-01
E-ID-03602,C-ID-0997,,MCV2,2026-08-23,F-01
E-ID-03606,C-ID-0999,,BCG,2024-07-10,F-04
E-ID-03607,C-ID-0999,,DTP1,2024-07-30,F-04
E-ID-03608,C-ID-0999,,DTP2,2024-09-01,F-04
E-ID-03609,C-ID-1000,,DTP3,2024-10-04,F-02
E-ID-03610,C-ID-1000,,MCV1,2025-03-26,F-02
E-ID-03611,C-ID-1000,,MCV2,2025-12-28,F-02
E-ID-03612,C-ID-1001,,BCG,2025-08-24,F-04
E-ID-03613,C-ID-1001,,DTP1,2025-09-26,F-04
E-ID-03614,C-ID-1001,,DTP2,2025-10-29,F-04
E-ID-03615,C-ID-1002,,DTP3,2025-12-08,F-02
E-ID-03616,C-ID-1002,,MCV1,2026-05-16,F-02
E-ID-03617,C-ID-1003,,BCG,2026-02-21,F-02
E-ID-03618,C-ID-1003,,DTP1,2026-04-11,F-02
E-ID-03619,C-ID-1003,,DTP2,2026-05-08,F-02
E-ID-03620,C-ID-1003,,DTP3,2026-05-15,F-02
E-ID-03621,C-ID-1004,,DTP1,2025-01-10,F-02
E-ID-03622,C-ID-1004,,DTP2,2025-02-02,F-02
E-ID-03623,C-ID-1004,,DTP3,2025-03-04,F-02
E-ID-03624,C-ID-1005,,MCV1,2025-08-08,F-05
E-ID-03625,C-ID-1005,,MCV2,2026-05-21,F-05
E-ID-03626,C-ID-1006,,DTP1,2025-04-08,F-02
E-ID-03627,C-ID-1006,,DTP2,2025-05-01,F-02
E-ID-03628,C-ID-1006,,DTP3,2025-05-31,F-02
E-ID-03629,C-ID-1006,,MCV1,2025-11-14,F-02
E-ID-03630,C-ID-1006,,MCV2,2026-08-25,F-02
E-ID-03631,C-ID-1007,,BCG,2025-09-29,F-04
E-ID-03632,C-ID-1007,,DTP1,2025-10-19,F-04
E-ID-03633,C-ID-1007,,DTP2,2025-11-30,F-04
E-ID-03634,C-ID-1007,,DTP3,2026-01-08,F-04
E-ID-03635,C-ID-1007,,MCV1,2026-06-02,F-04
E-ID-03636,C-ID-1008,,BCG,2025-07-18,F-02
E-ID-03637,C-ID-1008,,DTP1,2025-09-11,F-02
E-ID-03638,C-ID-1008,,DTP2,2025-10-01,F-02
E-ID-03639,C-ID-1008,,DTP3,2025-10-27,F-02
E-ID-03643,C-ID-1010,,DTP1,2024-01-15,F-01
E-ID-03644,C-ID-1010,,DTP2,2024-02-23,F-01
E-ID-03645,C-ID-1010,,MCV1,2024-09-03,F-01
E-ID-03646,C-ID-1010,,MCV2,2025-05-14,F-01
E-ID-03647,C-ID-1011,,BCG,2025-07-12,F-01
E-ID-03648,C-ID-1011,,DTP1,2025-08-12,F-01
E-ID-03649,C-ID-1011,,DTP2,2025-09-18,F-01
E-ID-03650,C-ID-1011,,DTP3,2025-10-19,F-01
E-ID-03651,C-ID-1011,,MCV1,2026-04-07,F-01
E-ID-03652,C-ID-1012,,BCG,2026-08-14,F-02
E-ID-03657,C-ID-1014,,BCG,2024-07-29,F-04
E-ID-03658,C-ID-1014,,DTP1,2024-08-20,F-04
E-ID-03659,C-ID-1014,,DTP3,2024-11-07,F-04
E-ID-03660,C-ID-1014,,MCV1,2025-04-26,F-04
E-ID-03661,C-ID-1014,,MCV2,2025-12-27,F-04
E-ID-03662,C-ID-1015,,BCG,2024-01-24,F-01
E-ID-03663,C-ID-1015,,DTP1,2024-03-12,F-01
E-ID-03664,C-ID-1015,,DTP2,2024-04-04,F-01
E-ID-03665,C-ID-1015,,DTP3,2024-04-16,F-01
E-ID-03666,C-ID-1015,,MCV1,2024-10-22,F-01
E-ID-03667,C-ID-1015,,MCV2,2025-07-29,F-01
E-ID-03668,C-ID-1016,,BCG,2026-06-03,F-01
E-ID-03669,C-ID-1016,,DTP1,2026-07-18,F-01
E-ID-03671,C-ID-1018,,BCG,2026-05-15,F-01
E-ID-03672,C-ID-1018,,DTP2,2026-07-19,F-01
E-ID-03673,C-ID-1018,,DTP3,2026-08-12,F-01
E-ID-03674,C-ID-1019,,BCG,2024-07-02,F-04
E-ID-03675,C-ID-1019,,DTP2,2024-08-31,F-04
E-ID-03676,C-ID-1020,,DTP3,2024-10-19,F-01
E-ID-03677,C-ID-1020,,MCV1,2025-03-20,F-01
E-ID-03681,C-ID-1022,,BCG,2024-12-06,F-01
E-ID-03682,C-ID-1022,,DTP1,2025-01-14,F-01
E-ID-03685,C-ID-1024,,BCG,2026-01-27,F-01
E-ID-03686,C-ID-1024,,DTP2,2026-04-07,F-01
E-ID-03687,C-ID-1024,,DTP3,2026-05-09,F-01
E-ID-03688,C-ID-1025,,DTP1,2025-04-07,F-02
E-ID-03689,C-ID-1025,,DTP3,2025-06-02,F-02
E-ID-03690,C-ID-1026,,MCV1,2025-11-01,F-01
E-ID-03691,C-ID-1026,,MCV2,2026-08-06,F-01
E-ID-03692,C-ID-1027,,BCG,2025-07-23,F-01
E-ID-03693,C-ID-1027,,DTP2,2025-09-30,F-01
E-ID-03694,,John Keita,DTP3,2025-11-22,F-01
E-ID-03695,C-ID-1028,,BCG,2024-01-29,F-01
E-ID-03696,C-ID-1028,,DTP1,2024-02-26,F-01
E-ID-03697,C-ID-1028,,DTP2,2024-03-28,F-01
E-ID-03698,C-ID-1028,,DTP3,2024-05-03,F-01
E-ID-03699,C-ID-1028,,MCV1,2024-10-22,F-01
E-ID-03700,C-ID-1029,,BCG,2026-03-03,F-04
E-ID-03701,C-ID-1029,,DTP1,2026-04-07,F-04
E-ID-03702,C-ID-1029,,DTP2,2026-05-21,F-04
E-ID-03703,C-ID-1029,,DTP3,2026-05-28,F-04
E-ID-03704,C-ID-1030,,BCG,2025-11-26,F-01
E-ID-03705,C-ID-1030,,DTP1,2025-12-31,F-01
E-ID-03706,C-ID-1030,,DTP2,2026-02-06,F-01
E-ID-03707,C-ID-1030,,DTP3,2026-03-18,F-01
E-ID-03708,C-ID-1030,,MCV1,2026-08-29,F-01
E-ID-03711,C-ID-1032,,DTP2,2026-05-24,F-01
E-ID-03712,C-ID-1032,,DTP3,2026-07-08,F-01
E-ID-03713,C-ID-1033,,BCG,2025-04-03,F-01
E-ID-03714,C-ID-1033,,DTP1,2025-04-27,F-01
E-ID-03715,C-ID-1033,,DTP2,2025-05-29,F-01
E-ID-03716,C-ID-1033,,DTP3,2025-06-16,F-01
E-ID-03717,C-ID-1033,,MCV1,2025-12-02,F-01
E-ID-03718,C-ID-1033,,MCV2,2026-08-31,F-01
E-ID-03725,C-ID-1035,,BCG,2024-12-26,F-02
E-ID-03726,C-ID-1035,,DTP1,2025-02-06,F-02
E-ID-03727,C-ID-1035,,DTP2,2025-03-03,F-02
E-ID-03728,C-ID-1035,,DTP3,2025-04-04,F-02
E-ID-03729,C-ID-1035,,MCV1,2025-09-16,F-02
E-ID-03730,C-ID-1036,,BCG,2024-09-19,F-04
E-ID-03731,C-ID-1036,,DTP1,2024-10-20,F-04
E-ID-03732,C-ID-1036,,DTP2,2024-12-11,F-04
E-ID-03733,C-ID-1036,,MCV1,2025-06-08,F-04
E-ID-03734,C-ID-1037,,BCG,2024-04-01,F-02
E-ID-03735,C-ID-1037,,DTP1,2024-05-04,F-02
E-ID-03736,C-ID-1037,,DTP3,2024-07-03,F-02
E-ID-03737,C-ID-1037,,MCV1,2024-12-26,F-02
E-ID-03738,,Sarah Kamara,BCG,2024-01-03,F-01
E-ID-03739,C-ID-1038,,DTP2,2024-03-04,F-01
E-ID-03740,C-ID-1038,,DTP3,2024-04-06,F-01
E-ID-03741,C-ID-1038,,MCV1,2024-09-28,F-01
E-ID-03742,C-ID-1038,,MCV2,2025-05-28,F-01
E-ID-03743,C-ID-1039,,BCG,2024-08-09,F-01
E-ID-03744,C-ID-1039,,DTP1,2024-10-07,F-01
E-ID-03745,,Grace Toure,DTP2,2024-10-23,F-01
E-ID-03746,C-ID-1039,,DTP3,2024-12-04,F-01
E-ID-03747,C-ID-1039,,MCV1,2025-05-01,F-01
E-ID-03748,C-ID-1040,,BCG,2025-08-06,F-04
E-ID-03749,C-ID-1040,,DTP1,2025-09-03,F-04
E-ID-03750,C-ID-1040,,DTP2,2025-10-15,F-04
E-ID-03751,C-ID-1040,,DTP3,2025-10-28,F-04
E-ID-03752,C-ID-1040,,MCV1,2026-04-23,F-04
E-ID-03753,C-ID-1041,,BCG,2025-10-30,F-01
E-ID-03754,C-ID-1041,,DTP1,2025-11-28,F-01
E-ID-03755,C-ID-1041,,DTP2,2026-01-12,F-01
E-ID-03756,C-ID-1041,,MCV1,2026-07-18,F-01
E-ID-03757,C-ID-1042,,BCG,2025-11-05,F-01
E-ID-03758,C-ID-1042,,DTP1,2025-12-06,F-01
E-ID-03759,C-ID-1042,,DTP2,2026-01-04,F-01
E-ID-03760,C-ID-1042,,DTP3,2026-02-06,F-01
E-ID-03761,C-ID-1043,,BCG,2023-12-02,F-01
E-ID-03762,C-ID-1043,,DTP2,2024-02-04,F-01
E-ID-03763,C-ID-1043,,DTP3,2024-03-18,F-01
E-ID-03764,C-ID-1043,,MCV1,2024-08-22,F-01
E-ID-03765,C-ID-1043,,MCV2,2025-05-23,F-01
E-ID-03766,C-ID-1044,,BCG,2024-06-26,F-01
E-ID-03767,C-ID-1044,,DTP1,2024-07-22,F-01
E-ID-03768,C-ID-1044,,DTP3,2024-09-15,F-01
E-ID-03769,C-ID-1045,,BCG,2024-12-30,F-01
E-ID-03770,C-ID-1045,,DTP1,2025-02-06,F-01
E-ID-03771,C-ID-1045,,DTP2,2025-03-08,F-01
E-ID-03772,C-ID-1046,,BCG,2023-11-30,F-01
E-ID-03773,C-ID-1046,,DTP1,2023-12-31,F-01
E-ID-03774,C-ID-1046,,DTP2,2024-01-27,F-01
E-ID-03775,C-ID-1046,,DTP3,2024-03-18,F-01
E-ID-03776,C-ID-1046,,MCV2,2025-05-04,F-01
E-ID-03777,C-ID-1047,,BCG,2026-04-29,F-01
E-ID-03778,C-ID-1047,,DTP1,2026-06-04,F-01
E-ID-03779,,John Toure,DTP2,2026-07-03,F-01
E-ID-03780,C-ID-1048,,DTP1,2024-11-03,F-04
E-ID-03781,C-ID-1048,,MCV1,2025-06-01,F-04
E-ID-03782,C-ID-1049,,BCG,2024-01-04,F-01
E-ID-03783,C-ID-1049,,DTP2,2024-03-19,F-01
E-ID-03784,C-ID-1049,,DTP3,2024-04-19,F-01
E-ID-03785,C-ID-1049,,MCV1,2024-09-21,F-01
E-ID-03791,C-ID-1051,,BCG,2025-09-14,F-04
E-ID-03792,C-ID-1051,,DTP2,2025-11-23,F-04
E-ID-03793,C-ID-1052,,DTP3,2026-01-06,F-05
E-ID-03794,C-ID-1052,,MCV1,2026-06-11,F-05
E-ID-03795,C-ID-1053,,DTP1,2025-08-10,F-04
E-ID-03796,C-ID-1053,,DTP2,2025-09-26,F-04
E-ID-03798,C-ID-1055,,BCG,2025-05-04,F-02
E-ID-03799,C-ID-1055,,DTP1,2025-05-29,F-02
E-ID-03800,C-ID-1055,,MCV1,2026-01-15,F-02
E-ID-03801,,Kofi Sow,BCG,2025-10-11,F-01
E-ID-03802,C-ID-1056,,DTP1,2025-11-27,F-01
E-ID-03803,C-ID-1056,,DTP2,2025-11-30,F-01
E-ID-03804,C-ID-1056,,DTP3,2026-01-06,F-01
E-ID-03805,C-ID-1056,,MCV1,2026-06-29,F-01
E-ID-03806,C-ID-1057,,BCG,2026-01-10,F-02
E-ID-03807,C-ID-1057,,DTP1,2026-02-12,F-02
E-ID-03810,C-ID-1059,,BCG,2024-09-04,F-02
E-ID-03811,C-ID-1059,,DTP1,2024-09-25,F-02
E-ID-03812,C-ID-1059,,DTP2,2024-10-24,F-02
E-ID-03813,C-ID-1060,,DTP3,2024-11-23,F-04
E-ID-03814,C-ID-1060,,MCV1,2025-06-04,F-04
E-ID-03819,C-ID-1062,,BCG,2026-01-17,F-01
E-ID-03820,C-ID-1062,,DTP1,2026-03-22,F-01
E-ID-03821,C-ID-1062,,DTP2,2026-04-01,F-01
E-ID-03822,C-ID-1062,,DTP3,2026-05-15,F-01
E-ID-03823,C-ID-1063,,BCG,2024-08-21,F-02
E-ID-03824,C-ID-1063,,DTP1,2024-10-02,F-02
E-ID-03825,C-ID-1063,,DTP2,2024-10-30,F-02
E-ID-03826,C-ID-1064,,DTP3,2024-11-07,F-01
E-ID-03827,C-ID-1064,,MCV1,2025-05-13,F-01
E-ID-03828,C-ID-1064,,MCV2,2026-02-05,F-01
E-ID-03829,C-ID-1065,,BCG,2025-09-28,F-04
E-ID-03830,C-ID-1065,,DTP2,2025-12-30,F-04
E-ID-03831,C-ID-1065,,DTP3,2026-01-30,F-04
E-ID-03832,C-ID-1065,,MCV1,2026-07-09,F-04
E-ID-03833,C-ID-1066,,BCG,2024-04-20,F-04
E-ID-03834,C-ID-1066,,DTP1,2024-05-30,F-04
E-ID-03835,C-ID-1066,,DTP2,2024-06-17,F-04
E-ID-03836,C-ID-1066,,DTP3,2024-07-20,F-04
E-ID-03837,C-ID-1066,,MCV1,2025-01-13,F-04
E-ID-03838,C-ID-1066,,MCV2,2025-10-20,F-04
E-ID-03839,C-ID-1067,,DTP1,2026-04-09,F-02
E-ID-03840,C-ID-1067,,DTP2,2026-04-24,F-02
E-ID-03841,,Mariam Diallo,BCG,2024-03-29,F-04
E-ID-03842,C-ID-1068,,DTP1,2024-05-10,F-04
E-ID-03843,C-ID-1068,,DTP2,2024-06-21,F-04
E-ID-03844,C-ID-1068,,MCV1,2025-01-05,F-04
E-ID-03845,C-ID-1068,,MCV2,2025-10-04,F-04
E-ID-03846,C-ID-1069,,BCG,2024-08-07,F-01
E-ID-03847,C-ID-1069,,DTP1,2024-10-02,F-01
E-ID-03848,C-ID-1069,,DTP2,2024-10-31,F-01
E-ID-03852,C-ID-1071,,BCG,2024-09-15,F-02
E-ID-03853,C-ID-1071,,DTP2,2024-11-26,F-02
E-ID-03854,C-ID-1071,,DTP3,2025-01-15,F-02
E-ID-03855,C-ID-1072,,MCV1,2025-06-14,F-04
E-ID-03856,C-ID-1072,,MCV2,2026-04-03,F-04
E-ID-03857,C-ID-1073,,BCG,2026-05-26,F-04
E-ID-03858,C-ID-1074,,DTP2,2026-08-16,F-02
E-ID-03859,C-ID-1075,,BCG,2024-12-10,F-04
E-ID-03860,C-ID-1075,,DTP2,2025-03-11,F-04
E-ID-03861,C-ID-1075,,DTP3,2025-03-21,F-04
E-ID-03862,C-ID-1076,,BCG,2025-01-23,F-04
E-ID-03863,C-ID-1076,,DTP1,2025-03-02,F-04
E-ID-03864,C-ID-1076,,DTP2,2025-04-01,F-04
E-ID-03865,C-ID-1076,,MCV1,2025-10-14,F-04
E-ID-03866,C-ID-1076,,MCV2,2026-07-07,F-04
E-ID-03867,C-ID-1077,,BCG,2024-02-22,F-02
E-ID-03868,C-ID-1077,,DTP1,2024-04-19,F-02
E-ID-03869,C-ID-1077,,DTP2,2024-05-10,F-02
E-ID-03870,C-ID-1077,,MCV1,2024-12-01,F-02
E-ID-03871,C-ID-1077,,MCV2,2025-08-24,F-02
E-ID-03872,C-ID-1078,,BCG,2026-06-10,F-04
E-ID-03873,C-ID-1078,,DTP1,2026-07-21,F-04
E-ID-03874,C-ID-1079,,DTP2,2026-08-04,F-01
E-ID-03875,C-ID-1080,,BCG,2025-05-28,F-01
E-ID-03876,C-ID-1080,,DTP1,2025-08-04,F-01
E-ID-03877,C-ID-1080,,DTP2,2025-08-25,F-01
E-ID-03878,C-ID-1080,,DTP3,2025-09-24,F-01
E-ID-03879,,Ibrahim Ali,MCV1,2026-02-22,F-01
E-ID-03880,C-ID-1081,,BCG,2026-07-21,F-02
E-ID-03881,C-ID-1082,,DTP1,2026-08-04,F-05
E-ID-03882,C-ID-1083,,BCG,2023-11-02,F-02
E-ID-03883,C-ID-1083,,DTP1,2023-12-05,F-02
E-ID-03884,C-ID-1083,,DTP2,2023-12-21,F-02
E-ID-03885,C-ID-1083,,DTP3,2024-01-30,F-02
E-ID-03886,C-ID-1083,,MCV2,2025-04-09,F-02
E-ID-03887,C-ID-1084,,BCG,2025-12-17,F-01
E-ID-03888,C-ID-1084,,DTP2,2026-02-07,F-01
E-ID-03889,C-ID-1084,,DTP3,2026-03-04,F-01
E-ID-03890,C-ID-1085,,BCG,2026-08-02,F-04
E-ID-03894,C-ID-1087,,BCG,2025-08-01,F-04
E-ID-03895,C-ID-1087,,DTP1,2025-08-25,F-04
E-ID-03896,C-ID-1087,,DTP2,2025-09-23,F-04
E-ID-03897,C-ID-1087,,DTP3,2025-10-20,F-04
E-ID-03898,C-ID-1087,,MCV1,2026-04-16,F-04
E-ID-03899,C-ID-1088,,BCG,2026-02-16,F-01
E-ID-03900,C-ID-1088,,DTP1,2026-03-17,F-01
E-ID-03901,C-ID-1088,,DTP2,2026-04-28,F-01
E-ID-03902,C-ID-1088,,DTP3,2026-05-26,F-01
E-ID-03903,C-ID-1089,,BCG,2024-07-19,F-02
E-ID-03904,C-ID-1089,,DTP1,2024-09-19,F-02
E-ID-03905,C-ID-1089,,DTP2,2024-10-02,F-02
E-ID-03906,C-ID-1089,,DTP3,2024-11-05,F-02
E-ID-03907,C-ID-1089,,MCV1,2025-04-10,F-02
E-ID-03908,C-ID-1089,,MCV2,2026-01-08,F-02
E-ID-03913,C-ID-1091,,BCG,2025-11-27,F-02
E-ID-03914,C-ID-1091,,DTP1,2026-01-23,F-02
E-ID-03915,C-ID-1091,,DTP2,2026-02-09,F-02
E-ID-03916,C-ID-1091,,DTP3,2026-03-03,F-02
E-ID-03917,C-ID-1091,,MCV1,2026-08-19,F-02
E-ID-03918,C-ID-1092,,BCG,2025-06-18,F-01
E-ID-03919,C-ID-1092,,DTP1,2025-07-12,F-01
E-ID-03920,C-ID-1092,,DTP3,2025-09-06,F-01
E-ID-03921,C-ID-1092,,MCV1,2026-03-08,F-01
E-ID-03922,C-ID-1093,,BCG,2024-05-16,F-01
E-ID-03923,C-ID-1093,,DTP1,2024-06-06,F-01
E-ID-03924,C-ID-1093,,DTP3,2024-08-11,F-01
E-ID-03925,C-ID-1093,,MCV1,2025-02-02,F-01
E-ID-03926,C-ID-1094,,BCG,2025-12-15,F-01
E-ID-03927,C-ID-1094,,DTP2,2026-02-28,F-01
E-ID-03928,C-ID-1095,,DTP3,2026-04-12,F-04
E-ID-03929,C-ID-1096,,BCG,2025-11-03,F-01
E-ID-03930,C-ID-1096,,DTP1,2025-12-07,F-01
E-ID-03931,C-ID-1096,,DTP2,2026-01-04,F-01
E-ID-03932,C-ID-1096,,DTP3,2026-02-07,F-01
E-ID-03933,C-ID-1096,,MCV1,2026-08-09,F-01
E-ID-03937,C-ID-1098,,DTP3,2025-09-06,F-05
E-ID-03938,C-ID-1098,,MCV1,2026-02-24,F-05
E-ID-03939,C-ID-1099,,BCG,2024-09-16,F-04
E-ID-03940,C-ID-1099,,DTP1,2024-10-28,F-04
E-ID-03941,C-ID-1099,,DTP2,2024-11-02,F-04
E-ID-03942,C-ID-1099,,DTP3,2024-12-09,F-04
E-ID-03943,C-ID-1099,,MCV1,2025-05-26,F-04
E-ID-03944,C-ID-1099,,MCV2,2026-03-07,F-04
E-ID-03945,C-ID-1100,,BCG,2024-02-19,F-01
E-ID-03946,C-ID-1100,,DTP1,2024-03-17,F-01
E-ID-03947,C-ID-1100,,DTP2,2024-04-17,F-01
E-ID-03948,C-ID-1100,,DTP3,2024-05-28,F-01
E-ID-03949,C-ID-1100,,MCV1,2024-11-12,F-01
E-ID-03950,C-ID-1100,,MCV2,2025-07-31,F-01
E-ID-03951,C-ID-1101,,BCG,2023-11-08,F-01
E-ID-03952,C-ID-1101,,DTP1,2023-12-09,F-01
E-ID-03953,C-ID-1101,,DTP3,2024-02-06,F-01
E-ID-03954,C-ID-1101,,MCV1,2024-07-12,F-01
E-ID-03955,C-ID-1102,,BCG,2026-02-27,F-04
E-ID-03956,C-ID-1102,,DTP1,2026-03-28,F-04
E-ID-03957,C-ID-1103,,DTP2,2026-04-16,F-05
E-ID-03958,C-ID-1103,,DTP3,2026-06-13,F-05
E-ID-03959,,Aisha Diallo,BCG,2024-09-19,F-04
E-ID-03960,C-ID-1104,,DTP2,2024-11-27,F-04
E-ID-03961,C-ID-1104,,MCV1,2025-06-25,F-04
E-ID-03962,C-ID-1105,,BCG,2026-07-17,F-04
E-ID-03963,C-ID-1105,,DTP1,2026-08-03,F-04
E-ID-03964,C-ID-1106,,BCG,2026-03-16,F-04
E-ID-03965,C-ID-1106,,DTP1,2026-04-20,F-04
E-ID-03966,C-ID-1106,,DTP2,2026-05-11,F-04
E-ID-03967,C-ID-1106,,DTP3,2026-06-01,F-04
E-ID-03968,C-ID-1107,,BCG,2023-12-13,F-02
E-ID-03969,C-ID-1107,,DTP1,2024-02-09,F-02
E-ID-03970,C-ID-1107,,DTP2,2024-03-09,F-02
E-ID-03971,,Samuel Ali,DTP3,2024-04-04,F-02
E-ID-03972,,Samuel Ali,MCV2,2025-06-18,F-02
E-ID-03973,C-ID-1108,,BCG,2025-02-16,F-01
E-ID-03974,C-ID-1108,,DTP2,2025-04-11,F-01
E-ID-03975,C-ID-1108,,DTP3,2025-05-13,F-01
E-ID-03976,,Ibrahim Osei,MCV1,2025-11-14,F-01
E-ID-03977,C-ID-1108,,MCV2,2026-07-15,F-01
E-ID-03978,C-ID-1109,,BCG,2024-10-31,F-04
E-ID-03979,C-ID-1109,,DTP1,2024-12-07,F-04
E-ID-03980,C-ID-1109,,DTP2,2025-01-12,F-04
E-ID-03981,C-ID-1109,,DTP3,2025-02-24,F-04
E-ID-03982,C-ID-1109,,MCV1,2025-08-07,F-04
E-ID-03983,C-ID-1109,,MCV2,2026-04-30,F-04
E-ID-03984,C-ID-1110,,BCG,2025-08-10,F-01
E-ID-03985,C-ID-1110,,DTP1,2025-09-14,F-01
E-ID-03986,C-ID-1110,,DTP2,2025-10-24,F-01
E-ID-03987,,Amina Keita,DTP3,2025-12-01,F-01
E-ID-03988,C-ID-1110,,MCV1,2026-05-20,F-01
E-ID-03989,C-ID-1111,,DTP1,2026-02-17,F-02
E-ID-03990,C-ID-1111,,DTP2,2026-03-18,F-02
E-ID-03991,C-ID-1111,,DTP3,2026-04-03,F-02
E-ID-03992,C-ID-1112,,BCG,2026-02-13,F-02
E-ID-03993,C-ID-1112,,DTP1,2026-04-05,F-02
E-ID-03994,C-ID-1112,,DTP2,2026-04-23,F-02
E-ID-03995,C-ID-1112,,DTP3,2026-06-10,F-02
E-ID-03996,C-ID-1113,,BCG,2025-08-07,F-01
E-ID-03997,C-ID-1113,,DTP1,2025-10-10,F-01
E-ID-03998,,Muhammad Toure,DTP2,2025-10-12,F-01
E-ID-03999,C-ID-1113,,DTP3,2025-11-14,F-01
E-ID-04000,C-ID-1113,,MCV1,2026-05-14,F-01
E-ID-04001,C-ID-1114,,BCG,2025-11-19,F-01
E-ID-04002,C-ID-1114,,DTP1,2025-12-01,F-01
E-ID-04003,C-ID-1114,,DTP2,2026-01-05,F-01
E-ID-04004,C-ID-1114,,DTP3,2026-02-15,F-01
E-ID-04005,C-ID-1114,,MCV1,2026-08-08,F-01
E-ID-04006,C-ID-1115,,BCG,2025-07-15,F-04
E-ID-04007,C-ID-1115,,DTP1,2025-08-05,F-04
E-ID-04008,C-ID-1115,,DTP2,2025-09-24,F-04
E-ID-04009,C-ID-1115,,DTP3,2025-09-26,F-04
E-ID-04010,C-ID-1115,,MCV1,2026-03-22,F-04
E-ID-04016,C-ID-1117,,DTP1,2026-05-27,F-01
E-ID-04017,C-ID-1118,,DTP2,2026-06-08,F-04
E-ID-04018,C-ID-1119,,BCG,2026-01-13,F-01
E-ID-04019,C-ID-1119,,DTP1,2026-02-28,F-01
E-ID-04020,C-ID-1119,,DTP3,2026-04-28,F-01
E-ID-04026,C-ID-1121,,BCG,2025-09-23,F-04
E-ID-04027,C-ID-1121,,DTP1,2025-10-12,F-04
E-ID-04028,C-ID-1121,,DTP2,2025-12-01,F-04
E-ID-04029,C-ID-1121,,MCV1,2026-05-24,F-04
E-ID-04030,C-ID-1122,,BCG,2024-12-24,F-01
E-ID-04031,C-ID-1122,,DTP1,2025-02-23,F-01
E-ID-04032,C-ID-1122,,DTP3,2025-04-01,F-01
E-ID-04033,C-ID-1122,,MCV1,2025-09-24,F-01
E-ID-04034,C-ID-1122,,MCV2,2026-06-28,F-01
E-ID-04035,C-ID-1123,,BCG,2025-03-19,F-01
E-ID-04036,C-ID-1123,,DTP1,2025-04-27,F-01
E-ID-04037,C-ID-1123,,DTP2,2025-06-05,F-01
E-ID-04038,C-ID-1123,,DTP3,2025-07-15,F-01
E-ID-04039,C-ID-1123,,MCV1,2026-01-05,F-01
E-ID-04040,C-ID-1124,,BCG,2026-06-05,F-04
E-ID-04041,C-ID-1125,,BCG,2025-12-18,F-02
E-ID-04042,C-ID-1125,,DTP1,2026-01-27,F-02
E-ID-04043,C-ID-1125,,DTP2,2026-02-20,F-02
E-ID-04044,,Kwame Mensah,DTP3,2026-03-25,F-02
E-ID-04048,C-ID-1127,,BCG,2025-04-08,F-04
E-ID-04049,C-ID-1127,,DTP1,2025-05-04,F-04
E-ID-04050,,Grace Johnson,DTP3,2025-07-19,F-04
E-ID-04051,C-ID-1127,,MCV1,2025-12-17,F-04
E-ID-04052,C-ID-1128,,BCG,2026-07-28,F-04
E-ID-04053,C-ID-1129,,BCG,2024-04-28,F-01
E-ID-04054,C-ID-1129,,DTP1,2024-06-13,F-01
E-ID-04055,C-ID-1129,,DTP2,2024-07-14,F-01
E-ID-04056,C-ID-1129,,MCV1,2025-01-12,F-01
E-ID-04057,C-ID-1129,,MCV2,2025-10-11,F-01
E-ID-04058,C-ID-1130,,BCG,2026-03-09,F-04
E-ID-04059,,Aisha Ali,DTP2,2026-05-29,F-04
E-ID-04060,C-ID-1130,,DTP3,2026-06-09,F-04
E-ID-04061,C-ID-1131,,BCG,2024-08-21,F-04
E-ID-04062,C-ID-1131,,DTP1,2024-09-30,F-04
E-ID-04063,C-ID-1131,,DTP2,2024-10-20,F-04
E-ID-04064,C-ID-1131,,DTP3,2024-11-26,F-04
E-ID-04065,C-ID-1131,,MCV1,2025-05-05,F-04
E-ID-04066,C-ID-1131,,MCV2,2026-02-09,F-04
E-ID-04067,C-ID-1132,,BCG,2025-07-14,F-04
E-ID-04068,C-ID-1132,,DTP1,2025-09-12,F-04
E-ID-04069,C-ID-1132,,DTP2,2025-10-05,F-04
E-ID-04070,C-ID-1132,,DTP3,2025-10-17,F-04
E-ID-04071,C-ID-1132,,MCV1,2026-04-05,F-04
E-ID-04076,C-ID-1134,,DTP1,2026-07-05,F-04
E-ID-04077,C-ID-1134,,DTP2,2026-08-25,F-04
E-ID-04078,C-ID-1135,,BCG,2026-01-19,F-04
E-ID-04079,C-ID-1135,,DTP1,2026-02-02,F-04
E-ID-04080,C-ID-1135,,DTP2,2026-03-07,F-04
E-ID-04081,C-ID-1136,,BCG,2025-08-31,F-02
E-ID-04082,C-ID-1136,,DTP1,2025-10-15,F-02
E-ID-04083,C-ID-1136,,DTP2,2025-11-20,F-02
E-ID-04084,C-ID-1136,,MCV1,2026-06-06,F-02
E-ID-04085,C-ID-1137,,BCG,2025-05-09,F-02
E-ID-04086,C-ID-1137,,DTP1,2025-06-28,F-02
E-ID-04087,C-ID-1137,,DTP2,2025-07-25,F-02
E-ID-04088,C-ID-1137,,DTP3,2025-08-07,F-02
E-ID-04089,C-ID-1138,,BCG,2025-03-29,F-04
E-ID-04090,C-ID-1138,,DTP1,2025-05-17,F-04
E-ID-04091,,Muhammad Ali,DTP2,2025-05-25,F-04
E-ID-04092,C-ID-1138,,MCV1,2025-12-04,F-04
E-ID-04093,C-ID-1138,,MCV2,2026-09-02,F-04
E-ID-04094,C-ID-1139,,BCG,2024-03-23,F-01
E-ID-04095,C-ID-1139,,DTP1,2024-04-24,F-01
E-ID-04096,,John Kamara,DTP2,2024-06-11,F-01
E-ID-04097,C-ID-1139,,MCV1,2024-12-25,F-01
E-ID-04098,C-ID-1140,,BCG,2026-06-04,F-02
E-ID-04099,C-ID-1140,,DTP1,2026-07-02,F-02
E-ID-04100,C-ID-1140,,DTP2,2026-08-03,F-02
E-ID-04101,C-ID-1140,,DTP3,2026-08-15,F-02
E-ID-04102,C-ID-1141,,BCG,2026-07-29,F-04
E-ID-04103,C-ID-1142,,BCG,2024-03-31,F-04
E-ID-04104,,Samuel Kamara,DTP2,2024-06-20,F-04
E-ID-04105,C-ID-1142,,DTP3,2024-07-09,F-04
E-ID-04106,C-ID-1142,,MCV1,2024-12-25,F-04
E-ID-04107,C-ID-1142,,MCV2,2025-09-25,F-04
E-ID-04112,C-ID-1144,,BCG,2024-09-23,F-01
E-ID-04113,,Moussa Smith,DTP1,2024-11-28,F-01
E-ID-04114,C-ID-1144,,DTP2,2024-12-18,F-01
E-ID-04115,C-ID-1144,,DTP3,2024-12-29,F-01
E-ID-04116,C-ID-1144,,MCV1,2025-06-19,F-01
E-ID-04117,C-ID-1145,,BCG,2024-07-26,F-02
E-ID-04118,C-ID-1146,,BCG,2024-07-26,F-02
E-ID-04121,C-ID-1149,,BCG,2024-07-13,F-01
E-ID-04122,C-ID-1150,,BCG,2025-07-08,F-01
E-ID-04123,C-ID-1151,,BCG,2025-01-06,F-01
E-ID-04124,C-ID-1152,,BCG,2025-01-06,F-01
E-ID-04125,C-ID-1153,,BCG,2024-07-15,F-04
E-ID-04126,C-ID-1154,,BCG,2025-07-10,F-04
E-ID-04127,C-ID-1155,,BCG,2024-08-28,F-04
E-ID-04128,C-ID-1156,,BCG,2025-08-23,F-04
E-ID-04129,C-ID-1157,,BCG,2024-09-09,F-02
E-ID-04130,C-ID-1158,,BCG,2024-09-09,F-02
E-ID-04131,C-ID-1159,,BCG,2025-01-10,F-02
E-ID-04132,C-ID-1160,,BCG,2025-01-10,F-02
E-ID-04133,C-ID-1161,,BCG,2024-10-15,F-04
E-ID-04134,C-ID-1162,,BCG,2024-10-15,F-04
E-ID-04137,C-ID-1165,,BCG,2025-01-04,F-02
E-ID-04138,C-ID-1166,,BCG,2025-12-30,F-02
E-ID-04139,C-ID-1167,,BCG,2024-12-15,F-04
E-ID-04140,C-ID-1168,,BCG,2025-12-10,F-04
E-ID-04143,C-ID-1171,,BCG,2025-04-08,F-04
E-ID-04144,C-ID-1172,,BCG,2026-04-03,F-04
E-ID-04145,C-ID-1173,,BCG,2025-06-10,F-04
E-ID-04146,C-ID-1174,,BCG,2025-06-10,F-04
E-ID-04149,C-ID-1177,,BCG,2025-08-05,F-04
E-ID-04150,C-ID-1178,,BCG,2025-08-05,F-04
E-ID-04151,C-ID-1179,,BCG,2024-10-23,F-02
E-ID-04152,C-ID-1180,,BCG,2025-10-18,F-02
E-ID-04153,C-ID-1181,,BCG,2024-07-02,F-04
E-ID-04154,C-ID-1182,,BCG,2024-07-02,F-04
E-ID-04155,C-ID-1183,,BCG,2025-08-04,F-01
E-ID-04156,C-ID-1184,,BCG,2026-07-30,F-01
